classification,count(*)
existing_proof_support_confirmed,345
proof_completion_unconfirmed,39937
current_evidence,inheritance_action,count(*)
INDEPENDENTLY_REVIEWED_ANALYTIC,QUALIFIED_SUCCESSOR_ADOPTED,13
historical_candidate_only,IMPORTED_NOT_REPROVED,152
historical_exact_declaration_scope_reviewed,PRESERVE_EXACT_SOURCE_SCOPE_NO_REEXECUTION,4
historical_record_only,IMPORTED_NOT_REPROVED,40278
source_excerpt_reviewed_successor_separately_adjudicated,HOLD_MISSING_PHYSICAL_BRIDGE,1
source_excerpt_reviewed_successor_separately_adjudicated,HOLD_SOURCE_DEFINITIONS,1
source_excerpt_reviewed_successor_separately_adjudicated,INHERIT_CONDITIONAL_CEILING_SURFACE,1
source_excerpt_reviewed_successor_separately_adjudicated,INHERIT_CONDITIONAL_OPERATOR_RESULT,1
source_excerpt_reviewed_successor_separately_adjudicated,INHERIT_EXACT_LAW_NO_GO,1
source_excerpt_reviewed_successor_separately_adjudicated,INHERIT_PREMISE_BRANCHING,1
source_excerpt_reviewed_successor_separately_adjudicated,INHERIT_STACKED_RESPONSE_CONDITION,1
source_excerpt_reviewed_successor_separately_adjudicated,REJECT_UNIVERSAL_RATIO,1
source_excerpt_reviewed_successor_separately_adjudicated,REOPEN_THEOREM,1
source_excerpt_reviewed_successor_separately_adjudicated,REOPEN_TRANSFER_AND_DEPTH,1
source_excerpt_reviewed_successor_separately_adjudicated,REOPEN_UNIQUENESS_AND_SCOPE,1
source_excerpt_reviewed_successor_separately_adjudicated,REPLACE_FALSE_SUFFICIENT_CONDITION,1
source_excerpt_reviewed_successor_separately_adjudicated,REPLACE_FINITE_UNION_CLAIM,1
source_excerpt_reviewed_successor_separately_adjudicated,RESTRICT_AND_REOPEN_RESPONSE,1
source_excerpt_reviewed_successor_separately_adjudicated,RESTRICT_DOMAIN_AND_LAW,1
source_excerpt_reviewed_successor_separately_adjudicated,RESTRICT_EXACT_RANK_SCOPE,1
source_excerpt_reviewed_successor_separately_adjudicated,RESTRICT_TO_TYPED_FRAME_BRIDGE,1
source_excerpt_reviewed_successor_separately_adjudicated,STRENGTHEN_FIBER_MINIMUM,1
source_excerpt_reviewed_successor_separately_adjudicated,STRENGTHEN_JOINT_STATE_MAPPING,2
anchor_id,proposed_id,title,source_path,inheritance_action,successor_ids_json
role-229717dd6ca7353f,T1,"T1. Nuisance-projected local identifiability theorem",docs/audits/external_research_inputs_2026-06-20/htt_publishable_novel_analysis_program_2026-06-19.zip!/htt_publishable_novel_analysis_program_2026-06-19/docs/04_theorem_candidates_and_proofs.md,RESTRICT_DOMAIN_AND_LAW,"[""TF-S4"",""TF-C2""]"
role-2547259daf5ad54c,T-P18,"T-P18 — Common latent joint region",external_fusion_round3/docs/08_THEOREM_PROOF_BACKLOG_EXTERNAL_FUSION.md,STRENGTHEN_JOINT_STATE_MAPPING,"[""TF-S1"",""TF-S2""]"
role-2704b6f24d18dbee,S2,"S2 — information-to-MES transduction",docs/audits/external_research_inputs_2026-06-20/htt_beyond_mes_egs_theorem_program_2026-06-19.zip!/htt_beyond_mes_egs_theorem_program_2026-06-19/docs/12_consolidated_theorem_statements.md,HOLD_MISSING_PHYSICAL_BRIDGE,"[""TF-W1"",""TF-S3""]"
role-2a9e444fd4a3f8ab,NT-B2,"NT-B2 — Vorticity-EGS + Frobenius joint (Σ²,W²) bound  [Conditional; analytic]",egs_theorem_program.zip!/04_THEOREM_CANDIDATES.md,REJECT_UNIVERSAL_RATIO,"[""TF-C3"",""TF-P1"",""TF-P2""]"
role-3967c97bf66cb4b1,T2-MES-BRANCH,"T2-MES-BRANCH — Source-exact MES branch hierarchy",htt_external_fusion_round3_20260722.zip!/htt_external_fusion_round3_20260722/context/round2/docs/06_THEOREM_PROOF_BACKLOG_ROUND2.md,INHERIT_PREMISE_BRANCHING,"[""TF-P2"",""TF-P3"",""TF-W1""]"
role-5c1e239533655199,T-BOOST-TILT-BRIDGE,"T-BOOST-TILT-BRIDGE — Boost/tilt/fingerprint normalization theorem",htt_legacy_revival_round2_20260721/prior_round1/htt_post_v10_strengthening_plan_20260721.zip!/htt_post_v10_strengthening_plan_20260721/proofs/THEOREM_PROOF_BACKLOG.md,RESTRICT_TO_TYPED_FRAME_BRIDGE,"[""TF-P1"",""TF-S4""]"
role-61db4486cf9c9245,NT2-A1,"NT2-A1 — Genuine multi-multipole Fisher–Cramér–Rao floor on `F_shear`  [Provable; flagship]",audit_files.zip!/egs_extension_program.zip!/04_THEOREM_CANDIDATES.md,RESTRICT_AND_REOPEN_RESPONSE,"[""TF-C2""]"
role-7cce0a1e86175dce,B2,"B2 — source-rank inverse almost-EGS",docs/audits/external_research_inputs_2026-06-20/htt_beyond_mes_egs_theorem_program_2026-06-19.zip!/htt_beyond_mes_egs_theorem_program_2026-06-19/docs/12_consolidated_theorem_statements.md,INHERIT_CONDITIONAL_OPERATOR_RESULT,"[""TF-W1"",""TF-S3""]"
role-a2b4ff30d2573081,T-JOINT-SUPPORT,"T-JOINT-SUPPORT — General comparator identified set",htt_legacy_revival_round2_20260721/prior_round1/htt_post_v10_strengthening_plan_20260721.zip!/htt_post_v10_strengthening_plan_20260721/proofs/THEOREM_PROOF_BACKLOG.md,REPLACE_FINITE_UNION_CLAIM,"[""TF-C1"",""TF-S1""]"
role-a66c842a23c92854,T2,"T2. Single-response local/global no-go corollary",docs/audits/external_research_inputs_2026-06-20/htt_publishable_novel_analysis_program_2026-06-19.zip!/htt_publishable_novel_analysis_program_2026-06-19/docs/04_theorem_candidates_and_proofs.md,INHERIT_EXACT_LAW_NO_GO,"[""TF-S4""]"
role-a729e95805590b41,T-MES-INTRINSIC-DIPOLE,"T-MES-INTRINSIC-DIPOLE — MES ceiling surface",htt_legacy_revival_round2_20260721/prior_round1/htt_post_v10_strengthening_plan_20260721.zip!/htt_post_v10_strengthening_plan_20260721/proofs/THEOREM_PROOF_BACKLOG.md,INHERIT_CONDITIONAL_CEILING_SURFACE,"[""TF-S1"",""TF-S2"",""TF-S4""]"
role-aba6d0a88a843cba,T2,"T2. Rank-Exact Local/Global Identifiability Theorem",legacy/cf4_p0/packages/publishable_next/theorem_candidates.md,RESTRICT_EXACT_RANK_SCOPE,"[""TF-S4"",""TF-C2""]"
role-ac63913e9a4082d8,NT2-A2,"NT2-A2 — Quadrupole+octupole sufficiency / EGS information saturation  [Conditional]",audit_files.zip!/egs_extension_program.zip!/04_THEOREM_CANDIDATES.md,REPLACE_FALSE_SUFFICIENT_CONDITION,"[""TF-C2""]"
role-adc6a1bcf36de1d4,G3,"G3 — Raychaudhuri–Hamiltonian consistency",docs/audits/external_research_inputs_2026-06-20/htt_beyond_mes_egs_theorem_program_2026-06-19.zip!/htt_beyond_mes_egs_theorem_program_2026-06-19/docs/12_consolidated_theorem_statements.md,HOLD_SOURCE_DEFINITIONS,"[""TF-P2"",""TF-P3""]"
role-b939dc581755e9fc,T2-COMMON-MODEL,"T2-COMMON-MODEL — Common latent cosmology joint identified region",htt_external_fusion_round3_20260722.zip!/htt_external_fusion_round3_20260722/context/round2/docs/06_THEOREM_PROOF_BACKLOG_ROUND2.md,STRENGTHEN_JOINT_STATE_MAPPING,"[""TF-S1"",""TF-S2""]"
role-c512d8fb1c4e1efb,T-B1,"T-B1 — Almost-EGS tilt loophole (sharpened)  [Conditional, grounded]",docs/audits/external_research_inputs_2026-06-20/publishable_data_analysis_program.zip!/04_THEOREM_CANDIDATES.md,REOPEN_UNIQUENESS_AND_SCOPE,"[""TF-P1"",""TF-S4""]"
role-df53f7b2871550ba,NT-B1,"NT-B1 — Beyond-MES octupole-sharpened bound on Σ²/Q  [Conditional; flagship]",egs_theorem_program.zip!/04_THEOREM_CANDIDATES.md,REOPEN_THEOREM,"[""TF-C5"",""TF-W1""]"
role-ecd59621e1bd58ca,NT-B3,"NT-B3 — Boltzmann line-of-sight transport of G_F  [Conditional]",egs_theorem_program.zip!/04_THEOREM_CANDIDATES.md,REOPEN_TRANSFER_AND_DEPTH,"[""TF-C4"",""TF-W1"",""TF-S2""]"
role-f8486acfcdb96895,T2-RESPONSE-QUOTIENT,"T2-RESPONSE-QUOTIENT — Observable response equivalence quotient",htt_external_fusion_round3_20260722.zip!/htt_external_fusion_round3_20260722/context/round2/docs/06_THEOREM_PROOF_BACKLOG_ROUND2.md,STRENGTHEN_FIBER_MINIMUM,"[""TF-S3"",""TF-S4""]"
role-fb115ecca130a85b,T-P5,"T-P5 — Cross-shell effective rank",external_fusion_round3/docs/08_THEOREM_PROOF_BACKLOG_EXTERNAL_FUSION.md,INHERIT_STACKED_RESPONSE_CONDITION,"[""TF-S4"",""TF-W1""]"
claim_id,title,evidence_status,decision
TF-C1,"compact 선형상의 올바른 connected/semialgebraic 분기",INDEPENDENTLY_REVIEWED_ANALYTIC,PROMOTE
TF-C2,"Gaussian Fisher tail의 수렴과 sufficiency의 구별",INDEPENDENTLY_REVIEWED_ANALYTIC,PROMOTE
TF-C3,"Frobenius에서 universal shear/vorticity ratio는 나오지 않음",INDEPENDENTLY_REVIEWED_ANALYTIC,PROMOTE
TF-C4,"constant source는 depth-independent observable을 보장하지 않음",INDEPENDENTLY_REVIEWED_ANALYTIC,PROMOTE
TF-C5,"unsigned octupole amplitude의 자동 subtraction bound 불가",INDEPENDENTLY_REVIEWED_ANALYTIC,PROMOTE
TF-P1,"임의 관측자 congruence 1-jet의 국소 실현",INDEPENDENTLY_REVIEWED_ANALYTIC,PROMOTE
TF-P2,"stress eigenvector의 spectral-gap 복원 및 공동 상계",INDEPENDENTLY_REVIEWED_ANALYTIC,PROMOTE
TF-P3,"Einstein-selected congruence: metric 3-jet의 충분성과 2-jet 반례",INDEPENDENTLY_REVIEWED_ANALYTIC,PROMOTE
TF-S1,"same-latent uncertain-body support/gauge 쌍대성",INDEPENDENTLY_REVIEWED_ANALYTIC,PROMOTE
TF-S2,"joint confidence/predictive/posterior pushforward와 ratio domain",INDEPENDENTLY_REVIEWED_ANALYTIC,PROMOTE
TF-S3,"response quotient의 gauge는 fiber 최소값",INDEPENDENTLY_REVIEWED_ANALYTIC,PROMOTE
TF-S4,"동일 자료법칙의 fiber 및 confidence-diameter 한계",INDEPENDENTLY_REVIEWED_ANALYTIC,PROMOTE
TF-W1,"finite-window weak response와 bounded target criterion",INDEPENDENTLY_REVIEWED_ANALYTIC,PROMOTE
claim_id,statement,assumptions_json
TF-P2,"T^a_b U^b=−εU^a인 smooth 미래 timelike branch U를 물리 congruence로 선택한다. h=g+u⊗u, u=U/c, S=hTh|rest, L=S+εI, δ=min_i|ε+λ_i|>0 및 D_μ=h(∇_{Eμ}T)u를 정의하면 ∇_{Eμ}U=−cL^(−1)D_μ이고, θ²/3+||σ||_F²+2|ω|²+|A|²/c² ≤ c² Σ_μ|D_μ|²/δ²이다. δ≥δ*>0, ||D||≤d*<∞가 같은 상태에서 주어지면 B*=cd*/δ*라는 공동 rate budget을 얻는다.","{""assumptions"":[""T는 symmetric C1 이상이고 선택된 timelike eigenvalue는 spatial eigenvalues와 분리된다."",""E0=u 및 right-handed orthonormal rest triad를 사용한다. D의 norm은 Σ_{μ=0}^3Σ_i(D_μ^i)²라는 observer-positive norm이며 Lorentzian contraction이 아니다."",""이것은 stress 1-jet와 gap을 입력으로 받는 조건부 bound다. 실제 측정된 d*, δ* 또는 MES 원전의 상계가 제공되었다고 가정하지 않는다."",""T는 실제로 지정한 특정 smooth symmetric stress이다. 그 energy-frame congruence가 historical dust/matter congruence와 동일하다고 자동 가정하지 않는다.""],""required_amendments"":[""추가 수정 불필요. norm과 gap의 동일 상태 조건, 실제 stress derivative 예산의 미확보, β가 T와 N에서 결정된다는 범위를 그대로 유지한다."",""P2의 T-selected bound를 dust-MES 또는 다른 component/congruence의 광학 bound와 교차하려면 stress component, frame, congruence, epoch, units 및 같은 상태의 compatibility를 먼저 선언한다. energy frame와 dust rest frame를 조용히 동일시하지 않는다.""]}"
id,kind,title
82f85631e217d5d189a4f16ac454330c,original_item,PR190NormalVorticity.axisProofBundle
ed59b76b2ceaf640254bcf625ea5f220,original_item,PR190NormalVorticity.interiorEndpointSameFrameContradiction
41a52cde8e7744d49ce59bfcaead58f5,original_item,PR190NormalVorticity.lowerEndpointSameFrameContradiction
55707911513114067581c35ddfefc971,original_item,PR190NormalVorticity.normalOmegaSquaredZero
935f224700af549477058c5c7a7024cc,original_item,PR190NormalVorticity.normalSpatialVorticityZero
32c116158396a718721f78d510968654,original_item,PR190NormalVorticity.normalW2Zero
618039ba02758f75d5d8e1c14a67e232,original_item,PR190NormalVorticity.refutedConstraintCannotPromote
cf5e0540e3ba68dd0bce6efeccbc0d0a,original_item,PR190NormalVorticity.registeredInteriorW2Positive
dafb7e1931399b7d4ec40da14a1d588f,original_item,PR190NormalVorticity.registeredLowerW2Positive
59dc094e5ed3ce17e01f2e2ecbdd2d1a,original_item,Pr168AccelKinematic.combinedSourceInvariance
3c9ea275d2209d4a65e0ac3496956bd1,original_item,Pr168AccelKinematic.directSupportOnlyEllOne
a7675fd214a12122080113dc83923b45,original_item,Pr168AccelKinematic.normalizedThermodynamicBasis
25be3a7ec632409836a21879cb56bda5,original_item,Pr168AccelKinematic.secondOrderQuadrupoleDecomposition
120e40bdb4527fff128650bc6059a1c8,original_item,Pr168AccelKinematic.sourceColumnCollinearity
d111a27d964ee491fa93aa04bed6e28f,original_item,Pr169UnsignedLeakage.fullCeilingAttained
7b273479e9c6107ea59ca2e74365ddae,original_item,"""#3 + #7 + #11 -> ONE MES four-acceleration honesty theorem 'M' (#7 canonical): prove O(beta) spectral degeneracy with the kinematic dipole, adopt geodesic A^2=0, and delete the re"
0e53a171073eac66a81c407cd970cb88,original_item,""":""Space""},{""t"":""Str"",""c"":""of""},{""t"":""Space""},{""t"":""Str"",""c"":""our""},{""t"":""Space""},{""t"":""Str"",""c"":""conditional""},{""t"":""Space""},{""t"":""Str"",""c"":""deduction""},{""t"":""Space""},{""t"":""Str"","""
5d4eba3730529101a7e0fcffb5e08a0b,original_item,""":""Space""},{""t"":""Str"",""c"":""of""},{""t"":""Space""},{""t"":""Str"",""c"":""our""},{""t"":""Space""},{""t"":""Str"",""c"":""conditional""},{""t"":""Space""},{""t"":""Str"",""c"":""deduction""},{""t"":""Space""},{""t"":""Str"","""
b89c7a8d0c039261d1bd1c9d2be56aab,original_item,""":""Space""},{""t"":""Str"",""c"":""of""},{""t"":""Space""},{""t"":""Str"",""c"":""our""},{""t"":""Space""},{""t"":""Str"",""c"":""conditional""},{""t"":""Space""},{""t"":""Str"",""c"":""deduction""},{""t"":""Space""},{""t"":""Str"","""
8c317e218fe3d21cda9669666fc2ed1f,original_item,"""King-Ellis results with no located precedent: Bianchi type I NOT identically irrotational (O(v\u00b2) vorticity in omega_ab), the dynamical upgrade of the lower-endpoint W\u00b2 w"
be081285beede7698f5b892141042fe3,original_item,"""Query: 'almost-EGS theorem Stoeger Maartens Ellis isotropic radiation FLRW bound shear vorticity' -> https://arxiv.org/abs/astro-ph/9904346 (MES COBE limits), https://arxiv.org/pd"
d9a5810c59cae6a70881fc0bb5ce2bfc,original_item,"""Query: 'counterexample EGS theorem isotropic CMB non-FLRW shear not small Clarkson Coley' -> https://arxiv.org/abs/gr-qc/9906097 (Clarkson-Coley-Sussman-Bassett CQG 16 3781): acce"
a5721a045dcfe5f9132bfeacbc204fb5,original_item,"""Query: 'linear theory peculiar velocity field curl-free irrotational by construction' -> https://arxiv.org/pdf/astro-ph/9406009 (confirmed: gravitational-instability flow irrotati"
4bbb8d9212b76302a9ba8605ff425af0,original_item,"""advocate_response"": ""Conceded, and partially discharged here by enumeration. The must-fix artifacts are file:line-locatable: (i) bounds.py:54-74 (B_omega refuted triple + 'DeltaTh"
edec407a37ec921a71fc4c17c7831311,original_item,"""advocate_response"": ""Fully conceded -- this is a verified live code defect. bounds.py:54-96 still defines B_omega=(3/4)e1+2e2+(2/7)e3 and B_accel=(3/4)e1+e2+(3/14)e3 -- the exact "
f3d553269f2d1628c589aab3f63b5d3b,original_item,"""artifact_id"": ""bass.theorem.fig_egs3_b3_vorticity"","
bf90787a8b61d120091ba0dc7060ae45,original_item,"""attack"": ""Internal sign contradiction on the vorticity term: the framework's own KE-FRAME theorem derives the contracted Gauss identity as R3 = 2*G_uu - (2/3)*Theta^2 + sigma^2 + "
ff59194107cd947c70e6e820f53b69c7,original_item,"""candidate"": ""S44 MES four-acceleration honesty theorem + bounds.py defect fix: geodesic A^2=0 (rev-r190) contradicts the in-house non-geodesic B_accel=(3/4)e1+e2+(3/14)e3 still sh"
71d7cdb69bd1d269d7993b8643ae15e8,original_item,"""claim_boundary"": ""synthetic/theorem mechanics only; no observational estimate, family identification, global tilt, or physical vorticity detection"""
8b088655c0c92b991c132110ad5ca5d9,original_item,"""claim_boundary"": ""synthetic/theorem mechanics only; no observational estimate, family identification, global tilt, or physical vorticity detection"","
item_id,title,classification,path,git_blob,observed_commit,line
59dc094e5ed3ce17e01f2e2ecbdd2d1a,Pr168AccelKinematic.combinedSourceInvariance,existing_proof_support_confirmed,formal_pr168/Pr168AccelKinematic/Basic.lean,dbd78be4dd0c09e172acc88e60e8bf67a88c7fbd,5b3c96175c226764b3fb7ed9e181e3f3330e1830,39
checkpoint_files
702
path,git_blob,review_scope
docs/research_program/mes_verified_checkpoints_20260928/I1/recovery/remote_sources/incoming/mes_r1_r5_20260927_412bca18a18cded4/MES_R1_R5_HANDOFF_20260927/materials/R2/MES_GENERALIZED_TENSOR_R2/MES_GENERALIZED_TENSOR_R2_KO.md,926abf67457d3eb5c7d64c9045ccb7b1f3649997,selected_theory_source_read_and_copied_to_evidence
docs/research_program/mes_verified_checkpoints_20260928/I1/recovery/research/mes/MES_GENERALIZED_TENSOR_R2_20260920.zip,a42e079630df39ac20b0d80fa13bd8b9d9385a0a,inventory_only_not_reproved
docs/research_program/mes_verified_checkpoints_20260928/I1/recovery/research/mes/MES_GENERALIZED_TENSOR_R2_DELIVERY_CHECK.json,98de859ef5b00bf6403a485c7fae498b47ba149d,inventory_only_not_reproved
docs/research_program/mes_verified_checkpoints_20260928/I1/recovery/research/mes/MES_GENERALIZED_TENSOR_R2_KO.md,926abf67457d3eb5c7d64c9045ccb7b1f3649997,selected_theory_source_read_and_copied_to_evidence
docs/research_program/mes_verified_checkpoints_20260928/I1/recovery/research/readable_research/MES_GENERALIZED_TENSOR_R2/INDEPENDENT_DECISION.json,781a6b8f0a6e45d3602c3809e43b5601da83f575,selected_theory_source_read_and_copied_to_evidence
docs/research_program/mes_verified_checkpoints_20260928/I1/recovery/research/readable_research/MES_GENERALIZED_TENSOR_R2/INDEPENDENT_DECISION.md,b0af4686dc0cacf99d4ae0d5c1d342c51a729dd6,inventory_only_not_reproved
docs/research_program/mes_verified_checkpoints_20260928/I1/recovery/research/readable_research/MES_GENERALIZED_TENSOR_R2/INDEPENDENT_DECISION_V1_HOLD.json,db1ed6f7703e03d43c9cf1017d83689576ae54c5,inventory_only_not_reproved
docs/research_program/mes_verified_checkpoints_20260928/I1/recovery/research/readable_research/MES_GENERALIZED_TENSOR_R2/INDEPENDENT_DECISION_V1_HOLD.md,124a567cf30f064457ebe21f2b01a7e7b28d7e3f,inventory_only_not_reproved
docs/research_program/mes_verified_checkpoints_20260928/I1/recovery/research/readable_research/MES_GENERALIZED_TENSOR_R2/MANIFEST_SHA256.json,fe00a821948303491781b2b623b238469c677bf7,inventory_only_not_reproved
docs/research_program/mes_verified_checkpoints_20260928/I1/recovery/research/readable_research/MES_GENERALIZED_TENSOR_R2/MES_GENERALIZED_TENSOR_R2_KO.md,926abf67457d3eb5c7d64c9045ccb7b1f3649997,selected_theory_source_read_and_copied_to_evidence
docs/research_program/mes_verified_checkpoints_20260928/I1/recovery/research/readable_research/MES_GENERALIZED_TENSOR_R2/NEXT_RESEARCH_PROMPT_KO.md,e2d01489303b0f42dea222cc72dafc9c469dd586,inventory_only_not_reproved
docs/research_program/mes_verified_checkpoints_20260928/I1/recovery/research/readable_research/MES_GENERALIZED_TENSOR_R2/README.md,05408f61d80679d38c98fcc03f60eab2a9049435,inventory_only_not_reproved
docs/research_program/mes_verified_checkpoints_20260928/I1/recovery/research/readable_research/MES_GENERALIZED_TENSOR_R2/RESEARCH_DAG.json,d2750e4fd93e4616f15904a37ca8f84e7c823618,inventory_only_not_reproved
docs/research_program/mes_verified_checkpoints_20260928/I1/recovery/research/readable_research/MES_GENERALIZED_TENSOR_R2/SOURCE_PROVENANCE.json,559fe44b9bdd6cd1bd33f86fde4b162fae88f999,inventory_only_not_reproved
docs/research_program/mes_verified_checkpoints_20260928/I1/recovery/research/readable_research/MES_GENERALIZED_TENSOR_R2/agent_kinematics.md,eaa944ad1179deab3cf10439cfb15deeb6345e02,inventory_only_not_reproved
docs/research_program/mes_verified_checkpoints_20260928/I1/recovery/research/readable_research/MES_GENERALIZED_TENSOR_R2/agent_kinematics_checks.json,c16efcb738c6b7055d1b12a3aa97cdd00b53a737,inventory_only_not_reproved
docs/research_program/mes_verified_checkpoints_20260928/I1/recovery/research/readable_research/MES_GENERALIZED_TENSOR_R2/agent_kinematics_checks.py,7408da840b779e7bcea4b1f850fc356e29f376bd,inventory_only_not_reproved
docs/research_program/mes_verified_checkpoints_20260928/I1/recovery/research/readable_research/MES_GENERALIZED_TENSOR_R2/agent_statistics.md,a52e61ec8fd073d5284eb812e8785abd007489b7,selected_theory_source_read_and_copied_to_evidence
docs/research_program/mes_verified_checkpoints_20260928/I1/recovery/research/readable_research/MES_GENERALIZED_TENSOR_R2/check_joint_operator.py,6e81f0bdd2a35db3af990dbce64088a0d5603119,inventory_only_not_reproved
docs/research_program/mes_verified_checkpoints_20260928/I1/recovery/research/readable_research/MES_GENERALIZED_TENSOR_R2/check_joint_operator_fraction.py,0780e33181b8999c75205cbf1759ab7795e7959b,inventory_only_not_reproved
docs/research_program/mes_verified_checkpoints_20260928/I1/recovery/research/readable_research/MES_GENERALIZED_TENSOR_R2/evidence/CANDIDATE_V1_IDENTITY.json,fd6bc02731c973f0cfcbc7c17884882ce6d825cf,inventory_only_not_reproved
docs/research_program/mes_verified_checkpoints_20260928/I1/recovery/research/readable_research/MES_GENERALIZED_TENSOR_R2/evidence/CANDIDATE_V1_REPORT.md,710771f97629d28ef8580974700c16cb84a6a945,inventory_only_not_reproved
docs/research_program/mes_verified_checkpoints_20260928/I1/recovery/research/readable_research/MES_GENERALIZED_TENSOR_R2/evidence/CANDIDATE_V1_STATISTICS.md,43b227537d41c58c3c2fba1a806d4099dc545bc9,inventory_only_not_reproved
docs/research_program/mes_verified_checkpoints_20260928/I1/recovery/research/readable_research/MES_GENERALIZED_TENSOR_R2/evidence/CANDIDATE_V2_IDENTITY.json,bd5eaf91b4b7e35f889586595f3e729089bc618f,inventory_only_not_reproved
docs/research_program/mes_verified_checkpoints_20260928/I1/recovery/research/readable_research/MES_GENERALIZED_TENSOR_R2/evidence/CANDIDATE_V3_IDENTITY.json,528911fd22764e7686699c1121bfbbf6b722f404,inventory_only_not_reproved
docs/research_program/mes_verified_checkpoints_20260928/I1/recovery/research/readable_research/MES_GENERALIZED_TENSOR_R2/evidence/FRACTION_EXECUTION_RECEIPT.json,a1ca775d10a59abb68f0305a6086c96597ace7cd,inventory_only_not_reproved
docs/research_program/mes_verified_checkpoints_20260928/I1/recovery/research/readable_research/MES_GENERALIZED_TENSOR_R2/evidence/INDEPENDENT_TARGETED_CHECKS.json,473419b73efb17eb32a156ae4dbb1c16b088df05,inventory_only_not_reproved
docs/research_program/mes_verified_checkpoints_20260928/I1/recovery/research/readable_research/MES_GENERALIZED_TENSOR_R2/evidence/JOINT_OPERATOR_CHECKS.json,40d27fa405966489d8b58b561720723878e99057,inventory_only_not_reproved
docs/research_program/mes_verified_checkpoints_20260928/I1/recovery/research/readable_research/MES_GENERALIZED_TENSOR_R2/evidence/JOINT_RESPONSE_MATRICES.json,827d1e35afd3cf3adea546b5709a6f4a90da1b94,inventory_only_not_reproved
docs/research_program/mes_verified_checkpoints_20260928/I1/recovery/research/readable_research/MES_GENERALIZED_TENSOR_R2/evidence/OWNER_TOOL_EVIDENCE.json,c3edf40e681caf846cdaa0e0c0a4d7642a40b5ba,inventory_only_not_reproved
docs/research_program/mes_verified_checkpoints_20260928/I1/recovery/research/readable_research/MES_GENERALIZED_TENSOR_R2/evidence/PYTHON_PACKAGE_FAILURES.json,8efe906ca65c381176503efabd9e6fcdc6e5c25a,inventory_only_not_reproved
docs/research_program/mes_verified_checkpoints_20260928/I1/recovery/research/readable_research/MES_GENERALIZED_TENSOR_R2/inputs/physmath-research-harness-gpt6-astra-v4.0.0-20260908.zip,5900b4ce9f7e3776786bd3caf5dedc2327783359,inventory_only_not_reproved
docs/research_program/mes_verified_checkpoints_20260928/I1/recovery/research/readable_research/MES_GENERALIZED_TENSOR_R2/sources_agent/EXACT_REDUCTION_CHECK.json,ccb7e5c1f29e80714365d535ffc801f34a4b6949,inventory_only_not_reproved
docs/research_program/mes_verified_checkpoints_20260928/I1/recovery/research/readable_research/MES_GENERALIZED_TENSOR_R2/sources_agent/MES_BOUND_SOURCE_REVIEW.md,64d7ec787c9f8a7798028c7e57cb37865347c328,inventory_only_not_reproved
docs/research_program/mes_verified_checkpoints_20260928/I1/recovery/research/readable_research/MES_GENERALIZED_TENSOR_R2/sources_agent/REPOSITORY_SOURCE_INDEX.json,85c4bbbee2b5307f680477ec39bc1247c5eca266,inventory_only_not_reproved
docs/research_program/mes_verified_checkpoints_20260928/I1/recovery/research/readable_research/MES_GENERALIZED_TENSOR_R2/sources_agent/repo/docs/audits/mes_primary_sources/PROVENANCE_M4.md,1cff5e6bef75a62e2d7272987ad98e56d0792d71,inventory_only_not_reproved
docs/research_program/mes_verified_checkpoints_20260928/I1/recovery/research/readable_research/MES_GENERALIZED_TENSOR_R2/sources_agent/repo/docs/audits/mes_primary_sources/PROVENANCE_M4b.md,73bb6621f973f9afaf6bc8bd227ff201c4148b62,inventory_only_not_reproved
docs/research_program/mes_verified_checkpoints_20260928/I1/recovery/research/readable_research/MES_GENERALIZED_TENSOR_R2/sources_agent/repo/docs/audits/mes_primary_sources/mesa_astro-ph_9501016_layout.txt,056244b7b8b3da899973de0f143f319cb29ddf94,inventory_only_not_reproved
docs/research_program/mes_verified_checkpoints_20260928/I1/recovery/research/readable_research/MES_GENERALIZED_TENSOR_R2/sources_agent/repo/docs/audits/mes_primary_sources/sag1997_astro-ph_9904346_ApJ476_435.tex,54ab12df064cfbf608e537eedf589752bbd90c7f,inventory_only_not_reproved
docs/research_program/mes_verified_checkpoints_20260928/I1/recovery/research/readable_research/MES_GENERALIZED_TENSOR_R2/sources_agent/repo/htt/bass/observational/planck_mes_bounds.py,6f9b108ea97d6ca70b6548e602b4d4107f6a7737,inventory_only_not_reproved
docs/research_program/mes_verified_checkpoints_20260928/I1/recovery/research/readable_research/MES_GENERALIZED_TENSOR_R2/sources_agent/repo/htt/obsstat/egs3_mes_branch_registry.py,96ed706b0228abf4cdb6f681e2769fb25a6ffb75,inventory_only_not_reproved
docs/research_program/mes_verified_checkpoints_20260928/I1/recovery/research/readable_research/MES_GENERALIZED_TENSOR_R2/sources_agent/repo/htt/obsstat/egs3_mes_rederivation.py,5969f479f126ffdb735553acaf466dcbbb1d2524,inventory_only_not_reproved
docs/research_program/mes_verified_checkpoints_20260928/I1/recovery/research/readable_research/MES_GENERALIZED_TENSOR_R2/sources_agent/repo/htt/src/common/mes_theorem_authority.py,317921324c3ad60e3f6639085058edf6c001c04b,inventory_only_not_reproved
docs/research_program/mes_verified_checkpoints_20260928/I1/recovery/research/readable_research/MES_GENERALIZED_TENSOR_R2/sources_agent/repo/htt/tsc/admissibility/three_bound_hierarchy.py,c5799086852ad888950697a2edc6625e6c84f0b7,inventory_only_not_reproved
docs/research_program/mes_verified_checkpoints_20260928/I1/recovery/research/readable_research/MES_GENERALIZED_TENSOR_R2/state/ANOMALY_LEDGER.md,7f97a8cf571f79feacccc7e11315601d9f7dfa19,inventory_only_not_reproved
docs/research_program/mes_verified_checkpoints_20260928/I1/recovery/research/readable_research/MES_GENERALIZED_TENSOR_R2/state/CLOSEOUT_AND_EVIDENCE.md,418077ae35847b4a3fa9ae8e92a391b55fc71a26,inventory_only_not_reproved
docs/research_program/mes_verified_checkpoints_20260928/I1/recovery/research/readable_research/MES_GENERALIZED_TENSOR_R2/state/RESEARCH_CONTRACT.md,9ab3c6f1c72ded94497e7898cac11889b44141d4,inventory_only_not_reproved
docs/research_program/mes_verified_checkpoints_20260928/I1/recovery/research/readable_research/MES_GENERALIZED_TENSOR_R2/state/RESEARCH_STATE.json,f13454d355bca43839678a3234e74cc486260cf0,inventory_only_not_reproved
docs/research_program/mes_verified_checkpoints_20260928/I1/recovery/research/readable_research/MES_GENERALIZED_TENSOR_R2/statistics_checks.json,89e1fdf3dca03575dcaf1ab72eedd31a1f1fc4bf,inventory_only_not_reproved
docs/research_program/mes_verified_checkpoints_20260928/I1/recovery/research/readable_research/MES_GENERALIZED_TENSOR_R2/statistics_checks.py,d838f188b7f2343d382156b8d30cd7c7bb659159,inventory_only_not_reproved
source_kind,source_key,historical_status,current_evidence,proof_obligations
original_item,55707911513114067581c35ddfefc971,existing_proof_support_confirmed,historical_exact_declaration_scope_reviewed,[]
original_item,ed3775a7e056c586f4886d87da65d0a5,existing_proof_support_confirmed,historical_exact_declaration_scope_reviewed,[]
original_item,59dc094e5ed3ce17e01f2e2ecbdd2d1a,existing_proof_support_confirmed,historical_exact_declaration_scope_reviewed,[]
original_item,120e40bdb4527fff128650bc6059a1c8,existing_proof_support_confirmed,historical_exact_declaration_scope_reviewed,[]
proposal,role-61db4486cf9c9245,NOT_ESTABLISHED_FOR_THIS_PROPOSAL,source_excerpt_reviewed_successor_separately_adjudicated,"r₂=1, higher-mode response and strict improvement do not follow from MES. The old MC report is historical, not rerun."
proposal,role-ac63913e9a4082d8,NOT_ESTABLISHED_FOR_THIS_PROPOSAL,source_excerpt_reviewed_successor_separately_adjudicated,"Decay alone does not imply Fisher-tail convergence or approximate sufficiency."
proposal,role-2704b6f24d18dbee,NOT_ESTABLISHED_FOR_THIS_PROPOSAL,source_excerpt_reviewed_successor_separately_adjudicated,"KL cap alone is not a kinematic ceiling. No new KL-to-physics theorem is asserted."
proposal,role-adc6a1bcf36de1d4,NOT_ESTABLISHED_FOR_THIS_PROPOSAL,source_excerpt_reviewed_successor_separately_adjudicated,"Raychaudhuri is inherited; the particular Delta-q inversion formula is not rederived or generalized here."
proposal,role-7cce0a1e86175dce,NOT_ESTABLISHED_FOR_THIS_PROPOSAL,source_excerpt_reviewed_successor_separately_adjudicated,"A positive singular value cannot substitute for missing radiation derivatives."
proposal,role-229717dd6ca7353f,NOT_ESTABLISHED_FOR_THIS_PROPOSAL,source_excerpt_reviewed_successor_separately_adjudicated,"Physical boundary constraints can identify points despite ambient rank loss; covariance may also carry information."
proposal,role-a66c842a23c92854,NOT_ESTABLISHED_FOR_THIS_PROPOSAL,source_excerpt_reviewed_successor_separately_adjudicated,"Mean-column collinearity alone is insufficient if the noise law or covariance changes."
proposal,role-c512d8fb1c4e1efb,NOT_ESTABLISHED_FOR_THIS_PROPOSAL,source_excerpt_reviewed_successor_separately_adjudicated,"The claim that matter dipole is the unique low-order handle is not inherited; actual aberration and source responses matter."
proposal,role-df53f7b2871550ba,NOT_ESTABLISHED_FOR_THIS_PROPOSAL,source_excerpt_reviewed_successor_separately_adjudicated,"The proposed subtraction factor is not an exact consequence of the moment hierarchy."
proposal,role-2a9e444fd4a3f8ab,NOT_ESTABLISHED_FOR_THIS_PROPOSAL,source_excerpt_reviewed_successor_separately_adjudicated,"Frobenius gives hypersurface orthogonality iff zero vorticity; it does not give a universal nonzero ratio to shear."
proposal,role-ecd59621e1bd58ca,NOT_ESTABLISHED_FOR_THIS_PROPOSAL,source_excerpt_reviewed_successor_separately_adjudicated,"A constant source need not yield a constant integrated observable or unit growth."
proposal,role-fb115ecca130a85b,NOT_ESTABLISHED_FOR_THIS_PROPOSAL,source_excerpt_reviewed_successor_separately_adjudicated,"Repeated identical columns remain degenerate even with additional depth labels."
proposal,role-2547259daf5ad54c,NOT_ESTABLISHED_FOR_THIS_PROPOSAL,source_excerpt_reviewed_successor_separately_adjudicated,"New successors make support/gauge duality and joint coverage explicit."
proposal,role-3967c97bf66cb4b1,NOT_ESTABLISHED_FOR_THIS_PROPOSAL,source_excerpt_reviewed_successor_separately_adjudicated,"Nongeodesic stress-gap bound is a separate conditional physical bound, not the original MES ceiling."
proposal,role-f8486acfcdb96895,NOT_ESTABLISHED_FOR_THIS_PROPOSAL,source_excerpt_reviewed_successor_separately_adjudicated,"The quotient gauge is a minimum over lifts, not the actual hidden physical magnitude."
proposal,role-b939dc581755e9fc,NOT_ESTABLISHED_FOR_THIS_PROPOSAL,source_excerpt_reviewed_successor_separately_adjudicated,"A common feasible set alone does not determine Pi or frequentist coverage."
proposal,role-a2b4ff30d2573081,NOT_ESTABLISHED_FOR_THIS_PROPOSAL,source_excerpt_reviewed_successor_separately_adjudicated,"Generic compact nonconvex images can be Cantor sets. Support cannot recover holes."
proposal,role-a729e95805590b41,NOT_ESTABLISHED_FOR_THIS_PROPOSAL,source_excerpt_reviewed_successor_separately_adjudicated,"A free intrinsic dipole creates an envelope; fixing it is an extra assumption."
proposal,role-5c1e239533655199,NOT_ESTABLISHED_FOR_THIS_PROPOSAL,source_excerpt_reviewed_successor_separately_adjudicated,"A point boost is not a congruence derivative; one normalization cannot supply missing response information."
proposal,role-aba6d0a88a843cba,NOT_ESTABLISHED_FOR_THIS_PROPOSAL,source_excerpt_reviewed_successor_separately_adjudicated,"Rank theorem remains valid in its stated experiment, not as a universal nonlinear identification criterion."
loop_analytic,TF-P1,NOT_APPLICABLE_NEW_SUCCESSOR,INDEPENDENTLY_REVIEWED_ANALYTIC,"CAS/formal/local engines NOT_RUN; actual physical budgets/law may remain unavailable"
loop_analytic,TF-P2,NOT_APPLICABLE_NEW_SUCCESSOR,INDEPENDENTLY_REVIEWED_ANALYTIC,"CAS/formal/local engines NOT_RUN; actual physical budgets/law may remain unavailable"
loop_analytic,TF-P3,NOT_APPLICABLE_NEW_SUCCESSOR,INDEPENDENTLY_REVIEWED_ANALYTIC,"CAS/formal/local engines NOT_RUN; actual physical budgets/law may remain unavailable"
loop_analytic,TF-S1,NOT_APPLICABLE_NEW_SUCCESSOR,INDEPENDENTLY_REVIEWED_ANALYTIC,"CAS/formal/local engines NOT_RUN; actual physical budgets/law may remain unavailable"
loop_analytic,TF-S2,NOT_APPLICABLE_NEW_SUCCESSOR,INDEPENDENTLY_REVIEWED_ANALYTIC,"CAS/formal/local engines NOT_RUN; actual physical budgets/law may remain unavailable"
loop_analytic,TF-S3,NOT_APPLICABLE_NEW_SUCCESSOR,INDEPENDENTLY_REVIEWED_ANALYTIC,"CAS/formal/local engines NOT_RUN; actual physical budgets/law may remain unavailable"
loop_analytic,TF-S4,NOT_APPLICABLE_NEW_SUCCESSOR,INDEPENDENTLY_REVIEWED_ANALYTIC,"CAS/formal/local engines NOT_RUN; actual physical budgets/law may remain unavailable"
loop_analytic,TF-C1,NOT_APPLICABLE_NEW_SUCCESSOR,INDEPENDENTLY_REVIEWED_ANALYTIC,"CAS/formal/local engines NOT_RUN; actual physical budgets/law may remain unavailable"
loop_analytic,TF-C2,NOT_APPLICABLE_NEW_SUCCESSOR,INDEPENDENTLY_REVIEWED_ANALYTIC,"CAS/formal/local engines NOT_RUN; actual physical budgets/law may remain unavailable"
loop_analytic,TF-C3,NOT_APPLICABLE_NEW_SUCCESSOR,INDEPENDENTLY_REVIEWED_ANALYTIC,"CAS/formal/local engines NOT_RUN; actual physical budgets/law may remain unavailable"
loop_analytic,TF-C4,NOT_APPLICABLE_NEW_SUCCESSOR,INDEPENDENTLY_REVIEWED_ANALYTIC,"CAS/formal/local engines NOT_RUN; actual physical budgets/law may remain unavailable"
loop_analytic,TF-C5,NOT_APPLICABLE_NEW_SUCCESSOR,INDEPENDENTLY_REVIEWED_ANALYTIC,"CAS/formal/local engines NOT_RUN; actual physical budgets/law may remain unavailable"
loop_analytic,TF-W1,NOT_APPLICABLE_NEW_SUCCESSOR,INDEPENDENTLY_REVIEWED_ANALYTIC,"CAS/formal/local engines NOT_RUN; actual physical budgets/law may remain unavailable"
