case_id,nside,processing_lmax,direction_id,source_cutoff,low_rank,high_rank,surviving_rank,surviving_frobenius_fraction,minimum_principal_angle_degrees,maximum_principal_angle_degrees,last_block_frobenius_fraction,last_block_operator_fraction,numerical_floor_control,content_id
WIDE_N16_IDENTITY,16,17,X,9,32,31,1,0.03606382489308985,0.0,2.091309789151873e-06,0.21831727937756568,0.17420734227027407,0,sha256:4711959f3decaf8f5d996ccc1fce9e409d5d9966fc52c6b248d8feaa729f2564
WIDE_N16_IDENTITY,16,17,Y,9,32,31,1,0.0360638248930896,0.0,1.7075472925031877e-06,0.21831727937756593,0.17420734227027607,0,sha256:4189603ab505a2db2509a075aaa000793ee7dfaf2a381080689077b7a5609f27
WIDE_N16_IDENTITY,16,17,Z,9,32,32,0,6.262832041143646e-16,0.0,1.9090959104164224e-06,0.3203948594512069,0.3373366127251471,0,sha256:9b2c62fab6c17743bee4a373a846c42a2093cb12d5753bb27f5ef72c82c1666a
WIDE_N16_IDENTITY,16,17,D111,9,32,32,0,9.354148684212302e-16,0.0,1.4787793334710982e-06,0.2920687706256082,0.3003143306543919,0,sha256:7b0200faf6144080b957574c5091c7ba283772825683f994a232619327c09f50
WIDE_N16_IDENTITY,16,17,D1M11,9,32,32,0,6.419435216879103e-16,0.0,2.2588727439225506e-06,0.2920687706256084,0.3003143306543921,0,sha256:a57c1f9d846c8351d94365fff6d33c7054580fd83bdbd7607f71ec206a80aa6b
WIDE_N16_IDENTITY,16,17,D11M1,9,32,32,0,5.568470861143494e-16,0.0,2.091309789151873e-06,0.29206877062560854,0.3003143306543921,0,sha256:1f5b4381028b5afec06dcb11b957a698e6a6dbec53bc1430071269587d6adcec
WIDE_N16_IDENTITY,16,17,X,12,32,32,0,4.998705839199789e-16,0.0,1.9090959104164224e-06,0.15791885413214035,0.15660039786518512,0,sha256:a8c96907458d7b7859a8bafa8569211f04e0e0d5328b0b3c9aee69fc8098acd3
WIDE_N16_IDENTITY,16,17,Y,12,32,32,0,8.213490659131999e-16,0.0,2.2588727439225506e-06,0.15791885413213663,0.15660039786518076,0,sha256:60180679bf8503b07455eb98b4483eefdad05309affd9f63181d2703085cee30
WIDE_N16_IDENTITY,16,17,Z,12,32,32,0,6.362754536889061e-16,0.0,2.2588727439225506e-06,0.15868112993474098,0.1756136910344871,0,sha256:e280d6bbcc9447dc4b35ef3a86bfabd527644d0b223e1af42a72bdbea5b8d75e
WIDE_N16_IDENTITY,16,17,D111,12,32,32,0,8.5847072635704e-16,0.0,1.7075472925031877e-06,0.15842305052024888,0.1712912270669379,0,sha256:e5355d4bb590eca5453f9d78628d7d8333cb61339202b1595e5c51582e2b5dfe
WIDE_N16_IDENTITY,16,17,D1M11,12,32,32,0,6.131093966666352e-16,0.0,2.2588727439225506e-06,0.1584230505202491,0.17129122706693814,0,sha256:b7ca1b6beba1002ecf788a52960bf33274310c95fd3d4d0c3db047158ac2d65e
WIDE_N16_IDENTITY,16,17,D11M1,12,32,32,0,6.082597337926797e-16,0.0,1.9090959104164224e-06,0.1584230505202491,0.17129122706693814,0,sha256:3e58302c4ede3bf006e0a6c44a0546c5ceecf760ee1eac6fc8610a721d9b0d30
WIDE_N16_IDENTITY,16,17,X,16,32,32,0,5.64111008177341e-16,0.0,1.9090959104164224e-06,0.08334652821519774,0.07606160719743431,0,sha256:339e7b91d4fae195148b1f32276a371c17af42964ae2c4982641f469be47ecd0
WIDE_N16_IDENTITY,16,17,Y,16,32,32,0,6.9492012733637855e-16,0.0,2.2588727439225506e-06,0.08334652821519072,0.07606160719742437,0,sha256:5132578de0f92bbff2a99b4c77c8fa5b5edc1daf607a4f33f74868991f8adbce
WIDE_N16_IDENTITY,16,17,Z,16,32,32,0,8.996798869953113e-16,0.0,2.091309789151873e-06,0.09502390718738116,0.10566980675413204,0,sha256:8e65fa9a807538a43760861ac060a0013eb8a6946db3160f85c30ca17de9d5c1
WIDE_N16_IDENTITY,16,17,D111,16,32,32,0,5.866840123104655e-16,0.0,1.7075472925031877e-06,0.09116101257547332,0.09882884169024879,0,sha256:5a069b04d1fd26f6c629b5927076b4ce5f80a392e7462bf2b75096b04af66a4f
WIDE_N16_IDENTITY,16,17,D1M11,16,32,32,0,5.334000177154365e-16,0.0,2.091309789151873e-06,0.09116101257547432,0.09882884169024994,0,sha256:ed9bb5f5466dcd74399bce14eec17f4a4eba32d6d569ae20c2b4b20de59a6a78
WIDE_N16_IDENTITY,16,17,D11M1,16,32,32,0,7.888245572890078e-16,0.0,2.4148365394514667e-06,0.09116101257547442,0.09882884169025005,0,sha256:1751d211cde78ba765b885854765269e962826f318f3b4e1f0ae329caedf6790
WIDE_N32_IDENTITY,32,13,X,12,32,32,0,6.580317802360989e-16,0.0,2.2588727439225506e-06,0.15355100830050317,0.15107547230455495,0,sha256:3a4b9e241645f20122fd1be46b4202d44f733489c677e7d33a5b0630b75602b7
WIDE_N32_IDENTITY,32,13,Y,12,32,32,0,9.67346368504742e-16,0.0,2.091309789151873e-06,0.15355100830050325,0.15107547230455606,0,sha256:ba9fbd45ba106db9269491ea6b70d9e741de6627131764a7e94852e6d0eb0dc8
WIDE_N32_IDENTITY,32,13,Z,12,32,32,0,6.509290409370244e-16,0.0,1.9090959104164224e-06,0.1576862706417987,0.17464752300752368,0,sha256:9fa91874dbd16374a960cefc26ca659c02a6ed9826c53368ff14e821ed493b69
WIDE_N32_IDENTITY,32,13,D111,12,32,32,0,5.341079953317922e-16,0.0,1.9090959104164224e-06,0.15629069828530104,0.16902759285893496,0,sha256:f74cbcdd36cebafe756e432a18ba9135db9a89828fd559da344453598a4f562c
WIDE_N32_IDENTITY,32,13,D1M11,12,32,32,0,5.043449217019007e-16,0.0,2.2588727439225506e-06,0.15629069828530084,0.16902759285893482,0,sha256:8ff10292cba0cf807fd8b1959dbd16fc5cb96cd575a26adfa6ae91a8216892a3
WIDE_N32_IDENTITY,32,13,D11M1,12,32,32,0,5.61445103927584e-16,0.0,1.9090959104164224e-06,0.1562906982853015,0.1690275928589355,0,sha256:7bf0737d6fdb2e87c0509369f1c9f733f824aae1f9323c55ff70f17a96166d92
FULL_N16_IDENTITY,16,13,X,12,32,32,0,8.824561769169915e-16,0.0,2.2588727439225506e-06,0.5550692715463087,0.7032804794555634,0,sha256:c43aac5e35d208b62a7d4b6743db2f7c1cdbdf758f2fb341528cdf27d05f0336
FULL_N16_IDENTITY,16,13,Y,12,32,32,0,9.952395908426985e-16,0.0,1.7075472925031877e-06,0.5550692715463031,0.7032804794555594,0,sha256:822bb29dd1b8c6837facda653b307b94f80d84d4245e868215bcd71dfe46c8e4
FULL_N16_IDENTITY,16,13,Z,12,32,32,0,9.820805124751216e-16,0.0,1.2074182697257333e-06,0.5825350499854492,0.8100794000759898,0,sha256:8f33e39bde5ea8f58de614c44e3b98340db67c4c9023d049d5c379c99fbf106f
FULL_N16_IDENTITY,16,13,D111,12,32,32,0,8.771831023685954e-16,0.0,1.9090959104164224e-06,0.5558750146603506,0.7054703481872623,0,sha256:d667f10a618c9640cad5b72e35705aa9dd6c6fa550779376b9e937b3f1189961
FULL_N16_IDENTITY,16,13,D1M11,12,32,32,0,1.1998828732228756e-15,0.0,1.9090959104164224e-06,0.5558750146603507,0.705470348187262,0,sha256:c4bbfdc20eb27801ff453cf7514042cc2ff4ddc4126681bf71ccc31e2f0ec8a7
FULL_N16_IDENTITY,16,13,D11M1,12,32,32,0,9.87165447635438e-16,0.0,1.7075472925031877e-06,0.555875014660351,0.705470348187263,0,sha256:a27691b77f79c0188f9af8bc7e8bae0d5e10de37985f1eea942e0fbf6ca62ed7
REFERENCE_N16_GAUSSIAN,16,13,X,12,32,32,0,8.274277244155608e-16,0.0,2.2588727439225506e-06,0.09699102243309705,0.08219610303183618,0,sha256:d8d5428c6989205d0298eb1d4bfc35c426770d927da5cd6690c5d29f26777422
REFERENCE_N16_GAUSSIAN,16,13,Y,12,32,32,0,5.632358567292741e-16,0.0,1.7075472925031877e-06,0.09699102243307134,0.08219610303180078,0,sha256:dc5e3767b967738d79de93d6c96ef993680c58ff7042d52d5b1ef80098344e0e
REFERENCE_N16_GAUSSIAN,16,13,Z,12,32,32,0,3.272766184940184e-16,0.0,2.699869328381916e-06,0.24028002545588495,0.24573536433185827,0,sha256:3b38bf97ff5f48aba20c0f5597ee9b7ac4c4ebd71ee6ceb4045072ca0b5a11e4
REFERENCE_N16_GAUSSIAN,16,13,D111,12,32,32,0,8.423745542092846e-16,0.0,1.4787793334710982e-06,0.20721568409960964,0.2095861574252657,0,sha256:d919de874c11d0d1d452f8874c14ad1d4efe2ae9fdea831a3af1bfc0d021bb26
REFERENCE_N16_GAUSSIAN,16,13,D1M11,12,32,32,0,8.731335386647318e-16,0.0,0.0,0.20721568409960808,0.20958615742526393,0,sha256:9b7a0d2a080e50fa63604013b42f2ad35c3dda62e07e3bf1cd2eb24866d7a997
REFERENCE_N16_GAUSSIAN,16,13,D11M1,12,32,32,0,4.907981203673439e-16,0.0,2.091309789151873e-06,0.20721568409960614,0.20958615742526157,0,sha256:dc57cfba58f71a9737aac0eea3e1de03a7fa9e1e3fe034d09eced79433be063a
