case_id,direction_id,source_cutoff,source_ell,metric_frobenius_norm,metric_operator_norm,block_id
WIDE_N16_IDENTITY,X,9,7,21.27606301159835,16.77531874280577,sha256:e90336fedfa71cf9fcb637941d974da19e29888ede549816aed80cbae2ba7b46
WIDE_N16_IDENTITY,X,9,8,21.24811845042757,19.733177442562603,sha256:0ddb395040be91787467121b4bbdb83e76238e22693e7e7ecfb1140dfb52957e
WIDE_N16_IDENTITY,X,9,9,6.726880480533278,4.564972247789328,sha256:9e41de42bbbb3a01e55b8bd63a7f56bd094179703ce3414eb8edaf7f563bfce7
WIDE_N16_IDENTITY,Y,9,7,21.276063011598144,16.77531874280554,sha256:e90336fedfa71cf9fcb637941d974da19e29888ede549816aed80cbae2ba7b46
WIDE_N16_IDENTITY,Y,9,8,21.248118450427736,19.733177442562823,sha256:0ddb395040be91787467121b4bbdb83e76238e22693e7e7ecfb1140dfb52957e
WIDE_N16_IDENTITY,Y,9,9,6.7268804805332785,4.564972247789383,sha256:9e41de42bbbb3a01e55b8bd63a7f56bd094179703ce3414eb8edaf7f563bfce7
WIDE_N16_IDENTITY,Z,9,7,50.25028149122424,42.50104541211151,sha256:e90336fedfa71cf9fcb637941d974da19e29888ede549816aed80cbae2ba7b46
WIDE_N16_IDENTITY,Z,9,8,34.23252687894898,33.458504732068654,sha256:0ddb395040be91787467121b4bbdb83e76238e22693e7e7ecfb1140dfb52957e
WIDE_N16_IDENTITY,Z,9,9,20.564941603804506,19.347646881204877,sha256:9e41de42bbbb3a01e55b8bd63a7f56bd094179703ce3414eb8edaf7f563bfce7
WIDE_N16_IDENTITY,D111,9,7,33.815344172403314,28.080368987478188,sha256:e90336fedfa71cf9fcb637941d974da19e29888ede549816aed80cbae2ba7b46
WIDE_N16_IDENTITY,D111,9,8,26.298485202794307,25.17894948263327,sha256:0ddb395040be91787467121b4bbdb83e76238e22693e7e7ecfb1140dfb52957e
WIDE_N16_IDENTITY,D111,9,9,13.082031763283158,11.834326170906152,sha256:9e41de42bbbb3a01e55b8bd63a7f56bd094179703ce3414eb8edaf7f563bfce7
WIDE_N16_IDENTITY,D1M11,9,7,33.815344172403314,28.080368987478188,sha256:e90336fedfa71cf9fcb637941d974da19e29888ede549816aed80cbae2ba7b46
WIDE_N16_IDENTITY,D1M11,9,8,26.29848520279432,25.178949482633282,sha256:0ddb395040be91787467121b4bbdb83e76238e22693e7e7ecfb1140dfb52957e
WIDE_N16_IDENTITY,D1M11,9,9,13.082031763283169,11.834326170906166,sha256:9e41de42bbbb3a01e55b8bd63a7f56bd094179703ce3414eb8edaf7f563bfce7
WIDE_N16_IDENTITY,D11M1,9,7,33.815344172403314,28.08036898747819,sha256:e90336fedfa71cf9fcb637941d974da19e29888ede549816aed80cbae2ba7b46
WIDE_N16_IDENTITY,D11M1,9,8,26.2984852027943,25.178949482633257,sha256:0ddb395040be91787467121b4bbdb83e76238e22693e7e7ecfb1140dfb52957e
WIDE_N16_IDENTITY,D11M1,9,9,13.082031763283172,11.834326170906166,sha256:9e41de42bbbb3a01e55b8bd63a7f56bd094179703ce3414eb8edaf7f563bfce7
WIDE_N16_IDENTITY,X,12,7,21.27606301159835,16.77531874280577,sha256:e90336fedfa71cf9fcb637941d974da19e29888ede549816aed80cbae2ba7b46
WIDE_N16_IDENTITY,X,12,8,21.24811845042757,19.733177442562603,sha256:0ddb395040be91787467121b4bbdb83e76238e22693e7e7ecfb1140dfb52957e
WIDE_N16_IDENTITY,X,12,9,6.726880480533278,4.564972247789328,sha256:9e41de42bbbb3a01e55b8bd63a7f56bd094179703ce3414eb8edaf7f563bfce7
WIDE_N16_IDENTITY,X,12,10,8.193946927483564,8.154142882133334,sha256:eebba5111a7624d431457709d775b913a6c194d89056f1fabab9e2ec205eef42
WIDE_N16_IDENTITY,X,12,11,7.5317905838240735,7.297806940773953,sha256:2130a69a04b3f2d745a25dae67025f10bb75cd0409c3bc96d5c30f3653699a19
WIDE_N16_IDENTITY,X,12,12,5.2392972865609675,4.4956325422796235,sha256:c795c7d743eecc6aa6b664bc1cfbc9791c75275a010de8c016dfbf6c3bfbd2a5
WIDE_N16_IDENTITY,Y,12,7,21.276063011598144,16.77531874280554,sha256:e90336fedfa71cf9fcb637941d974da19e29888ede549816aed80cbae2ba7b46
WIDE_N16_IDENTITY,Y,12,8,21.248118450427736,19.733177442562823,sha256:0ddb395040be91787467121b4bbdb83e76238e22693e7e7ecfb1140dfb52957e
WIDE_N16_IDENTITY,Y,12,9,6.7268804805332785,4.564972247789383,sha256:9e41de42bbbb3a01e55b8bd63a7f56bd094179703ce3414eb8edaf7f563bfce7
WIDE_N16_IDENTITY,Y,12,10,8.193946927483497,8.154142882133266,sha256:eebba5111a7624d431457709d775b913a6c194d89056f1fabab9e2ec205eef42
WIDE_N16_IDENTITY,Y,12,11,7.5317905838241614,7.297806940774047,sha256:2130a69a04b3f2d745a25dae67025f10bb75cd0409c3bc96d5c30f3653699a19
WIDE_N16_IDENTITY,Y,12,12,5.239297286560839,4.4956325422794965,sha256:c795c7d743eecc6aa6b664bc1cfbc9791c75275a010de8c016dfbf6c3bfbd2a5
WIDE_N16_IDENTITY,Z,12,7,50.25028149122424,42.50104541211151,sha256:e90336fedfa71cf9fcb637941d974da19e29888ede549816aed80cbae2ba7b46
WIDE_N16_IDENTITY,Z,12,8,34.23252687894898,33.458504732068654,sha256:0ddb395040be91787467121b4bbdb83e76238e22693e7e7ecfb1140dfb52957e
WIDE_N16_IDENTITY,Z,12,9,20.564941603804506,19.347646881204877,sha256:9e41de42bbbb3a01e55b8bd63a7f56bd094179703ce3414eb8edaf7f563bfce7
WIDE_N16_IDENTITY,Z,12,10,5.308348020640211,3.2364460924623653,sha256:eebba5111a7624d431457709d775b913a6c194d89056f1fabab9e2ec205eef42
WIDE_N16_IDENTITY,Z,12,11,5.867470677278532,5.4889720302261304,sha256:2130a69a04b3f2d745a25dae67025f10bb75cd0409c3bc96d5c30f3653699a19
WIDE_N16_IDENTITY,Z,12,12,10.393932722248172,10.291612880989103,sha256:c795c7d743eecc6aa6b664bc1cfbc9791c75275a010de8c016dfbf6c3bfbd2a5
WIDE_N16_IDENTITY,D111,12,7,33.815344172403314,28.080368987478188,sha256:e90336fedfa71cf9fcb637941d974da19e29888ede549816aed80cbae2ba7b46
WIDE_N16_IDENTITY,D111,12,8,26.298485202794307,25.17894948263327,sha256:0ddb395040be91787467121b4bbdb83e76238e22693e7e7ecfb1140dfb52957e
WIDE_N16_IDENTITY,D111,12,9,13.082031763283158,11.834326170906152,sha256:9e41de42bbbb3a01e55b8bd63a7f56bd094179703ce3414eb8edaf7f563bfce7
WIDE_N16_IDENTITY,D111,12,10,7.358896910295487,7.074785737125982,sha256:eebba5111a7624d431457709d775b913a6c194d89056f1fabab9e2ec205eef42
WIDE_N16_IDENTITY,D111,12,11,7.02099116805899,6.843763775463287,sha256:2130a69a04b3f2d745a25dae67025f10bb75cd0409c3bc96d5c30f3653699a19
WIDE_N16_IDENTITY,D111,12,12,7.369629333703515,7.05113654545555,sha256:c795c7d743eecc6aa6b664bc1cfbc9791c75275a010de8c016dfbf6c3bfbd2a5
WIDE_N16_IDENTITY,D1M11,12,7,33.815344172403314,28.080368987478188,sha256:e90336fedfa71cf9fcb637941d974da19e29888ede549816aed80cbae2ba7b46
WIDE_N16_IDENTITY,D1M11,12,8,26.29848520279432,25.178949482633282,sha256:0ddb395040be91787467121b4bbdb83e76238e22693e7e7ecfb1140dfb52957e
WIDE_N16_IDENTITY,D1M11,12,9,13.082031763283169,11.834326170906166,sha256:9e41de42bbbb3a01e55b8bd63a7f56bd094179703ce3414eb8edaf7f563bfce7
WIDE_N16_IDENTITY,D1M11,12,10,7.358896910295463,7.07478573712596,sha256:eebba5111a7624d431457709d775b913a6c194d89056f1fabab9e2ec205eef42
WIDE_N16_IDENTITY,D1M11,12,11,7.020991168058983,6.843763775463279,sha256:2130a69a04b3f2d745a25dae67025f10bb75cd0409c3bc96d5c30f3653699a19
WIDE_N16_IDENTITY,D1M11,12,12,7.369629333703526,7.051136545455561,sha256:c795c7d743eecc6aa6b664bc1cfbc9791c75275a010de8c016dfbf6c3bfbd2a5
WIDE_N16_IDENTITY,D11M1,12,7,33.815344172403314,28.08036898747819,sha256:e90336fedfa71cf9fcb637941d974da19e29888ede549816aed80cbae2ba7b46
WIDE_N16_IDENTITY,D11M1,12,8,26.2984852027943,25.178949482633257,sha256:0ddb395040be91787467121b4bbdb83e76238e22693e7e7ecfb1140dfb52957e
WIDE_N16_IDENTITY,D11M1,12,9,13.082031763283172,11.834326170906166,sha256:9e41de42bbbb3a01e55b8bd63a7f56bd094179703ce3414eb8edaf7f563bfce7
WIDE_N16_IDENTITY,D11M1,12,10,7.358896910295456,7.074785737125949,sha256:eebba5111a7624d431457709d775b913a6c194d89056f1fabab9e2ec205eef42
WIDE_N16_IDENTITY,D11M1,12,11,7.02099116805899,6.8437637754632865,sha256:2130a69a04b3f2d745a25dae67025f10bb75cd0409c3bc96d5c30f3653699a19
WIDE_N16_IDENTITY,D11M1,12,12,7.369629333703525,7.05113654545556,sha256:c795c7d743eecc6aa6b664bc1cfbc9791c75275a010de8c016dfbf6c3bfbd2a5
WIDE_N16_IDENTITY,X,16,7,21.27606301159835,16.77531874280577,sha256:e90336fedfa71cf9fcb637941d974da19e29888ede549816aed80cbae2ba7b46
WIDE_N16_IDENTITY,X,16,8,21.24811845042757,19.733177442562603,sha256:0ddb395040be91787467121b4bbdb83e76238e22693e7e7ecfb1140dfb52957e
WIDE_N16_IDENTITY,X,16,9,6.726880480533278,4.564972247789328,sha256:9e41de42bbbb3a01e55b8bd63a7f56bd094179703ce3414eb8edaf7f563bfce7
WIDE_N16_IDENTITY,X,16,10,8.193946927483564,8.154142882133334,sha256:eebba5111a7624d431457709d775b913a6c194d89056f1fabab9e2ec205eef42
WIDE_N16_IDENTITY,X,16,11,7.5317905838240735,7.297806940773953,sha256:2130a69a04b3f2d745a25dae67025f10bb75cd0409c3bc96d5c30f3653699a19
WIDE_N16_IDENTITY,X,16,12,5.2392972865609675,4.4956325422796235,sha256:c795c7d743eecc6aa6b664bc1cfbc9791c75275a010de8c016dfbf6c3bfbd2a5
WIDE_N16_IDENTITY,X,16,13,2.307327855719796,1.4476566383766767,sha256:b351c10ad7ded5b58835e65d0da3de027a3d8304d6b895c0675ce458f351bb27
WIDE_N16_IDENTITY,X,16,14,4.721919912274525,4.699659893732528,sha256:602472d6232d6295aab4ab94f4f0600dbd00512f67daecc299577419d6e88d60
WIDE_N16_IDENTITY,X,16,15,5.171728184068619,5.05750765549704,sha256:4a66fd3a122b9d019feef8b6e5be1e4b5f0b49bb1ea904ba59d850d674558d45
WIDE_N16_IDENTITY,X,16,16,2.8425569945560367,2.2535124638643698,sha256:3b3e21781ba23747e2a07cd747aa22272a0e746a13c607c87fc4015c82bb8983
WIDE_N16_IDENTITY,Y,16,7,21.276063011598144,16.77531874280554,sha256:e90336fedfa71cf9fcb637941d974da19e29888ede549816aed80cbae2ba7b46
WIDE_N16_IDENTITY,Y,16,8,21.248118450427736,19.733177442562823,sha256:0ddb395040be91787467121b4bbdb83e76238e22693e7e7ecfb1140dfb52957e
WIDE_N16_IDENTITY,Y,16,9,6.7268804805332785,4.564972247789383,sha256:9e41de42bbbb3a01e55b8bd63a7f56bd094179703ce3414eb8edaf7f563bfce7
WIDE_N16_IDENTITY,Y,16,10,8.193946927483497,8.154142882133266,sha256:eebba5111a7624d431457709d775b913a6c194d89056f1fabab9e2ec205eef42
WIDE_N16_IDENTITY,Y,16,11,7.5317905838241614,7.297806940774047,sha256:2130a69a04b3f2d745a25dae67025f10bb75cd0409c3bc96d5c30f3653699a19
WIDE_N16_IDENTITY,Y,16,12,5.239297286560839,4.4956325422794965,sha256:c795c7d743eecc6aa6b664bc1cfbc9791c75275a010de8c016dfbf6c3bfbd2a5
WIDE_N16_IDENTITY,Y,16,13,2.3073278557197168,1.4476566383765692,sha256:b351c10ad7ded5b58835e65d0da3de027a3d8304d6b895c0675ce458f351bb27
WIDE_N16_IDENTITY,Y,16,14,4.721919912274575,4.699659893732578,sha256:602472d6232d6295aab4ab94f4f0600dbd00512f67daecc299577419d6e88d60
WIDE_N16_IDENTITY,Y,16,15,5.171728184068771,5.057507655497193,sha256:4a66fd3a122b9d019feef8b6e5be1e4b5f0b49bb1ea904ba59d850d674558d45
WIDE_N16_IDENTITY,Y,16,16,2.8425569945557942,2.253512463864075,sha256:3b3e21781ba23747e2a07cd747aa22272a0e746a13c607c87fc4015c82bb8983
WIDE_N16_IDENTITY,Z,16,7,50.25028149122424,42.50104541211151,sha256:e90336fedfa71cf9fcb637941d974da19e29888ede549816aed80cbae2ba7b46
WIDE_N16_IDENTITY,Z,16,8,34.23252687894898,33.458504732068654,sha256:0ddb395040be91787467121b4bbdb83e76238e22693e7e7ecfb1140dfb52957e
WIDE_N16_IDENTITY,Z,16,9,20.564941603804506,19.347646881204877,sha256:9e41de42bbbb3a01e55b8bd63a7f56bd094179703ce3414eb8edaf7f563bfce7
WIDE_N16_IDENTITY,Z,16,10,5.308348020640211,3.2364460924623653,sha256:eebba5111a7624d431457709d775b913a6c194d89056f1fabab9e2ec205eef42
WIDE_N16_IDENTITY,Z,16,11,5.867470677278532,5.4889720302261304,sha256:2130a69a04b3f2d745a25dae67025f10bb75cd0409c3bc96d5c30f3653699a19
WIDE_N16_IDENTITY,Z,16,12,10.393932722248172,10.291612880989103,sha256:c795c7d743eecc6aa6b664bc1cfbc9791c75275a010de8c016dfbf6c3bfbd2a5
WIDE_N16_IDENTITY,Z,16,13,7.610404056622682,7.2218499026805905,sha256:b351c10ad7ded5b58835e65d0da3de027a3d8304d6b895c0675ce458f351bb27
WIDE_N16_IDENTITY,Z,16,14,3.2651973610737453,2.0057272642606163,sha256:602472d6232d6295aab4ab94f4f0600dbd00512f67daecc299577419d6e88d60
WIDE_N16_IDENTITY,Z,16,15,3.465794242443771,3.0980890396992082,sha256:4a66fd3a122b9d019feef8b6e5be1e4b5f0b49bb1ea904ba59d850d674558d45
WIDE_N16_IDENTITY,Z,16,16,6.310999273869967,6.28609622463333,sha256:3b3e21781ba23747e2a07cd747aa22272a0e746a13c607c87fc4015c82bb8983
WIDE_N16_IDENTITY,D111,16,7,33.815344172403314,28.080368987478188,sha256:e90336fedfa71cf9fcb637941d974da19e29888ede549816aed80cbae2ba7b46
WIDE_N16_IDENTITY,D111,16,8,26.298485202794307,25.17894948263327,sha256:0ddb395040be91787467121b4bbdb83e76238e22693e7e7ecfb1140dfb52957e
WIDE_N16_IDENTITY,D111,16,9,13.082031763283158,11.834326170906152,sha256:9e41de42bbbb3a01e55b8bd63a7f56bd094179703ce3414eb8edaf7f563bfce7
WIDE_N16_IDENTITY,D111,16,10,7.358896910295487,7.074785737125982,sha256:eebba5111a7624d431457709d775b913a6c194d89056f1fabab9e2ec205eef42
WIDE_N16_IDENTITY,D111,16,11,7.02099116805899,6.843763775463287,sha256:2130a69a04b3f2d745a25dae67025f10bb75cd0409c3bc96d5c30f3653699a19
WIDE_N16_IDENTITY,D111,16,12,7.369629333703515,7.05113654545555,sha256:c795c7d743eecc6aa6b664bc1cfbc9791c75275a010de8c016dfbf6c3bfbd2a5
WIDE_N16_IDENTITY,D111,16,13,4.7807172952957435,4.477462248172206,sha256:b351c10ad7ded5b58835e65d0da3de027a3d8304d6b895c0675ce458f351bb27
WIDE_N16_IDENTITY,D111,16,14,4.291641842878336,4.123609785684299,sha256:602472d6232d6295aab4ab94f4f0600dbd00512f67daecc299577419d6e88d60
WIDE_N16_IDENTITY,D111,16,15,4.672803389498893,4.567028871571529,sha256:4a66fd3a122b9d019feef8b6e5be1e4b5f0b49bb1ea904ba59d850d674558d45
WIDE_N16_IDENTITY,D111,16,16,4.320068377907313,4.153564501122303,sha256:3b3e21781ba23747e2a07cd747aa22272a0e746a13c607c87fc4015c82bb8983
WIDE_N16_IDENTITY,D1M11,16,7,33.815344172403314,28.080368987478188,sha256:e90336fedfa71cf9fcb637941d974da19e29888ede549816aed80cbae2ba7b46
WIDE_N16_IDENTITY,D1M11,16,8,26.29848520279432,25.178949482633282,sha256:0ddb395040be91787467121b4bbdb83e76238e22693e7e7ecfb1140dfb52957e
WIDE_N16_IDENTITY,D1M11,16,9,13.082031763283169,11.834326170906166,sha256:9e41de42bbbb3a01e55b8bd63a7f56bd094179703ce3414eb8edaf7f563bfce7
WIDE_N16_IDENTITY,D1M11,16,10,7.358896910295463,7.07478573712596,sha256:eebba5111a7624d431457709d775b913a6c194d89056f1fabab9e2ec205eef42
WIDE_N16_IDENTITY,D1M11,16,11,7.020991168058983,6.843763775463279,sha256:2130a69a04b3f2d745a25dae67025f10bb75cd0409c3bc96d5c30f3653699a19
WIDE_N16_IDENTITY,D1M11,16,12,7.369629333703526,7.051136545455561,sha256:c795c7d743eecc6aa6b664bc1cfbc9791c75275a010de8c016dfbf6c3bfbd2a5
WIDE_N16_IDENTITY,D1M11,16,13,4.780717295295745,4.477462248172211,sha256:b351c10ad7ded5b58835e65d0da3de027a3d8304d6b895c0675ce458f351bb27
WIDE_N16_IDENTITY,D1M11,16,14,4.291641842878359,4.123609785684322,sha256:602472d6232d6295aab4ab94f4f0600dbd00512f67daecc299577419d6e88d60
WIDE_N16_IDENTITY,D1M11,16,15,4.672803389498929,4.567028871571565,sha256:4a66fd3a122b9d019feef8b6e5be1e4b5f0b49bb1ea904ba59d850d674558d45
WIDE_N16_IDENTITY,D1M11,16,16,4.3200683779073605,4.153564501122352,sha256:3b3e21781ba23747e2a07cd747aa22272a0e746a13c607c87fc4015c82bb8983
WIDE_N16_IDENTITY,D11M1,16,7,33.815344172403314,28.08036898747819,sha256:e90336fedfa71cf9fcb637941d974da19e29888ede549816aed80cbae2ba7b46
WIDE_N16_IDENTITY,D11M1,16,8,26.2984852027943,25.178949482633257,sha256:0ddb395040be91787467121b4bbdb83e76238e22693e7e7ecfb1140dfb52957e
WIDE_N16_IDENTITY,D11M1,16,9,13.082031763283172,11.834326170906166,sha256:9e41de42bbbb3a01e55b8bd63a7f56bd094179703ce3414eb8edaf7f563bfce7
WIDE_N16_IDENTITY,D11M1,16,10,7.358896910295456,7.074785737125949,sha256:eebba5111a7624d431457709d775b913a6c194d89056f1fabab9e2ec205eef42
WIDE_N16_IDENTITY,D11M1,16,11,7.02099116805899,6.8437637754632865,sha256:2130a69a04b3f2d745a25dae67025f10bb75cd0409c3bc96d5c30f3653699a19
WIDE_N16_IDENTITY,D11M1,16,12,7.369629333703525,7.05113654545556,sha256:c795c7d743eecc6aa6b664bc1cfbc9791c75275a010de8c016dfbf6c3bfbd2a5
WIDE_N16_IDENTITY,D11M1,16,13,4.780717295295751,4.477462248172216,sha256:b351c10ad7ded5b58835e65d0da3de027a3d8304d6b895c0675ce458f351bb27
WIDE_N16_IDENTITY,D11M1,16,14,4.291641842878364,4.1236097856843275,sha256:602472d6232d6295aab4ab94f4f0600dbd00512f67daecc299577419d6e88d60
WIDE_N16_IDENTITY,D11M1,16,15,4.672803389498915,4.567028871571549,sha256:4a66fd3a122b9d019feef8b6e5be1e4b5f0b49bb1ea904ba59d850d674558d45
WIDE_N16_IDENTITY,D11M1,16,16,4.320068377907365,4.1535645011223545,sha256:3b3e21781ba23747e2a07cd747aa22272a0e746a13c607c87fc4015c82bb8983
WIDE_N32_IDENTITY,X,12,7,21.274676763125456,16.784638601256678,sha256:b1daeab1b13580c0c51e63e333be6d377bb02ea4687f9aaaf2d4d9926a1c5b7f
WIDE_N32_IDENTITY,X,12,8,21.247060214376532,19.74409662085204,sha256:c020ec5367771d3d8307d927738279eb55766d3f928580a8726069b6ba889efa
WIDE_N32_IDENTITY,X,12,9,6.65207928769484,4.473355299618108,sha256:69cee98de0207af17aee4a9d9c5addfa2314b7db7bc6098f52735413c19333e1
WIDE_N32_IDENTITY,X,12,10,7.9667268883923334,7.9267073279946745,sha256:65bcba97bd5d41c4258cf44c8abff610a6a686a82677b1a308d961d6d7672c89
WIDE_N32_IDENTITY,X,12,11,7.623837869322614,7.39809813713724,sha256:587d7e07ee0356c7abff6950b512fb4d873bb21fabadd7fa37078e99aeb5865b
WIDE_N32_IDENTITY,X,12,12,5.082807834863558,4.327259170364994,sha256:1709ebfbe5d99921df8eac0acd0437ee76e8ff23e61da1d0e56dcba05c599ca3
WIDE_N32_IDENTITY,Y,12,7,21.274676763125104,16.784638601256177,sha256:b1daeab1b13580c0c51e63e333be6d377bb02ea4687f9aaaf2d4d9926a1c5b7f
WIDE_N32_IDENTITY,Y,12,8,21.247060214376695,19.744096620852222,sha256:c020ec5367771d3d8307d927738279eb55766d3f928580a8726069b6ba889efa
WIDE_N32_IDENTITY,Y,12,9,6.652079287694966,4.473355299618285,sha256:69cee98de0207af17aee4a9d9c5addfa2314b7db7bc6098f52735413c19333e1
WIDE_N32_IDENTITY,Y,12,10,7.966726888392291,7.92670732799463,sha256:65bcba97bd5d41c4258cf44c8abff610a6a686a82677b1a308d961d6d7672c89
WIDE_N32_IDENTITY,Y,12,11,7.62383786932236,7.3980981371369765,sha256:587d7e07ee0356c7abff6950b512fb4d873bb21fabadd7fa37078e99aeb5865b
WIDE_N32_IDENTITY,Y,12,12,5.082807834863535,4.32725917036499,sha256:1709ebfbe5d99921df8eac0acd0437ee76e8ff23e61da1d0e56dcba05c599ca3
WIDE_N32_IDENTITY,Z,12,7,50.06658939112113,42.32119454343215,sha256:b1daeab1b13580c0c51e63e333be6d377bb02ea4687f9aaaf2d4d9926a1c5b7f
WIDE_N32_IDENTITY,Z,12,8,33.96989869654934,33.19743754683489,sha256:c020ec5367771d3d8307d927738279eb55766d3f928580a8726069b6ba889efa
WIDE_N32_IDENTITY,Z,12,9,20.45449536074561,19.241353613919237,sha256:69cee98de0207af17aee4a9d9c5addfa2314b7db7bc6098f52735413c19333e1
WIDE_N32_IDENTITY,Z,12,10,5.286057564137569,3.237810498849613,sha256:65bcba97bd5d41c4258cf44c8abff610a6a686a82677b1a308d961d6d7672c89
WIDE_N32_IDENTITY,Z,12,11,5.738956752645615,5.3592839316448995,sha256:587d7e07ee0356c7abff6950b512fb4d873bb21fabadd7fa37078e99aeb5865b
WIDE_N32_IDENTITY,Z,12,12,10.27437639017555,10.174571789092296,sha256:1709ebfbe5d99921df8eac0acd0437ee76e8ff23e61da1d0e56dcba05c599ca3
WIDE_N32_IDENTITY,D111,12,7,33.72381510648942,27.993955444505566,sha256:b1daeab1b13580c0c51e63e333be6d377bb02ea4687f9aaaf2d4d9926a1c5b7f
WIDE_N32_IDENTITY,D111,12,8,26.18415012280339,25.068089990107982,sha256:c020ec5367771d3d8307d927738279eb55766d3f928580a8726069b6ba889efa
WIDE_N32_IDENTITY,D111,12,9,12.998547331174134,11.755107015548617,sha256:69cee98de0207af17aee4a9d9c5addfa2314b7db7bc6098f52735413c19333e1
WIDE_N32_IDENTITY,D111,12,10,7.185167110091965,6.897388020247611,sha256:65bcba97bd5d41c4258cf44c8abff610a6a686a82677b1a308d961d6d7672c89
WIDE_N32_IDENTITY,D111,12,11,7.051747592480596,6.877021817328513,sha256:587d7e07ee0356c7abff6950b512fb4d873bb21fabadd7fa37078e99aeb5865b
WIDE_N32_IDENTITY,D111,12,12,7.239536844745821,6.924973174666412,sha256:1709ebfbe5d99921df8eac0acd0437ee76e8ff23e61da1d0e56dcba05c599ca3
WIDE_N32_IDENTITY,D1M11,12,7,33.7238151064894,27.993955444505534,sha256:b1daeab1b13580c0c51e63e333be6d377bb02ea4687f9aaaf2d4d9926a1c5b7f
WIDE_N32_IDENTITY,D1M11,12,8,26.18415012280341,25.068089990107996,sha256:c020ec5367771d3d8307d927738279eb55766d3f928580a8726069b6ba889efa
WIDE_N32_IDENTITY,D1M11,12,9,12.99854733117413,11.755107015548614,sha256:69cee98de0207af17aee4a9d9c5addfa2314b7db7bc6098f52735413c19333e1
WIDE_N32_IDENTITY,D1M11,12,10,7.185167110091966,6.897388020247612,sha256:65bcba97bd5d41c4258cf44c8abff610a6a686a82677b1a308d961d6d7672c89
WIDE_N32_IDENTITY,D1M11,12,11,7.051747592480606,6.877021817328522,sha256:587d7e07ee0356c7abff6950b512fb4d873bb21fabadd7fa37078e99aeb5865b
WIDE_N32_IDENTITY,D1M11,12,12,7.239536844745813,6.924973174666405,sha256:1709ebfbe5d99921df8eac0acd0437ee76e8ff23e61da1d0e56dcba05c599ca3
WIDE_N32_IDENTITY,D11M1,12,7,33.7238151064894,27.99395544450554,sha256:b1daeab1b13580c0c51e63e333be6d377bb02ea4687f9aaaf2d4d9926a1c5b7f
WIDE_N32_IDENTITY,D11M1,12,8,26.184150122803427,25.068089990108014,sha256:c020ec5367771d3d8307d927738279eb55766d3f928580a8726069b6ba889efa
WIDE_N32_IDENTITY,D11M1,12,9,12.998547331174146,11.755107015548633,sha256:69cee98de0207af17aee4a9d9c5addfa2314b7db7bc6098f52735413c19333e1
WIDE_N32_IDENTITY,D11M1,12,10,7.1851671100919745,6.8973880202476225,sha256:65bcba97bd5d41c4258cf44c8abff610a6a686a82677b1a308d961d6d7672c89
WIDE_N32_IDENTITY,D11M1,12,11,7.0517475924806154,6.877021817328533,sha256:587d7e07ee0356c7abff6950b512fb4d873bb21fabadd7fa37078e99aeb5865b
WIDE_N32_IDENTITY,D11M1,12,12,7.239536844745847,6.92497317466644,sha256:1709ebfbe5d99921df8eac0acd0437ee76e8ff23e61da1d0e56dcba05c599ca3
FULL_N16_IDENTITY,X,12,7,0.017609583034706888,0.017425547940113792,sha256:fc272c6b0d54edb508342fce99a22d3cc497012cb9e51de06ec44319b48c0379
FULL_N16_IDENTITY,X,12,8,0.024712475494310025,0.024472092255950092,sha256:b6bb754b537e3b908bdebd2cd9cdb1c274e2c2912fa2c21b66c4c9fbe77decbc
FULL_N16_IDENTITY,X,12,9,0.02491870525737077,0.024661809751044306,sha256:c3d2c15935d97fdd5e0d42c64156db4da0f22121ec7615745cf10dda38ce035d
FULL_N16_IDENTITY,X,12,10,0.03172475700834211,0.03136228026420351,sha256:762a937193d2174d6e0dde32848f800bdafe584a3824b2e3f57a63d1fae4661b
FULL_N16_IDENTITY,X,12,11,0.031244383193748233,0.03102689314659652,sha256:0224a93f6318fff9233ff02e7183393c58935a29535f2fcf1c4c5614820f59dd
FULL_N16_IDENTITY,X,12,12,0.039615923555175216,0.039310428874075286,sha256:05c329181540358fb71a9f2e1a0647847a5debdb7ff97e129ca98d950accecb9
FULL_N16_IDENTITY,Y,12,7,0.017609583034706573,0.017425547940113455,sha256:fc272c6b0d54edb508342fce99a22d3cc497012cb9e51de06ec44319b48c0379
FULL_N16_IDENTITY,Y,12,8,0.024712475494310108,0.024472092255950213,sha256:b6bb754b537e3b908bdebd2cd9cdb1c274e2c2912fa2c21b66c4c9fbe77decbc
FULL_N16_IDENTITY,Y,12,9,0.024918705257371325,0.02466180975104492,sha256:c3d2c15935d97fdd5e0d42c64156db4da0f22121ec7615745cf10dda38ce035d
FULL_N16_IDENTITY,Y,12,10,0.031724757008342847,0.0313622802642041,sha256:762a937193d2174d6e0dde32848f800bdafe584a3824b2e3f57a63d1fae4661b
FULL_N16_IDENTITY,Y,12,11,0.031244383193748854,0.031026893146597075,sha256:0224a93f6318fff9233ff02e7183393c58935a29535f2fcf1c4c5614820f59dd
FULL_N16_IDENTITY,Y,12,12,0.03961592355517526,0.039310428874075376,sha256:05c329181540358fb71a9f2e1a0647847a5debdb7ff97e129ca98d950accecb9
FULL_N16_IDENTITY,Z,12,7,0.005841443749667164,0.004374010340419672,sha256:fc272c6b0d54edb508342fce99a22d3cc497012cb9e51de06ec44319b48c0379
FULL_N16_IDENTITY,Z,12,8,0.006674200929897004,0.0038267304824310595,sha256:b6bb754b537e3b908bdebd2cd9cdb1c274e2c2912fa2c21b66c4c9fbe77decbc
FULL_N16_IDENTITY,Z,12,9,0.0057182225857173065,0.002907584154784634,sha256:c3d2c15935d97fdd5e0d42c64156db4da0f22121ec7615745cf10dda38ce035d
FULL_N16_IDENTITY,Z,12,10,0.0061016072472913074,0.0033295010460498617,sha256:762a937193d2174d6e0dde32848f800bdafe584a3824b2e3f57a63d1fae4661b
FULL_N16_IDENTITY,Z,12,11,0.007064905050249508,0.003190511227450024,sha256:0224a93f6318fff9233ff02e7183393c58935a29535f2fcf1c4c5614820f59dd
FULL_N16_IDENTITY,Z,12,12,0.010097744458301609,0.005687775239659962,sha256:05c329181540358fb71a9f2e1a0647847a5debdb7ff97e129ca98d950accecb9
FULL_N16_IDENTITY,D111,12,7,0.014768404273910659,0.014469418972056176,sha256:fc272c6b0d54edb508342fce99a22d3cc497012cb9e51de06ec44319b48c0379
FULL_N16_IDENTITY,D111,12,8,0.020542296594801602,0.02015092862356571,sha256:b6bb754b537e3b908bdebd2cd9cdb1c274e2c2912fa2c21b66c4c9fbe77decbc
FULL_N16_IDENTITY,D111,12,9,0.020612147008881886,0.020200053895930683,sha256:c3d2c15935d97fdd5e0d42c64156db4da0f22121ec7615745cf10dda38ce035d
FULL_N16_IDENTITY,D111,12,10,0.02614160174560177,0.02562799157514188,sha256:762a937193d2174d6e0dde32848f800bdafe584a3824b2e3f57a63d1fae4661b
FULL_N16_IDENTITY,D111,12,11,0.025834962393912607,0.02545330291867226,sha256:0224a93f6318fff9233ff02e7183393c58935a29535f2fcf1c4c5614820f59dd
FULL_N16_IDENTITY,D111,12,12,0.03286744712429073,0.03233400438276321,sha256:05c329181540358fb71a9f2e1a0647847a5debdb7ff97e129ca98d950accecb9
FULL_N16_IDENTITY,D1M11,12,7,0.014768404273910647,0.01446941897205616,sha256:fc272c6b0d54edb508342fce99a22d3cc497012cb9e51de06ec44319b48c0379
FULL_N16_IDENTITY,D1M11,12,8,0.020542296594801564,0.020150928623565677,sha256:b6bb754b537e3b908bdebd2cd9cdb1c274e2c2912fa2c21b66c4c9fbe77decbc
FULL_N16_IDENTITY,D1M11,12,9,0.02061214700888183,0.020200053895930648,sha256:c3d2c15935d97fdd5e0d42c64156db4da0f22121ec7615745cf10dda38ce035d
FULL_N16_IDENTITY,D1M11,12,10,0.026141601745601768,0.025627991575141902,sha256:762a937193d2174d6e0dde32848f800bdafe584a3824b2e3f57a63d1fae4661b
FULL_N16_IDENTITY,D1M11,12,11,0.025834962393912572,0.025453302918672236,sha256:0224a93f6318fff9233ff02e7183393c58935a29535f2fcf1c4c5614820f59dd
FULL_N16_IDENTITY,D1M11,12,12,0.0328674471242907,0.03233400438276318,sha256:05c329181540358fb71a9f2e1a0647847a5debdb7ff97e129ca98d950accecb9
FULL_N16_IDENTITY,D11M1,12,7,0.014768404273910692,0.014469418972056211,sha256:fc272c6b0d54edb508342fce99a22d3cc497012cb9e51de06ec44319b48c0379
FULL_N16_IDENTITY,D11M1,12,8,0.020542296594801585,0.020150928623565698,sha256:b6bb754b537e3b908bdebd2cd9cdb1c274e2c2912fa2c21b66c4c9fbe77decbc
FULL_N16_IDENTITY,D11M1,12,9,0.020612147008881837,0.020200053895930638,sha256:c3d2c15935d97fdd5e0d42c64156db4da0f22121ec7615745cf10dda38ce035d
FULL_N16_IDENTITY,D11M1,12,10,0.026141601745601827,0.02562799157514194,sha256:762a937193d2174d6e0dde32848f800bdafe584a3824b2e3f57a63d1fae4661b
FULL_N16_IDENTITY,D11M1,12,11,0.025834962393912586,0.025453302918672253,sha256:0224a93f6318fff9233ff02e7183393c58935a29535f2fcf1c4c5614820f59dd
FULL_N16_IDENTITY,D11M1,12,12,0.032867447124290766,0.03233400438276326,sha256:05c329181540358fb71a9f2e1a0647847a5debdb7ff97e129ca98d950accecb9
REFERENCE_N16_GAUSSIAN,X,12,7,142.19235770469598,134.84433289162646,sha256:e73f92040f5fcf7c99ea9c13621a8dab42fac904009e90d290d2f84ea23c11fe
REFERENCE_N16_GAUSSIAN,X,12,8,107.8521197323066,101.7885773578359,sha256:413684005be489e80effea3057be795077cb2a74a38ac7b2d9426fbd1d198b5b
REFERENCE_N16_GAUSSIAN,X,12,9,46.320611627219805,45.38117244583075,sha256:1790f067ae0cb0335275da3144f4bbbac6815c5762e1d95f1d36baef01a0674f
REFERENCE_N16_GAUSSIAN,X,12,10,31.286679871050193,26.141394069521102,sha256:64256650b247fc67d7becb97efd43d68ab17346dcd18e32ee11fa2859d960cee
REFERENCE_N16_GAUSSIAN,X,12,11,41.205400376416094,40.612884396508726,sha256:202fdc87ff3e182982207f4023fbe9b603704e820516142a2506ff3abc6a68f4
REFERENCE_N16_GAUSSIAN,X,12,12,18.66197913792273,14.964464320841138,sha256:f68af3d72069f00d18364e55bb07c9944b3e859af691f01367af7b8a7c0db64e
REFERENCE_N16_GAUSSIAN,Y,12,7,142.1923577046994,134.84433289162956,sha256:e73f92040f5fcf7c99ea9c13621a8dab42fac904009e90d290d2f84ea23c11fe
REFERENCE_N16_GAUSSIAN,Y,12,8,107.85211973230625,101.78857735783514,sha256:413684005be489e80effea3057be795077cb2a74a38ac7b2d9426fbd1d198b5b
REFERENCE_N16_GAUSSIAN,Y,12,9,46.32061162722302,45.381172445833975,sha256:1790f067ae0cb0335275da3144f4bbbac6815c5762e1d95f1d36baef01a0674f
REFERENCE_N16_GAUSSIAN,Y,12,10,31.28667987105327,26.141394069524434,sha256:64256650b247fc67d7becb97efd43d68ab17346dcd18e32ee11fa2859d960cee
REFERENCE_N16_GAUSSIAN,Y,12,11,41.20540037641383,40.61288439650632,sha256:202fdc87ff3e182982207f4023fbe9b603704e820516142a2506ff3abc6a68f4
REFERENCE_N16_GAUSSIAN,Y,12,12,18.66197913791804,14.964464320834862,sha256:f68af3d72069f00d18364e55bb07c9944b3e859af691f01367af7b8a7c0db64e
REFERENCE_N16_GAUSSIAN,Z,12,7,50.02082218080372,28.376127058438602,sha256:e73f92040f5fcf7c99ea9c13621a8dab42fac904009e90d290d2f84ea23c11fe
REFERENCE_N16_GAUSSIAN,Z,12,8,296.6169140594675,274.87479478455117,sha256:413684005be489e80effea3057be795077cb2a74a38ac7b2d9426fbd1d198b5b
REFERENCE_N16_GAUSSIAN,Z,12,9,192.18792428394042,191.18716840905284,sha256:1790f067ae0cb0335275da3144f4bbbac6815c5762e1d95f1d36baef01a0674f
REFERENCE_N16_GAUSSIAN,Z,12,10,145.19838884813976,133.23620253614786,sha256:64256650b247fc67d7becb97efd43d68ab17346dcd18e32ee11fa2859d960cee
REFERENCE_N16_GAUSSIAN,Z,12,11,98.00899493256271,97.71986907196778,sha256:202fdc87ff3e182982207f4023fbe9b603704e820516142a2506ff3abc6a68f4
REFERENCE_N16_GAUSSIAN,Z,12,12,98.4256366678715,94.84972272162571,sha256:f68af3d72069f00d18364e55bb07c9944b3e859af691f01367af7b8a7c0db64e
REFERENCE_N16_GAUSSIAN,D111,12,7,119.6375301078006,112.36549324713832,sha256:e73f92040f5fcf7c99ea9c13621a8dab42fac904009e90d290d2f84ea23c11fe
REFERENCE_N16_GAUSSIAN,D111,12,8,192.5666578682685,179.35433828015564,sha256:413684005be489e80effea3057be795077cb2a74a38ac7b2d9426fbd1d198b5b
REFERENCE_N16_GAUSSIAN,D111,12,9,117.22826218338537,116.44904486053542,sha256:1790f067ae0cb0335275da3144f4bbbac6815c5762e1d95f1d36baef01a0674f
REFERENCE_N16_GAUSSIAN,D111,12,10,87.63615083362743,79.81529692157186,sha256:64256650b247fc67d7becb97efd43d68ab17346dcd18e32ee11fa2859d960cee
REFERENCE_N16_GAUSSIAN,D111,12,11,65.83194039383558,65.56846659578251,sha256:202fdc87ff3e182982207f4023fbe9b603704e820516142a2506ff3abc6a68f4
REFERENCE_N16_GAUSSIAN,D111,12,12,58.83350769803534,56.17757714303861,sha256:f68af3d72069f00d18364e55bb07c9944b3e859af691f01367af7b8a7c0db64e
REFERENCE_N16_GAUSSIAN,D1M11,12,7,119.63753010779998,112.36549324713772,sha256:e73f92040f5fcf7c99ea9c13621a8dab42fac904009e90d290d2f84ea23c11fe
REFERENCE_N16_GAUSSIAN,D1M11,12,8,192.56665786826838,179.35433828015547,sha256:413684005be489e80effea3057be795077cb2a74a38ac7b2d9426fbd1d198b5b
REFERENCE_N16_GAUSSIAN,D1M11,12,9,117.22826218338511,116.4490448605352,sha256:1790f067ae0cb0335275da3144f4bbbac6815c5762e1d95f1d36baef01a0674f
REFERENCE_N16_GAUSSIAN,D1M11,12,10,87.63615083362751,79.81529692157194,sha256:64256650b247fc67d7becb97efd43d68ab17346dcd18e32ee11fa2859d960cee
REFERENCE_N16_GAUSSIAN,D1M11,12,11,65.83194039383572,65.56846659578265,sha256:202fdc87ff3e182982207f4023fbe9b603704e820516142a2506ff3abc6a68f4
REFERENCE_N16_GAUSSIAN,D1M11,12,12,58.83350769803479,56.17757714303801,sha256:f68af3d72069f00d18364e55bb07c9944b3e859af691f01367af7b8a7c0db64e
REFERENCE_N16_GAUSSIAN,D11M1,12,7,119.63753010780177,112.36549324713974,sha256:e73f92040f5fcf7c99ea9c13621a8dab42fac904009e90d290d2f84ea23c11fe
REFERENCE_N16_GAUSSIAN,D11M1,12,8,192.56665786826983,179.35433828015712,sha256:413684005be489e80effea3057be795077cb2a74a38ac7b2d9426fbd1d198b5b
REFERENCE_N16_GAUSSIAN,D11M1,12,9,117.22826218338462,116.44904486053464,sha256:1790f067ae0cb0335275da3144f4bbbac6815c5762e1d95f1d36baef01a0674f
REFERENCE_N16_GAUSSIAN,D11M1,12,10,87.6361508336277,79.81529692157214,sha256:64256650b247fc67d7becb97efd43d68ab17346dcd18e32ee11fa2859d960cee
REFERENCE_N16_GAUSSIAN,D11M1,12,11,65.83194039383481,65.56846659578176,sha256:202fdc87ff3e182982207f4023fbe9b603704e820516142a2506ff3abc6a68f4
REFERENCE_N16_GAUSSIAN,D11M1,12,12,58.83350769803451,56.177577143037695,sha256:f68af3d72069f00d18364e55bb07c9944b3e859af691f01367af7b8a7c0db64e
