volume,path,bytes,sha256
1,history/BASS/htt_paper_a_geometrical_optics_mapping_loop_20260916(1).zip,11282,e95247563d9d2e9d241d87e4c5a0801773b3117200910a3ce58e3cc180fcbb23
1,history/htt_paper_a_reloptics_source_seal_loop_20260916.zip,20647,fbbf9149227e720f3f57c4a11e5df7fd76f7a4d015fe73e90fef42f36270619a
1,history/htt_paper_a_v2_convergence_loop_20260916.zip,15884,b82cc3439b442d9c30f6abb3f3c5f5168bca799ec49de03739c854da70d1bcaf
1,history/htt_cmb_kinematics_redshift_loop_20260916.zip,14626,d04aea031cc16295275f48fa7b85c18368e0d10d5976be91c2c383a4cadcdf18
1,history/htt_paper_a_theorem_loop_20260916.zip,13761,9d8743f668b7d80b66d9e66bb32acac6050d0ece34a70feac13b80feab139671
1,history/HTT_R9_Theory_Integrated_Research_Plan_v1_Evidence.zip,250878,db613bd6d0b0fb200595c0dd53029b79791850bd128f464d07a71844f7300ea9
1,history/HTT_R9_Theory_Integrated_Research_Plan_v1_KO.md,38455,693124110dca7dc642e6181e091134ababedeb4d51f76db4115f96671ed407b4
1,history/HTT_RESEARCH_INPUT_FOUNDATION_57ecfe21_KO.md,14363,0d861fd82cd30a93648669eb4ac413a08883127cc7683f44d20a9daaa81d3caf
1,history/HTT_RESEARCH_INPUT_FOUNDATION_57ecfe21.zip,1333287,a280ca40ba03592cd2ce0586936549c84715a5928b7e359ed7adb0f64fee9e2a
1,history/HTT_FINAL_SOURCE_SELECTION_57ecfe21.zip,963887,74971d9af8b0aa727127bcb545078605739c2f8025afc59f98f1a9373ba04f02
1,history/HTT_FINAL_SOURCE_SELECTION_57ecfe21.csv,60957,f7b73d6d530a8157e5e3297cb1170c6f754748a34d7fb92f3a33eb6de180126f
1,history/HTT_SOURCE_ACQUISITION_57ecfe21_STATUS.csv,552288,e419fd75c6f0c0b0e94f1b2a15e5162158cd20988650d6fc65beaaba05992d07
1,history/HTT_SOURCE_ACQUISITION_57ecfe21_KO.md,6151,392a8ddfae947212d612ca3958dc289d64ad01d73c97a80d5efdb92fbfcc1560
1,history/HTT_SOURCE_ACQUISITION_57ecfe21_MISSING.csv,10021,f537d7df4eee14c37e8d76250105e67e50e824ed1f5ac8601b451d71287e8c3f
1,history/HTT_SOURCE_ACQUISITION_57ecfe21_EVIDENCE.zip,804867,9d275b02c505f91da99aa3ef77bafe21bb986cf5f2a8023a5677d884a5912a27
1,history/HTT_CATALOG_SCAN_57ecfe21_KO.md,6392,0f5a8874f26786c4bdd8dae8dd4ac7db917854c8ee72279f630e9cd6df95b8f3
1,history/BASS/HTT_INITIAL_IDEAS_RIGORIZATION_KO_20260908.md,45774,7956e03c34515ffa25d70c273f9561c69fcd4bb4e26f7f6504fecd6ea01d3830
1,history/BASS/bass_htt_mio_github_ready_current.zip,3363856,a4d066e36e44be17b5936187564cff5cd85c9a03a941e8766f14523f2b943f1a
1,history/HTT_LITERATURE_REVIEW_KO_20260908.html,253617,2b8ca5b914ae8777abaecc7c335edf06c7b905201e74121a2b9b7024c9801993
1,history/HTT_LITERATURE_DATABASE_20260908.zip,284366,7ae240d9b6a2745be8734b66c9c3e292ade5375183d5f114c3944def11f9479d
1,history/BASS/HTT_R7_REMOTE_INTERIM_REVIEW_43343340_KO.md,24720,302219fb015fc76adcca776001b301614876c0df0f6d7a6f185064349a629e47
1,history/BASS/HTT_LATEST_FIRST_COMPREHENSIVE_AUDIT_R6_KO_20260908.pdf,205225,2ad8116a464b7f3a1e90b9cdd63a8b6154225ddae6a1b903e76cd80f2850dca3
1,history/HTT_MES_AND_OBSERVED_LINEAGE_AUDIT_R5_20260908.zip,10604679,c03edb41f352265c5f2ce72626a70158b41dc4010d126910f7e2f7db9c455540
1,history/HTT_MES_AND_OBSERVED_LINEAGE_AUDIT_R5_KO_20260908.pdf,190240,54f34f19c78a8906633b1b88a753aeba7d2dd459d6a0fbebf6ee686081056d3c
1,history/HTT_HISTORY_AND_SUCCESSOR_AUDIT_R4_20260908.zip,9330017,f917db0176b67eb6259d2671b85c8f6ced82f719365d79e84ae6e25a540de3a5
1,history/HTT_HISTORY_AND_SUCCESSOR_AUDIT_R4_KO_20260908.pdf,187648,f5d46fe36852bf03785a676287fd6bed9ed1999d4b46041978f117b699432fee
1,history/HTT_INDEPENDENT_AUDIT_CONTINUATION_20260908.pdf,185782,8f12d3f343f24d147d57f1acf6d8e4f33413f8caf3ceaa7d69d28375cafdf373
1,history/HTT_INDEPENDENT_AUDIT_EVIDENCE_20260907.zip,44515842,16762071f110a9232225d061ae0aa409044991c66e1b6b367cd54b691078adac
1,history/HTT_INDEPENDENT_REPOSITORY_AUDIT_KO_20260907.pdf,251274,3b1a6c10ca1fb877f3946dae4bf5efab1a08d9168ad83a0798775e1d8e127e6d
1,history/HTT_INDEPENDENT_REPOSITORY_AUDIT_KO_20260907.md,67820,dfbaefe378f27ded33334dac4afac08c83a2b6ff66c916a8ef5a2caa995e3539
1,history/HTT_ADVERSARIAL_REVIEW_BUNDLE_20260907.zip,351386,a89720cec6d00f7238bc927b16e3cbe7d56aeb27b503e86c14e6c75bbad97410
1,history/HTT_REQUIRED_REVISIONS_KO_20260907.md,12083,ce2860a851964c4c8d4a27f1e7283e921c169e18a5b64f18bb4f19d3575aaa67
1,history/HTT_ADVERSARIAL_REVIEW_KO_20260907.md,21210,8ba09043485fb94caf8ca984c893d2dd996a85748fd75262b1827ce8a435b070
1,history/HTT_NATIVE_THEORY_R3_20260907.zip,352919,b1054d081d9f689533f870848c8207c1d13ca40349d81b8b18ea896a75c96a07
1,history/HTT_NATIVE_THEORY_R3_KO_20260907.md,33206,2d31c995dbeb306b14ed7cf280027b5ea600a56f0cba95d64fbbc230d7bedd8a
1,history/HTT_PHYSICAL_RESPONSE_R2_20260907.zip,296625,56ac9803deb94a55de3bd527594d50cc8f2177e1f0f76f49a571fc1ed8f1b24d
1,history/HTT_PHYSICAL_RESPONSE_THEORY_R2_KO_20260907.md,21313,c0ac7c4981db0607c10bea7fa6165ce828519133b41fc5c0daed2b2a0141c62d
1,history/HTT_THEORY_ONLY_CONTINUATION_20260907.zip,265215,06cfac5dfbbe192f6d7008e49f91c592de9ceb9a11aba560d9047135d950fbb1
1,history/HTT_THEORY_RESPONSE_KO_20260907.md,109589,11db709fd87c717d73c9b2cbc1b68937f41e6d5bf8b26df2e473ebc07ae9fcb0
1,history/HTT_M1_CMB_CONTINUATION_20260907.zip,1243530,5b81b85a495106d41b5656da097e8f6705ad368a4102030d295d00c985adca8b
1,history/HTT_M1_CMB_CONTINUATION_KO_20260907.md,27238,d22e03f515aa4cf9ec90949cec2e96ad88ce948c5671d7344999e99eb4168be8
1,history/HANDOFF_HTT_BASS_20260907_CHECKSUMS.sha256,443,d3a657b5f7787e0cf981a0e4ce606f612e65b28d7824a233644d865ba1bd36da
1,history/HANDOFF_HTT_BASS_20260907_adjacent_inputs.zip,2813528,752c9769a3ed06b77b6ec5491562630f2e7fd63b8550ed587968e64eb4e84e7b
1,history/HANDOFF_HTT_BASS_20260907_core.zip,919678,95e31d3bfbbbfb3127b05b2c637020ec83b0a333fa3de851d85dd7cd89a256a3
1,history/HANDOFF_HTT_BASS_20260907_DELIVERY_RECEIPT.json,857,b6dd6a1069e7696845888c705eafb9793652f2ee6983c54e59dcec7ee044a546
1,history/HTT_PR451_LOCAL_CODEX_INTAKE_20260906.zip,67402,38845f21de099ec9c0b766ba7cf58bfc9d181396e3c7eed0b5d787cff06d3159
1,history/HTT_T2_REPAIR_REVIEW_AND_PUBLICATION_PACKAGE_20260906.zip,4591326,2d1beeb8282951193f1b240ed1586590e2c664a5267ad984d640548834def6f7
1,history/BASS/HTT_T2_TOKEN_ASSERTION_REPAIR_V1_20260905T233158Z.zip,2078911,d57ecf36bae1b425eb78d69bd6d681f936c781f52675b7265b40171694781bd8
1,history/HTT_T2_REPAIR_LOCAL_CODEX_HANDOFF_20260905.zip,2048223,4d894fccadc6e0eff79afc1d1641a1a06f88e56edd3dff866b47a5feda2839cc
1,history/BASS/HTT_AUTHORITY_REPLAY_REVIEW_PACKAGE_20260905.zip,1944806,674da4df5eb555e19fc3b2d3d7334add0dd2be097e581d097a71bd129f483a0f
1,history/BASS/HTT_T9_AUTHORITY_REPLAY_HANDOFF_20260905.zip,15396,b4b17946fcbb42e8f283e54a542c0ce958bb0a6c9859a71d3e2af83599f9821f
1,history/BASS/HTT_R4A1ER_PARENT_INTAKE_20260905.zip,21895,c956ed4e12c326a485f96a06e0bda02a3ee68a4775c2eccafa6aa1f23bdaf8ce
1,history/HTT_REPORT_A_REFERENCES_V2.bib,8494,f7025411e2c38ab33f9663820b6d8a86faba05c5b0ca613f161d23692daa9d33
1,history/HTT_REPORT_A_K2FER1_REPAIR_AND_REPLAY_PACKAGE_20260905.zip,876626,8add038012321c7132203ce505c2eb8eec2f35b446ce047d4893fad246c1a70c
1,history/BASS/HTT_REPORT_A_K2FE_FAILURE_PACKAGE_20260905.zip,311458,77329d5082a7c41c1977f7547fdefb1b6c2e57dde8de907aada560f95bfb112a
1,history/HTT_REPORT_A_K2FE_FAILURE_PACKAGE_20260905.zip.sha256,113,04407984c6b4f350f22a566f8ef744614d3a47f6bf4119de8e71d9a852fccbaf
1,history/BASS/HTT_REPORT_A_K4_REVIEW.pdf,228827,46d0ea2e23ed52234239336f6006fba5a0e0d82eee7cdc89df803456e71b3915
1,history/BASS/HTT_REPORT_A_K5_REVIEW_PACKAGE_20260905.zip,9223100,8255bd8e3a11e8e994b6b935bbe7a6bb4076aec2110d086fc730a469932b4c0f
1,history/HTT_REPORT_A_K4_REVIEW.tex,77050,b6ba2263cbe5eb6872d3bf1651c47f0ab89f5e78fec7d7ae6b2636415761a2ed
1,history/BASS/HTT_REPORT_A_R4A0_CANONICAL_FRAME_REPAIR_20260904.zip,10271,d068b955b0cac4351f499ea8e31f27ed35d88e53827c510e61d807375bd770c3
1,history/BASS/HTT_REPORT_A_THEORY_METHODS_DRAFT_R3_CANDIDATE_20260903.md,35725,1e9146531c3978e151b2d55552f1b058cada5650fd9e86f84c992565326d3341
1,history/BASS/HTT_REPORT_A_R3_BLIND_REVIEW_20260903.zip,35683,d8b20f5f1193d750d8ab9d798eb5ffc0f068cae074ccf8be8526e54f995dbcd4
1,history/BASS/HTT_REPORT_A_R2_INDEPENDENT_AUDIT_20260903.zip,29098,0071d0d010f3b89ee39c81e62f1718db66ce9e84249f309a4f51806653349abc
1,history/BASS/htt_base_A2_A5_LINEAGE_SAFE_SHA256SUMS.txt,432,4970299b7fac14ecbefc58dfc4fee18ed0eaad6bacb92a104c53084c19106f01
1,history/BASS/htt_base_A2_A5_LINEAGE_SAFE_FINAL_VERIFICATION.json,2040,16bbfc33f7a178e104d8d1500995c56cc4f7b102ac4daed61d73df8d00b097f0
1,history/BASS/htt_base_PR449_A5_preflight_overlay.patch,12982,210d8bd1c68d3f8a7731da528ca625053b7642bea4f105516293856376c5d0e4
1,history/BASS/htt_base_A2_implementation.patch,60999,94d67a857425d41149732ba064321f4ebe0b01a8ff8c2145e16555f696ece40a
1,history/BASS/htt_base_A2_A5_LINEAGE_SAFE_20260903.zip,50389,a623c6641f3c7e342f472aa3882d3ccc5d474a48dca851b89d8604f6ed20bfa7
1,history/HTT_PR328_LOCAL_CODEX_HANDOFF_20260831.tar.gz.sha256,112,71bc4193e007062c196482c8aa3ca030c50b86f972ce9d383c80a0ab0837fb87
1,history/HTT_PR328_LOCAL_CODEX_HANDOFF_20260831.tar.gz,711457,33b1f4a65669f01094b9da748d0da01bea454f3d8b773a2ce750ad1a4ddc0888
1,history/BASS/htt_base_WU009_theory_dossier_manifest_20260831.sha256,478,478eb870ed95cee32e9fd33e9a27b3fb985937df1ceb65fd735bf314bff04a20
1,history/BASS/htt_base_PaperA_equation_replacement_DO_NOT_APPLY_BEFORE_GATE_E_20260831.tex,1687,99215e1e05bd26221852c9eda8b84f828bfe192669a7aaca8b97ed1edabf5491
1,history/BASS/htt_base_WU009_wolfram_receipts_20260831.wl,2215,38807497913aecc73fa95e573f74dc3842be1bbcb417efba91068fb479acc4a1
1,history/BASS/htt_base_WU009_theory_blocker_ledger_20260831.json,25110,cd7bf3fc7fcb39e96729706e8932c678406c3fd74be334acb2783c0a9e1e871c
1,history/BASS/htt_base_WU009_theory_dossier_20260831.md,41747,7dd5d7445c9432a37e7951beede87ce40522dba54669f3b24583ff3a196c1b8d
1,history/BASS/HTT_MES_THREAD_ARCHIVE_20260830_DELIVERY_RECEIPT.json,1946,41af99f8764f5158ed1dacbc9c15f84d2c9a7428c97ecf127912a52ccc51db8a
1,history/BASS/HTT_MES_THREAD_ARCHIVE_20260830.zip.sha256,102,f8e64ca3222dd77750fddcf0d0e8abe6bb8f63ce2ef699f343c515cc4950a07c
1,history/BASS/HTT_DATA_COMPLETE_WU005_WU006_TRANSITION_20260829.zip.sha256,120,04700317a1ccc704736368c2a1be11fe6604a9dd945c965c260594ec6fb5f365
1,history/BASS/HTT_DATA_COMPLETE_WU005_WU006_TRANSITION_20260829.zip,8378,d1a2120eb34aa0e50fa1b8cc138b30bbf6f867adf014a3e637b480e0a29c704a
1,mes/MES_FRESH_OPTICAL_TENSOR_R1_20260920.zip,106066,e49aa05f2c818a995b4c8fd207b47a5e5f2f55906a7f06bda843f8e1b49ba639
1,mes/MES_FRESH_R1_RECOVERY_INVENTORY_20260920.json,14157,38c756e3d489d048df4722280b5ad45f3361104cdd584eede07b45f3ffae74ba
1,mes/MES_FRESH_RESEARCH_R1_KO.md,23391,9d0c6b4893e5e9e2022c03ef85241d7209b54d676449df814e32c795cea52a0a
1,mes/MES_GENERALIZED_TENSOR_R2_20260920.zip,250033,c240bfe16dc9ca2242dd997c92f46753c6b16b6995800b5e2d26bd25244c03ca
1,mes/MES_GENERALIZED_TENSOR_R2_DELIVERY_CHECK.json,439,ee2042917285de61a566e7364d172b0cff25e4a0bf2a5bea4b46f25558260053
1,mes/MES_GENERALIZED_TENSOR_R2_KO.md,29396,1838f89f5782f0b32199851624d02a661bb8245dca06836144e69c9b541aa435
1,github_r10_52ab95f2/RECOVERY_PROVENANCE.json,21331,bc74adac274145a45d33c42e3ec86a51980976f3b3dd7843413f486662037a80
1,github_r10_52ab95f2/docs/research_program/optical_mapping_r10_20260919/LOCAL_CODEX_HANDOFF.md,10423,0738920a6b143c6749d3c6f9b06217e040dfdb117f95c028077385c118518e2f
1,github_r10_52ab95f2/docs/research_program/optical_mapping_r10_20260919/MANIFEST.sha256,1966,d409037ce4bb28ca4c612d05ae16c9095e5d7aeddd2532ada9fa280f22dbda78
1,github_r10_52ab95f2/docs/research_program/optical_mapping_r10_20260919/PLAN_KO.md,14628,4b816b4782f2b8271633527c9d9d9ce13ef7cfc7eb5eaf32526697b007a7eb8d
1,github_r10_52ab95f2/docs/research_program/optical_mapping_r10_20260919/PLAN_REVIEW.md,5417,bd0e56251ae34dbcf4f549d5862b78b997163d5a11eb60b971bcd7c577dcdcf0
1,github_r10_52ab95f2/docs/research_program/optical_mapping_r10_20260919/PLAN_VALIDATION.json,4023,9be9ff00b3dc86729d2feb5dec4f8ec9ee748f364733e6b70ebca9841e89eadb
1,github_r10_52ab95f2/docs/research_program/optical_mapping_r10_20260919/README.md,3884,133a1bcbb28bdf632611af03b79a00679f5d702c2d817176c01cb036e8502145
1,github_r10_52ab95f2/docs/research_program/optical_mapping_r10_20260919/SCIENTIFIC_CONTRACT.md,14858,ea70d7b1c7a5a1acc5492a8efc4a35b482540d1d57311565ef5319d541b9c89f
1,github_r10_52ab95f2/docs/research_program/optical_mapping_r10_20260919/SOURCE_PROVENANCE.json,8196,5eea83e6b1a0ee17a09e84052603362aa745af57bcea7bc1c5af0ca4a5800e5b
1,github_r10_52ab95f2/docs/research_program/optical_mapping_r10_20260919/campaign_dag.json,32314,f40483cb10ca80ff547c49f0ba50c977659f5a12fec1e68b77327127f5241889
1,github_r10_52ab95f2/docs/research_program/optical_mapping_r10_20260919/continuation_execution/adapters/CAS_CONTRACT_FULL_PACKED_DRAFT.json,10498,44ee9a2f0ed22c0b60547eb5756afcea0d020a6e2637f9e50473de6dfc924a3f
1,github_r10_52ab95f2/docs/research_program/optical_mapping_r10_20260919/continuation_execution/adapters/CAS_CONTRACT_MIXED_DRAFT.json,10607,d0dddfc891f4e07006cf1891ec1f75cf533a52f31dc54ffcc64f90ad4e2c5464
1,github_r10_52ab95f2/docs/research_program/optical_mapping_r10_20260919/continuation_execution/adapters/README.md,5222,fb194f5480e1f6b7e95e4a8b0e05eafe893e48d3d611846f54a88f241a8859dd
1,github_r10_52ab95f2/docs/research_program/optical_mapping_r10_20260919/continuation_execution/adapters/mixed_probe.log,72,38663aef9b59b70ff91efa783c8474fa5fd2a8b3d26c1ab3624733589d39611a
1,github_r10_52ab95f2/docs/research_program/optical_mapping_r10_20260919/continuation_execution/adapters/mixed_result.json,1754,6110908ba5a73cbc1b6be5ae185496fb36b8ef3ea986cffdab25cf8763cffea2
1,github_r10_52ab95f2/docs/research_program/optical_mapping_r10_20260919/continuation_execution/adapters/probe_mixed.py,2599,03256771387bdcb3ce28b964151aba52d4988a99d15c2ba65267b457f3014f89
1,github_r10_52ab95f2/docs/research_program/optical_mapping_r10_20260919/continuation_execution/commands.json,2251,187432b21eaac4d83772cd51b4241674f9e88770a75d77daced32bc4ee2afc1a
1,github_r10_52ab95f2/docs/research_program/optical_mapping_r10_20260919/continuation_execution/host_review.json,917,f531439a7314056dd81b96e77b92b04673af34eca61cfb7863d79abd2b2c0452
1,github_r10_52ab95f2/docs/research_program/optical_mapping_r10_20260919/continuation_execution/r9/README.md,2803,ff17b0f090e34465687477894857904a11d811675dfe78a23fad9789b9d9f372
1,github_r10_52ab95f2/docs/research_program/optical_mapping_r10_20260919/continuation_execution/r9/response_null.py,4079,468432ef59c7c596b974bdef9c22537d771b203fdfcd0f9eaaac9160fc8b6671
1,github_r10_52ab95f2/docs/research_program/optical_mapping_r10_20260919/continuation_execution/r9/result.json,7423,cbde7e77bf9c3d47b4da8582bbdda27e245790666a0a179863f04b68464dae43
1,github_r10_52ab95f2/docs/research_program/optical_mapping_r10_20260919/continuation_execution/r9/run.log,160,30d60630d6f22fdda9790a5f7ea5bd3a6a3d61fdbf63ef66cbe201c87577bc1a
1,github_r10_52ab95f2/docs/research_program/optical_mapping_r10_20260919/continuation_execution/resume_inspection.json,2980,cb90a60757adde892166644ef07a072375d977d47f7f3d673f437ccba1a1a2c9
1,github_r10_52ab95f2/docs/research_program/optical_mapping_r10_20260919/continuation_execution/return/CONTINUATION_PROMPT.md,5364,588d441da3293bfc81292d05ac9922428f52afc19e55160289055c5b7f3e64ad
1,github_r10_52ab95f2/docs/research_program/optical_mapping_r10_20260919/continuation_execution/return/MAIN_REVIEW_AND_NEXT_PROMPT.md,15122,906e95999b40558ceb635a595253bd1013b9fcc5e547c124d3f4b31ed46632a1
1,github_r10_52ab95f2/docs/research_program/optical_mapping_r10_20260919/continuation_execution/return/RETURN_TO_MAIN.md,9471,140c96124d2f1b116aaa563452fa800f9111cfb0f58970637858d8bdf37787db
1,github_r10_52ab95f2/docs/research_program/optical_mapping_r10_20260919/continuation_execution/runtime.json,350,41678048bc2fa1330b8be16564121835920a8b17fe808d0d9a33af4f9425182d
1,github_r10_52ab95f2/docs/research_program/optical_mapping_r10_20260919/continuation_execution/shear_ray/README.md,3846,81b85da581c1a644821fd1a2b8f7e90ed8b5f393e136c6312013b24811ad0e7d
1,github_r10_52ab95f2/docs/research_program/optical_mapping_r10_20260919/continuation_execution/shear_ray/attempt01/config.json,595,52c670701e6e65dedb7ef609c00b70162dd665d6c621ddff9ae223b7b4d9b89a
1,github_r10_52ab95f2/docs/research_program/optical_mapping_r10_20260919/continuation_execution/shear_ray/attempt01/resolution_diagnostic.json,164,cd3fdd71fa98dbfc592f4834849258c52489904e5a23f6d6c9bb2564f295e053
1,github_r10_52ab95f2/docs/research_program/optical_mapping_r10_20260919/continuation_execution/shear_ray/attempt01/source.py,7434,ee627722472fb526da1ffdb998fa48dfa907e8792d15d4fbea5b4e7e0f4613f7
1,github_r10_52ab95f2/docs/research_program/optical_mapping_r10_20260919/continuation_execution/shear_ray/attempt01.log,853,aedb6ed00f119f6bf6c7e6ed90c6676cd5d667a1501d385c6719a809ceba041d
1,github_r10_52ab95f2/docs/research_program/optical_mapping_r10_20260919/continuation_execution/shear_ray/attempt02/config.json,595,52c670701e6e65dedb7ef609c00b70162dd665d6c621ddff9ae223b7b4d9b89a
1,github_r10_52ab95f2/docs/research_program/optical_mapping_r10_20260919/continuation_execution/shear_ray/attempt02/convergence.png,124713,a025939268cc651774ed305e711af0e1c0cb96bf925e4cca7c1a217675804ac9
1,github_r10_52ab95f2/docs/research_program/optical_mapping_r10_20260919/continuation_execution/shear_ray/attempt02/result.json,59591,d65e5d4748717b843ed02b9dcbe8c4a8f38e789b7f5f61dc8d73308bf175fa9f
1,github_r10_52ab95f2/docs/research_program/optical_mapping_r10_20260919/continuation_execution/shear_ray/attempt02.log,111,bb8a3e736b2627ca6b37a4a93ffc0daf116c60342ef8d8eaf97a225a94cbbaba
1,github_r10_52ab95f2/docs/research_program/optical_mapping_r10_20260919/continuation_execution/shear_ray/projection_tests.log,328,44db11a76567b3dd80fdd9e95e9759960db1f4e391b02867e85d0c4d619faf8a
1,github_r10_52ab95f2/docs/research_program/optical_mapping_r10_20260919/continuation_execution/shear_ray/run.py,7689,4db87bfee47c3e8c3615f201d6153ba88946bf07bdf5574ce256e8e3939ee698
1,github_r10_52ab95f2/docs/research_program/optical_mapping_r10_20260919/continuation_execution/shear_ray/summary.json,272,4162a9aff3979f9e486f51db2c45da389a2ef6eaa93b1094c0bdb266ac2e11f9
1,github_r10_52ab95f2/docs/research_program/optical_mapping_r10_20260919/continuation_execution/shear_ray/test_projection.py,1286,8562270cdef6f5ea0bd9eb1ad93f034770bbdd08ef95cb6e92cd48d9199b70ec
1,github_r10_52ab95f2/docs/research_program/optical_mapping_r10_20260919/local_execution/CONVENTIONS.md,6552,5845250ed355b529360ef192afbe9b55faaf04c57b42fdab26994723848a993d
1,github_r10_52ab95f2/docs/research_program/optical_mapping_r10_20260919/local_execution/MAIN_CONTINUATION_PROMPT.md,3570,fd89e726f26be62489a0142b55d7d325850232c1611f3ea6e7d290fa1ff26c59
1,github_r10_52ab95f2/docs/research_program/optical_mapping_r10_20260919/local_execution/RETURN_TO_MAIN.md,7863,42436cd8cd9cb4f8b8ad234898b149cfe56e76f28c5f6dbb8e4695f3ebf4e156
1,github_r10_52ab95f2/docs/research_program/optical_mapping_r10_20260919/local_execution/figure_manifest.json,510,8ab9e6640c5ebc8092edb248f21b015018a576dac119f367bebf8926daebb458
1,github_r10_52ab95f2/docs/research_program/optical_mapping_r10_20260919/local_execution/optical_attempt01.log,138,6581490cbe160e110bd7f0b15f2624aed99eeb630e833a3dd40d9c9e13cd1bcc
1,github_r10_52ab95f2/docs/research_program/optical_mapping_r10_20260919/local_execution/optical_attempt02.log,138,26722bed960a10bbf99e68fb3c5f3c379768abb87fc4e7b1e07cd0053e92db27
1,github_r10_52ab95f2/docs/research_program/optical_mapping_r10_20260919/local_execution/optical_fixture.py,12954,40582e9838723b1489e2902fc04dd12cb4b67131a8d306b1c006065f0877a100
1,github_r10_52ab95f2/docs/research_program/optical_mapping_r10_20260919/local_execution/optical_residuals.png,120031,0d859e63687944f0adb34e6dba4b38d94787a298472ab4b6dab37ecc62cf5a04
1,github_r10_52ab95f2/docs/research_program/optical_mapping_r10_20260919/local_execution/optical_results.json,20613,e6ba8228d4af1dba7d12e73c5ae10ae7bd941416bdebc9a35a4f1a70e1ecf1b7
1,github_r10_52ab95f2/docs/research_program/optical_mapping_r10_20260919/local_execution/plan_manifest.log,726,253b85a0aa72f558aefe81f88d791aee213745bc4956781d31e00da330e9b30f
1,github_r10_52ab95f2/docs/research_program/optical_mapping_r10_20260919/local_execution/pytest.log,98,9a4cb81656c059b52b1c267a178efddb093363a90d9f1a7b2b9e666306763811
1,github_r10_52ab95f2/docs/research_program/optical_mapping_r10_20260919/local_execution/r9_execution.log,168,de2743dcb20aba916341d2aa2582f947a2b0bebe13d28081266e4b8f4c33ff67
1,github_r10_52ab95f2/docs/research_program/optical_mapping_r10_20260919/local_execution/r9_reuse.json,3565,03606ea4711f0441efc8fe61d3cf8377d630549ba7c21ab7c73e02a6ce1d19b1
1,github_r10_52ab95f2/docs/research_program/optical_mapping_r10_20260919/local_execution/r9_reuse.py,3560,2125c2910b359e2bdf3548316337ca8126e9c89487077698a52f79da7bc6b189
1,github_r10_52ab95f2/docs/research_program/optical_mapping_r10_20260919/local_execution/review_blocker.json,683,29473c8b05d0ad97d6c01bee277621890aaaa070812ea48655362ef99c5faed4
1,github_r10_52ab95f2/docs/research_program/optical_mapping_r10_20260919/local_execution/runtime.json,398,ec69e5c5b06766bfdbb30aefa28179703e9d9da8e338d322db2c4bde02cba59d
1,github_r10_52ab95f2/docs/research_program/optical_mapping_r10_20260919/local_execution/t9_attempt01.log,1590,4f3ff689a5258e3feea53ac335c35bece12e301ec2476d8587b2aa034f0da232
1,github_r10_52ab95f2/docs/research_program/optical_mapping_r10_20260919/local_execution/t9_attempt02.log,735,dfaaa840091f987d9cc7f1f4688bca3950e6ebe2795ef4e2853ba5b53c3e0706
1,github_r10_52ab95f2/docs/research_program/optical_mapping_r10_20260919/local_execution/t9_attempt03.log,174,e6ed46439a9991ba047cc917c2d895574bd3a5834941ee34748697ed15b74225
1,github_r10_52ab95f2/docs/research_program/optical_mapping_r10_20260919/local_execution/t9_diagnosis.py,5162,51ce3e61af175f68ff8eae1577d3e0720705452cc2a50183c8eab13234be0051
1,github_r10_52ab95f2/docs/research_program/optical_mapping_r10_20260919/local_execution/t9_results.json,13232,c014996c1de8ac4f14dbd5e0efca54e365dc1e347f31807105a2094795264614
1,github_r10_52ab95f2/docs/research_program/optical_mapping_r10_20260919/local_execution/test_optical_fixture.py,1270,910a95b6494b5acf0bb8455474c8bf447b8faa8b02110fa4a8379af4710eab71
1,github_r10_52ab95f2/docs/research_program/optical_mapping_r10_20260919/local_execution/validation.json,1695,09ac9dfb19becb98ba610e89b8c00457d3721c4e1cd1172d6db74a7919e4336d
1,github_r10_52ab95f2/docs/research_program/optical_mapping_r10_20260919/source_addition/00_EXECUTIVE_RESULT.md,3106,10af46e3fd4f5028cf00e7d9293f0ad321bd0f4b6643037c8f6bf64ea623ce46
1,github_r10_52ab95f2/docs/research_program/optical_mapping_r10_20260919/source_addition/01_OPTICAL_VARIABLE_REDEFINITION.md,1628,423673971404f8f6a1dc456ff3fb9b9a56f6ab588dd7ab91a9e413fb2d19f40e
1,github_r10_52ab95f2/docs/research_program/optical_mapping_r10_20260919/source_addition/02_FIRST_JET_TO_RAY_GENERATOR.md,1051,b4bbb23224ef1013b900b903963e42e1e8a97ae8cf959852b56b2d994e6e6864
1,github_r10_52ab95f2/docs/research_program/optical_mapping_r10_20260919/source_addition/03_SACHS_JACOBI_OBSERVABLE_MAP.md,1019,94489a54653e64c290cecdeab7fa35f7ecff7cfb4f4f995d5bdc388d263aa05c
1,github_r10_52ab95f2/docs/research_program/optical_mapping_r10_20260919/source_addition/04_CMB_MAPPING_CONSTRUCTION.md,1742,c4297b7e46ab7585d52bb7d764b1ae35f161339ddeffd61c6151548215a12106
1,github_r10_52ab95f2/docs/research_program/optical_mapping_r10_20260919/source_addition/05_T9_SIGN_SEAL.md,1521,f146f02cd6fdf790ec4f838ce6da6c2107ded3e27bc811b6e7bb52831e63079e
1,github_r10_52ab95f2/docs/research_program/optical_mapping_r10_20260919/source_addition/06_LITERATURE_HOSTILE_AUDIT.md,1396,e25af08f730fca1ead1862e651688099a45d4e34b3eda48fdf917a41ad6c2a96
1,github_r10_52ab95f2/docs/research_program/optical_mapping_r10_20260919/source_addition/07_PAPER_A_REVISED_SPINE.md,1139,0dabdc2e72faf80c4c84d03b18f0b3937394ed17229f0d73a44d37170b5c7904
1,github_r10_52ab95f2/docs/research_program/optical_mapping_r10_20260919/source_addition/08_REPO_IMPACT_NO_MUTATION.md,772,e4b4ccdcd800f26ed4f9eba3320f5479c077f68cacf02b1b2aa8593e9acf35f2
1,github_r10_52ab95f2/docs/research_program/optical_mapping_r10_20260919/source_addition/MANIFEST.json,1415,d56f23a27163fcfaf14e397b5afe9fac6a92e21fbee6b36bcb2d32c404963210
1,github_r10_52ab95f2/docs/research_program/optical_mapping_r10_20260919/source_addition/OPTICAL_MAPPING_REGISTRY.json,867,3c3bd6e79fba44dcb228c237d15ffe18a3703623e30319ddb9f9828fe901771f
1,github_r10_52ab95f2/docs/research_program/optical_mapping_r10_20260919/validate_plan.py,7604,8abeb07949b4d9be2c20ea0304af6d9d0a35d73c76d8743de3caae7c75cb0076
1,github_historical_snapshots/48e77f8d05a01b9df78d37475e9fae48f65bad6d/docs/research_program/optical_mapping_r10_20260919/LOCAL_CODEX_HANDOFF.md,10423,0738920a6b143c6749d3c6f9b06217e040dfdb117f95c028077385c118518e2f
1,github_historical_snapshots/48e77f8d05a01b9df78d37475e9fae48f65bad6d/docs/research_program/optical_mapping_r10_20260919/MANIFEST.sha256,1966,d409037ce4bb28ca4c612d05ae16c9095e5d7aeddd2532ada9fa280f22dbda78
1,github_historical_snapshots/48e77f8d05a01b9df78d37475e9fae48f65bad6d/docs/research_program/optical_mapping_r10_20260919/PLAN_KO.md,14628,4b816b4782f2b8271633527c9d9d9ce13ef7cfc7eb5eaf32526697b007a7eb8d
1,github_historical_snapshots/48e77f8d05a01b9df78d37475e9fae48f65bad6d/docs/research_program/optical_mapping_r10_20260919/PLAN_REVIEW.md,5417,bd0e56251ae34dbcf4f549d5862b78b997163d5a11eb60b971bcd7c577dcdcf0
1,github_historical_snapshots/48e77f8d05a01b9df78d37475e9fae48f65bad6d/docs/research_program/optical_mapping_r10_20260919/PLAN_VALIDATION.json,4023,9be9ff00b3dc86729d2feb5dec4f8ec9ee748f364733e6b70ebca9841e89eadb
1,github_historical_snapshots/48e77f8d05a01b9df78d37475e9fae48f65bad6d/docs/research_program/optical_mapping_r10_20260919/README.md,3884,133a1bcbb28bdf632611af03b79a00679f5d702c2d817176c01cb036e8502145
1,github_historical_snapshots/48e77f8d05a01b9df78d37475e9fae48f65bad6d/docs/research_program/optical_mapping_r10_20260919/SCIENTIFIC_CONTRACT.md,14858,ea70d7b1c7a5a1acc5492a8efc4a35b482540d1d57311565ef5319d541b9c89f
1,github_historical_snapshots/48e77f8d05a01b9df78d37475e9fae48f65bad6d/docs/research_program/optical_mapping_r10_20260919/SOURCE_PROVENANCE.json,8196,5eea83e6b1a0ee17a09e84052603362aa745af57bcea7bc1c5af0ca4a5800e5b
1,github_historical_snapshots/48e77f8d05a01b9df78d37475e9fae48f65bad6d/docs/research_program/optical_mapping_r10_20260919/campaign_dag.json,32314,f40483cb10ca80ff547c49f0ba50c977659f5a12fec1e68b77327127f5241889
1,github_historical_snapshots/48e77f8d05a01b9df78d37475e9fae48f65bad6d/docs/research_program/optical_mapping_r10_20260919/continuation_execution/adapters/CAS_CONTRACT_FULL_PACKED_DRAFT.json,10498,44ee9a2f0ed22c0b60547eb5756afcea0d020a6e2637f9e50473de6dfc924a3f
1,github_historical_snapshots/48e77f8d05a01b9df78d37475e9fae48f65bad6d/docs/research_program/optical_mapping_r10_20260919/continuation_execution/adapters/CAS_CONTRACT_MIXED_DRAFT.json,10607,d0dddfc891f4e07006cf1891ec1f75cf533a52f31dc54ffcc64f90ad4e2c5464
1,github_historical_snapshots/48e77f8d05a01b9df78d37475e9fae48f65bad6d/docs/research_program/optical_mapping_r10_20260919/continuation_execution/adapters/README.md,5222,fb194f5480e1f6b7e95e4a8b0e05eafe893e48d3d611846f54a88f241a8859dd
1,github_historical_snapshots/48e77f8d05a01b9df78d37475e9fae48f65bad6d/docs/research_program/optical_mapping_r10_20260919/continuation_execution/adapters/mixed_probe.log,72,38663aef9b59b70ff91efa783c8474fa5fd2a8b3d26c1ab3624733589d39611a
1,github_historical_snapshots/48e77f8d05a01b9df78d37475e9fae48f65bad6d/docs/research_program/optical_mapping_r10_20260919/continuation_execution/adapters/mixed_result.json,1754,6110908ba5a73cbc1b6be5ae185496fb36b8ef3ea986cffdab25cf8763cffea2
1,github_historical_snapshots/48e77f8d05a01b9df78d37475e9fae48f65bad6d/docs/research_program/optical_mapping_r10_20260919/continuation_execution/adapters/probe_mixed.py,2599,03256771387bdcb3ce28b964151aba52d4988a99d15c2ba65267b457f3014f89
1,github_historical_snapshots/48e77f8d05a01b9df78d37475e9fae48f65bad6d/docs/research_program/optical_mapping_r10_20260919/continuation_execution/commands.json,2251,187432b21eaac4d83772cd51b4241674f9e88770a75d77daced32bc4ee2afc1a
1,github_historical_snapshots/48e77f8d05a01b9df78d37475e9fae48f65bad6d/docs/research_program/optical_mapping_r10_20260919/continuation_execution/host_review.json,917,f531439a7314056dd81b96e77b92b04673af34eca61cfb7863d79abd2b2c0452
1,github_historical_snapshots/48e77f8d05a01b9df78d37475e9fae48f65bad6d/docs/research_program/optical_mapping_r10_20260919/continuation_execution/r9/README.md,2803,ff17b0f090e34465687477894857904a11d811675dfe78a23fad9789b9d9f372
1,github_historical_snapshots/48e77f8d05a01b9df78d37475e9fae48f65bad6d/docs/research_program/optical_mapping_r10_20260919/continuation_execution/r9/response_null.py,4079,468432ef59c7c596b974bdef9c22537d771b203fdfcd0f9eaaac9160fc8b6671
1,github_historical_snapshots/48e77f8d05a01b9df78d37475e9fae48f65bad6d/docs/research_program/optical_mapping_r10_20260919/continuation_execution/r9/result.json,7423,cbde7e77bf9c3d47b4da8582bbdda27e245790666a0a179863f04b68464dae43
1,github_historical_snapshots/48e77f8d05a01b9df78d37475e9fae48f65bad6d/docs/research_program/optical_mapping_r10_20260919/continuation_execution/r9/run.log,160,30d60630d6f22fdda9790a5f7ea5bd3a6a3d61fdbf63ef66cbe201c87577bc1a
1,github_historical_snapshots/48e77f8d05a01b9df78d37475e9fae48f65bad6d/docs/research_program/optical_mapping_r10_20260919/continuation_execution/resume_inspection.json,2980,cb90a60757adde892166644ef07a072375d977d47f7f3d673f437ccba1a1a2c9
1,github_historical_snapshots/48e77f8d05a01b9df78d37475e9fae48f65bad6d/docs/research_program/optical_mapping_r10_20260919/continuation_execution/return/CONTINUATION_PROMPT.md,5364,588d441da3293bfc81292d05ac9922428f52afc19e55160289055c5b7f3e64ad
1,github_historical_snapshots/48e77f8d05a01b9df78d37475e9fae48f65bad6d/docs/research_program/optical_mapping_r10_20260919/continuation_execution/return/RETURN_TO_MAIN.md,9471,140c96124d2f1b116aaa563452fa800f9111cfb0f58970637858d8bdf37787db
1,github_historical_snapshots/48e77f8d05a01b9df78d37475e9fae48f65bad6d/docs/research_program/optical_mapping_r10_20260919/continuation_execution/runtime.json,350,41678048bc2fa1330b8be16564121835920a8b17fe808d0d9a33af4f9425182d
1,github_historical_snapshots/48e77f8d05a01b9df78d37475e9fae48f65bad6d/docs/research_program/optical_mapping_r10_20260919/continuation_execution/shear_ray/README.md,3846,81b85da581c1a644821fd1a2b8f7e90ed8b5f393e136c6312013b24811ad0e7d
1,github_historical_snapshots/48e77f8d05a01b9df78d37475e9fae48f65bad6d/docs/research_program/optical_mapping_r10_20260919/continuation_execution/shear_ray/attempt01/config.json,595,52c670701e6e65dedb7ef609c00b70162dd665d6c621ddff9ae223b7b4d9b89a
1,github_historical_snapshots/48e77f8d05a01b9df78d37475e9fae48f65bad6d/docs/research_program/optical_mapping_r10_20260919/continuation_execution/shear_ray/attempt01/resolution_diagnostic.json,164,cd3fdd71fa98dbfc592f4834849258c52489904e5a23f6d6c9bb2564f295e053
1,github_historical_snapshots/48e77f8d05a01b9df78d37475e9fae48f65bad6d/docs/research_program/optical_mapping_r10_20260919/continuation_execution/shear_ray/attempt01/source.py,7434,ee627722472fb526da1ffdb998fa48dfa907e8792d15d4fbea5b4e7e0f4613f7
1,github_historical_snapshots/48e77f8d05a01b9df78d37475e9fae48f65bad6d/docs/research_program/optical_mapping_r10_20260919/continuation_execution/shear_ray/attempt01.log,853,aedb6ed00f119f6bf6c7e6ed90c6676cd5d667a1501d385c6719a809ceba041d
1,github_historical_snapshots/48e77f8d05a01b9df78d37475e9fae48f65bad6d/docs/research_program/optical_mapping_r10_20260919/continuation_execution/shear_ray/attempt02/config.json,595,52c670701e6e65dedb7ef609c00b70162dd665d6c621ddff9ae223b7b4d9b89a
1,github_historical_snapshots/48e77f8d05a01b9df78d37475e9fae48f65bad6d/docs/research_program/optical_mapping_r10_20260919/continuation_execution/shear_ray/attempt02/convergence.png,124713,a025939268cc651774ed305e711af0e1c0cb96bf925e4cca7c1a217675804ac9
1,github_historical_snapshots/48e77f8d05a01b9df78d37475e9fae48f65bad6d/docs/research_program/optical_mapping_r10_20260919/continuation_execution/shear_ray/attempt02/result.json,59591,d65e5d4748717b843ed02b9dcbe8c4a8f38e789b7f5f61dc8d73308bf175fa9f
1,github_historical_snapshots/48e77f8d05a01b9df78d37475e9fae48f65bad6d/docs/research_program/optical_mapping_r10_20260919/continuation_execution/shear_ray/attempt02.log,111,bb8a3e736b2627ca6b37a4a93ffc0daf116c60342ef8d8eaf97a225a94cbbaba
1,github_historical_snapshots/48e77f8d05a01b9df78d37475e9fae48f65bad6d/docs/research_program/optical_mapping_r10_20260919/continuation_execution/shear_ray/projection_tests.log,328,44db11a76567b3dd80fdd9e95e9759960db1f4e391b02867e85d0c4d619faf8a
1,github_historical_snapshots/48e77f8d05a01b9df78d37475e9fae48f65bad6d/docs/research_program/optical_mapping_r10_20260919/continuation_execution/shear_ray/run.py,7689,4db87bfee47c3e8c3615f201d6153ba88946bf07bdf5574ce256e8e3939ee698
1,github_historical_snapshots/48e77f8d05a01b9df78d37475e9fae48f65bad6d/docs/research_program/optical_mapping_r10_20260919/continuation_execution/shear_ray/summary.json,272,4162a9aff3979f9e486f51db2c45da389a2ef6eaa93b1094c0bdb266ac2e11f9
1,github_historical_snapshots/48e77f8d05a01b9df78d37475e9fae48f65bad6d/docs/research_program/optical_mapping_r10_20260919/continuation_execution/shear_ray/test_projection.py,1286,8562270cdef6f5ea0bd9eb1ad93f034770bbdd08ef95cb6e92cd48d9199b70ec
1,github_historical_snapshots/48e77f8d05a01b9df78d37475e9fae48f65bad6d/docs/research_program/optical_mapping_r10_20260919/local_execution/CONVENTIONS.md,6552,5845250ed355b529360ef192afbe9b55faaf04c57b42fdab26994723848a993d
1,github_historical_snapshots/48e77f8d05a01b9df78d37475e9fae48f65bad6d/docs/research_program/optical_mapping_r10_20260919/local_execution/MAIN_CONTINUATION_PROMPT.md,3570,fd89e726f26be62489a0142b55d7d325850232c1611f3ea6e7d290fa1ff26c59
1,github_historical_snapshots/48e77f8d05a01b9df78d37475e9fae48f65bad6d/docs/research_program/optical_mapping_r10_20260919/local_execution/RETURN_TO_MAIN.md,7863,42436cd8cd9cb4f8b8ad234898b149cfe56e76f28c5f6dbb8e4695f3ebf4e156
1,github_historical_snapshots/48e77f8d05a01b9df78d37475e9fae48f65bad6d/docs/research_program/optical_mapping_r10_20260919/local_execution/figure_manifest.json,510,8ab9e6640c5ebc8092edb248f21b015018a576dac119f367bebf8926daebb458
1,github_historical_snapshots/48e77f8d05a01b9df78d37475e9fae48f65bad6d/docs/research_program/optical_mapping_r10_20260919/local_execution/optical_attempt01.log,138,6581490cbe160e110bd7f0b15f2624aed99eeb630e833a3dd40d9c9e13cd1bcc
1,github_historical_snapshots/48e77f8d05a01b9df78d37475e9fae48f65bad6d/docs/research_program/optical_mapping_r10_20260919/local_execution/optical_attempt02.log,138,26722bed960a10bbf99e68fb3c5f3c379768abb87fc4e7b1e07cd0053e92db27
1,github_historical_snapshots/48e77f8d05a01b9df78d37475e9fae48f65bad6d/docs/research_program/optical_mapping_r10_20260919/local_execution/optical_fixture.py,12954,40582e9838723b1489e2902fc04dd12cb4b67131a8d306b1c006065f0877a100
1,github_historical_snapshots/48e77f8d05a01b9df78d37475e9fae48f65bad6d/docs/research_program/optical_mapping_r10_20260919/local_execution/optical_residuals.png,120031,0d859e63687944f0adb34e6dba4b38d94787a298472ab4b6dab37ecc62cf5a04
1,github_historical_snapshots/48e77f8d05a01b9df78d37475e9fae48f65bad6d/docs/research_program/optical_mapping_r10_20260919/local_execution/optical_results.json,20613,e6ba8228d4af1dba7d12e73c5ae10ae7bd941416bdebc9a35a4f1a70e1ecf1b7
1,github_historical_snapshots/48e77f8d05a01b9df78d37475e9fae48f65bad6d/docs/research_program/optical_mapping_r10_20260919/local_execution/plan_manifest.log,726,253b85a0aa72f558aefe81f88d791aee213745bc4956781d31e00da330e9b30f
1,github_historical_snapshots/48e77f8d05a01b9df78d37475e9fae48f65bad6d/docs/research_program/optical_mapping_r10_20260919/local_execution/pytest.log,98,9a4cb81656c059b52b1c267a178efddb093363a90d9f1a7b2b9e666306763811
1,github_historical_snapshots/48e77f8d05a01b9df78d37475e9fae48f65bad6d/docs/research_program/optical_mapping_r10_20260919/local_execution/r9_execution.log,168,de2743dcb20aba916341d2aa2582f947a2b0bebe13d28081266e4b8f4c33ff67
1,github_historical_snapshots/48e77f8d05a01b9df78d37475e9fae48f65bad6d/docs/research_program/optical_mapping_r10_20260919/local_execution/r9_reuse.json,3565,03606ea4711f0441efc8fe61d3cf8377d630549ba7c21ab7c73e02a6ce1d19b1
1,github_historical_snapshots/48e77f8d05a01b9df78d37475e9fae48f65bad6d/docs/research_program/optical_mapping_r10_20260919/local_execution/r9_reuse.py,3560,2125c2910b359e2bdf3548316337ca8126e9c89487077698a52f79da7bc6b189
1,github_historical_snapshots/48e77f8d05a01b9df78d37475e9fae48f65bad6d/docs/research_program/optical_mapping_r10_20260919/local_execution/review_blocker.json,683,29473c8b05d0ad97d6c01bee277621890aaaa070812ea48655362ef99c5faed4
1,github_historical_snapshots/48e77f8d05a01b9df78d37475e9fae48f65bad6d/docs/research_program/optical_mapping_r10_20260919/local_execution/runtime.json,398,ec69e5c5b06766bfdbb30aefa28179703e9d9da8e338d322db2c4bde02cba59d
1,github_historical_snapshots/48e77f8d05a01b9df78d37475e9fae48f65bad6d/docs/research_program/optical_mapping_r10_20260919/local_execution/t9_attempt01.log,1590,4f3ff689a5258e3feea53ac335c35bece12e301ec2476d8587b2aa034f0da232
1,github_historical_snapshots/48e77f8d05a01b9df78d37475e9fae48f65bad6d/docs/research_program/optical_mapping_r10_20260919/local_execution/t9_attempt02.log,735,dfaaa840091f987d9cc7f1f4688bca3950e6ebe2795ef4e2853ba5b53c3e0706
1,github_historical_snapshots/48e77f8d05a01b9df78d37475e9fae48f65bad6d/docs/research_program/optical_mapping_r10_20260919/local_execution/t9_attempt03.log,174,e6ed46439a9991ba047cc917c2d895574bd3a5834941ee34748697ed15b74225
1,github_historical_snapshots/48e77f8d05a01b9df78d37475e9fae48f65bad6d/docs/research_program/optical_mapping_r10_20260919/local_execution/t9_diagnosis.py,5162,51ce3e61af175f68ff8eae1577d3e0720705452cc2a50183c8eab13234be0051
1,github_historical_snapshots/48e77f8d05a01b9df78d37475e9fae48f65bad6d/docs/research_program/optical_mapping_r10_20260919/local_execution/t9_results.json,13232,c014996c1de8ac4f14dbd5e0efca54e365dc1e347f31807105a2094795264614
1,github_historical_snapshots/48e77f8d05a01b9df78d37475e9fae48f65bad6d/docs/research_program/optical_mapping_r10_20260919/local_execution/test_optical_fixture.py,1270,910a95b6494b5acf0bb8455474c8bf447b8faa8b02110fa4a8379af4710eab71
1,github_historical_snapshots/48e77f8d05a01b9df78d37475e9fae48f65bad6d/docs/research_program/optical_mapping_r10_20260919/local_execution/validation.json,1695,09ac9dfb19becb98ba610e89b8c00457d3721c4e1cd1172d6db74a7919e4336d
1,github_historical_snapshots/48e77f8d05a01b9df78d37475e9fae48f65bad6d/docs/research_program/optical_mapping_r10_20260919/source_addition/00_EXECUTIVE_RESULT.md,3106,10af46e3fd4f5028cf00e7d9293f0ad321bd0f4b6643037c8f6bf64ea623ce46
1,github_historical_snapshots/48e77f8d05a01b9df78d37475e9fae48f65bad6d/docs/research_program/optical_mapping_r10_20260919/source_addition/01_OPTICAL_VARIABLE_REDEFINITION.md,1628,423673971404f8f6a1dc456ff3fb9b9a56f6ab588dd7ab91a9e413fb2d19f40e
1,github_historical_snapshots/48e77f8d05a01b9df78d37475e9fae48f65bad6d/docs/research_program/optical_mapping_r10_20260919/source_addition/02_FIRST_JET_TO_RAY_GENERATOR.md,1051,b4bbb23224ef1013b900b903963e42e1e8a97ae8cf959852b56b2d994e6e6864
1,github_historical_snapshots/48e77f8d05a01b9df78d37475e9fae48f65bad6d/docs/research_program/optical_mapping_r10_20260919/source_addition/03_SACHS_JACOBI_OBSERVABLE_MAP.md,1019,94489a54653e64c290cecdeab7fa35f7ecff7cfb4f4f995d5bdc388d263aa05c
1,github_historical_snapshots/48e77f8d05a01b9df78d37475e9fae48f65bad6d/docs/research_program/optical_mapping_r10_20260919/source_addition/04_CMB_MAPPING_CONSTRUCTION.md,1742,c4297b7e46ab7585d52bb7d764b1ae35f161339ddeffd61c6151548215a12106
1,github_historical_snapshots/48e77f8d05a01b9df78d37475e9fae48f65bad6d/docs/research_program/optical_mapping_r10_20260919/source_addition/05_T9_SIGN_SEAL.md,1521,f146f02cd6fdf790ec4f838ce6da6c2107ded3e27bc811b6e7bb52831e63079e
1,github_historical_snapshots/48e77f8d05a01b9df78d37475e9fae48f65bad6d/docs/research_program/optical_mapping_r10_20260919/source_addition/06_LITERATURE_HOSTILE_AUDIT.md,1396,e25af08f730fca1ead1862e651688099a45d4e34b3eda48fdf917a41ad6c2a96
1,github_historical_snapshots/48e77f8d05a01b9df78d37475e9fae48f65bad6d/docs/research_program/optical_mapping_r10_20260919/source_addition/07_PAPER_A_REVISED_SPINE.md,1139,0dabdc2e72faf80c4c84d03b18f0b3937394ed17229f0d73a44d37170b5c7904
1,github_historical_snapshots/48e77f8d05a01b9df78d37475e9fae48f65bad6d/docs/research_program/optical_mapping_r10_20260919/source_addition/08_REPO_IMPACT_NO_MUTATION.md,772,e4b4ccdcd800f26ed4f9eba3320f5479c077f68cacf02b1b2aa8593e9acf35f2
1,github_historical_snapshots/48e77f8d05a01b9df78d37475e9fae48f65bad6d/docs/research_program/optical_mapping_r10_20260919/source_addition/MANIFEST.json,1415,d56f23a27163fcfaf14e397b5afe9fac6a92e21fbee6b36bcb2d32c404963210
1,github_historical_snapshots/48e77f8d05a01b9df78d37475e9fae48f65bad6d/docs/research_program/optical_mapping_r10_20260919/source_addition/OPTICAL_MAPPING_REGISTRY.json,867,3c3bd6e79fba44dcb228c237d15ffe18a3703623e30319ddb9f9828fe901771f
1,github_historical_snapshots/48e77f8d05a01b9df78d37475e9fae48f65bad6d/docs/research_program/optical_mapping_r10_20260919/validate_plan.py,7604,8abeb07949b4d9be2c20ea0304af6d9d0a35d73c76d8743de3caae7c75cb0076
1,github_historical_snapshots/SNAPSHOT_IDENTITIES.json,44471,b0d562339a5e21f71a5477a75a1eda5f169369364a4b241b2391189400a6d3bf
1,github_historical_snapshots/c8bd214a61088b684cad1d08873f05227cf5bfb0/docs/PR_DELTAS/pr-248.md,3734,f70d8c4680894a012492777290ba2cfae40dce3425185f73ba2c6ad324b9c6a5
1,github_historical_snapshots/c8bd214a61088b684cad1d08873f05227cf5bfb0/docs/codex_handoff/HTT_R10_OPTICAL_MAPPING_20260919.md,970,fe67c9db0f39156d848d9e0f2003192dcc0fff645f31ce9ead9597122ffac9f3
1,github_historical_snapshots/c8bd214a61088b684cad1d08873f05227cf5bfb0/docs/codex_handoff/pr_backlog.yaml,389401,611e09b07e53c18ff00e27f7922c5ba4b6045df9ffa290490914f6aae4214b42
1,github_historical_snapshots/c8bd214a61088b684cad1d08873f05227cf5bfb0/docs/research_program/optical_mapping_r10_20260919/LOCAL_CODEX_HANDOFF.md,10423,0738920a6b143c6749d3c6f9b06217e040dfdb117f95c028077385c118518e2f
1,github_historical_snapshots/c8bd214a61088b684cad1d08873f05227cf5bfb0/docs/research_program/optical_mapping_r10_20260919/MANIFEST.sha256,1966,d409037ce4bb28ca4c612d05ae16c9095e5d7aeddd2532ada9fa280f22dbda78
1,github_historical_snapshots/c8bd214a61088b684cad1d08873f05227cf5bfb0/docs/research_program/optical_mapping_r10_20260919/PLAN_KO.md,14628,4b816b4782f2b8271633527c9d9d9ce13ef7cfc7eb5eaf32526697b007a7eb8d
1,github_historical_snapshots/c8bd214a61088b684cad1d08873f05227cf5bfb0/docs/research_program/optical_mapping_r10_20260919/PLAN_REVIEW.md,5417,bd0e56251ae34dbcf4f549d5862b78b997163d5a11eb60b971bcd7c577dcdcf0
1,github_historical_snapshots/c8bd214a61088b684cad1d08873f05227cf5bfb0/docs/research_program/optical_mapping_r10_20260919/PLAN_VALIDATION.json,4023,9be9ff00b3dc86729d2feb5dec4f8ec9ee748f364733e6b70ebca9841e89eadb
1,github_historical_snapshots/c8bd214a61088b684cad1d08873f05227cf5bfb0/docs/research_program/optical_mapping_r10_20260919/README.md,3884,133a1bcbb28bdf632611af03b79a00679f5d702c2d817176c01cb036e8502145
1,github_historical_snapshots/c8bd214a61088b684cad1d08873f05227cf5bfb0/docs/research_program/optical_mapping_r10_20260919/SCIENTIFIC_CONTRACT.md,14858,ea70d7b1c7a5a1acc5492a8efc4a35b482540d1d57311565ef5319d541b9c89f
1,github_historical_snapshots/c8bd214a61088b684cad1d08873f05227cf5bfb0/docs/research_program/optical_mapping_r10_20260919/SOURCE_PROVENANCE.json,8196,5eea83e6b1a0ee17a09e84052603362aa745af57bcea7bc1c5af0ca4a5800e5b
1,github_historical_snapshots/c8bd214a61088b684cad1d08873f05227cf5bfb0/docs/research_program/optical_mapping_r10_20260919/campaign_dag.json,32314,f40483cb10ca80ff547c49f0ba50c977659f5a12fec1e68b77327127f5241889
1,github_historical_snapshots/c8bd214a61088b684cad1d08873f05227cf5bfb0/docs/research_program/optical_mapping_r10_20260919/source_addition/00_EXECUTIVE_RESULT.md,3106,10af46e3fd4f5028cf00e7d9293f0ad321bd0f4b6643037c8f6bf64ea623ce46
1,github_historical_snapshots/c8bd214a61088b684cad1d08873f05227cf5bfb0/docs/research_program/optical_mapping_r10_20260919/source_addition/01_OPTICAL_VARIABLE_REDEFINITION.md,1628,423673971404f8f6a1dc456ff3fb9b9a56f6ab588dd7ab91a9e413fb2d19f40e
1,github_historical_snapshots/c8bd214a61088b684cad1d08873f05227cf5bfb0/docs/research_program/optical_mapping_r10_20260919/source_addition/02_FIRST_JET_TO_RAY_GENERATOR.md,1051,b4bbb23224ef1013b900b903963e42e1e8a97ae8cf959852b56b2d994e6e6864
1,github_historical_snapshots/c8bd214a61088b684cad1d08873f05227cf5bfb0/docs/research_program/optical_mapping_r10_20260919/source_addition/03_SACHS_JACOBI_OBSERVABLE_MAP.md,1019,94489a54653e64c290cecdeab7fa35f7ecff7cfb4f4f995d5bdc388d263aa05c
1,github_historical_snapshots/c8bd214a61088b684cad1d08873f05227cf5bfb0/docs/research_program/optical_mapping_r10_20260919/source_addition/04_CMB_MAPPING_CONSTRUCTION.md,1742,c4297b7e46ab7585d52bb7d764b1ae35f161339ddeffd61c6151548215a12106
1,github_historical_snapshots/c8bd214a61088b684cad1d08873f05227cf5bfb0/docs/research_program/optical_mapping_r10_20260919/source_addition/05_T9_SIGN_SEAL.md,1521,f146f02cd6fdf790ec4f838ce6da6c2107ded3e27bc811b6e7bb52831e63079e
1,github_historical_snapshots/c8bd214a61088b684cad1d08873f05227cf5bfb0/docs/research_program/optical_mapping_r10_20260919/source_addition/06_LITERATURE_HOSTILE_AUDIT.md,1396,e25af08f730fca1ead1862e651688099a45d4e34b3eda48fdf917a41ad6c2a96
1,github_historical_snapshots/c8bd214a61088b684cad1d08873f05227cf5bfb0/docs/research_program/optical_mapping_r10_20260919/source_addition/07_PAPER_A_REVISED_SPINE.md,1139,0dabdc2e72faf80c4c84d03b18f0b3937394ed17229f0d73a44d37170b5c7904
1,github_historical_snapshots/c8bd214a61088b684cad1d08873f05227cf5bfb0/docs/research_program/optical_mapping_r10_20260919/source_addition/08_REPO_IMPACT_NO_MUTATION.md,772,e4b4ccdcd800f26ed4f9eba3320f5479c077f68cacf02b1b2aa8593e9acf35f2
1,github_historical_snapshots/c8bd214a61088b684cad1d08873f05227cf5bfb0/docs/research_program/optical_mapping_r10_20260919/source_addition/MANIFEST.json,1415,d56f23a27163fcfaf14e397b5afe9fac6a92e21fbee6b36bcb2d32c404963210
1,github_historical_snapshots/c8bd214a61088b684cad1d08873f05227cf5bfb0/docs/research_program/optical_mapping_r10_20260919/source_addition/OPTICAL_MAPPING_REGISTRY.json,867,3c3bd6e79fba44dcb228c237d15ffe18a3703623e30319ddb9f9828fe901771f
1,github_historical_snapshots/c8bd214a61088b684cad1d08873f05227cf5bfb0/docs/research_program/optical_mapping_r10_20260919/validate_plan.py,7604,8abeb07949b4d9be2c20ea0304af6d9d0a35d73c76d8743de3caae7c75cb0076
1,github_historical_snapshots/c8bd214a61088b684cad1d08873f05227cf5bfb0/machine_readable/pr_backlog.yaml,389401,611e09b07e53c18ff00e27f7922c5ba4b6045df9ffa290490914f6aae4214b42
1,readable_research/MES_FRESH_OPTICAL_TENSOR_R1/DERIVATIONS.md,15970,fba29df33bd3900f62f38a4179f5413b4222c09439ad1c25b1ea998bd8d8d331
1,readable_research/MES_FRESH_OPTICAL_TENSOR_R1/MANIFEST_SHA256.json,3579,525a33f989ab6cd84d7aae4a2af7189f008887315cb5bc5cada8d74d757c13a1
1,readable_research/MES_FRESH_OPTICAL_TENSOR_R1/MES_FRESH_RESEARCH_R1_KO.md,23391,9d0c6b4893e5e9e2022c03ef85241d7209b54d676449df814e32c795cea52a0a
1,readable_research/MES_FRESH_OPTICAL_TENSOR_R1/NEXT_THEORY_PROMPT.md,2800,1b5b560acbb1098c1828298acfb0f23000dbb7269eea3dbc4387d4ea7fc5417f
1,readable_research/MES_FRESH_OPTICAL_TENSOR_R1/README.md,2653,7d786efe66f977b53bb5a0c32bd41d04f6b480f30e47f61ecbedef224189a281
1,readable_research/MES_FRESH_OPTICAL_TENSOR_R1/RESEARCH_DAG.json,2688,3ea817bb6ed14e451f524c6a4c0779f74d1cabb76eb66fc593396a79dabab9b8
1,readable_research/MES_FRESH_OPTICAL_TENSOR_R1/SOURCE_IDENTITY.json,3386,f17dbb827a51316a5fb0d00ea2da60c5faf752933503f150b0facccecc581923
1,readable_research/MES_FRESH_OPTICAL_TENSOR_R1/TENSOR_RESIDUAL_THEOREM.md,5493,70d2d54f061da0607c6a2bce713f166552a81ba3d425b1e56526e4fdb7c11ff4
1,readable_research/MES_FRESH_OPTICAL_TENSOR_R1/agent_mes_sources.md,11396,cc3f4fafc6d0714b4557a61b777afae88c4077138b23bb98cf8ee8e6b44efd2f
1,readable_research/MES_FRESH_OPTICAL_TENSOR_R1/agent_optics.md,21442,25062b46af6e621d162ef515454838b543d400221d64590a017e1b332b5e30f2
1,readable_research/MES_FRESH_OPTICAL_TENSOR_R1/agent_optics_operator_addendum.md,10287,23a86b569de3ad69bc6cf0fec15921df7220c2040340ee7576912948fba6f005
1,readable_research/MES_FRESH_OPTICAL_TENSOR_R1/checks.py,3634,b56add830c55d2f50d77ceca466a34bfc39d545e06ff76d032a91eec3e24f7f0
1,readable_research/MES_FRESH_OPTICAL_TENSOR_R1/decision.json,14020,1f99a6d7ecb648b5285716de962a3b7ef5eb3d89e951d576a1d8ff1d7ed21aa4
1,readable_research/MES_FRESH_OPTICAL_TENSOR_R1/decision_review.md,14578,8b066ed26a786945622620c4d817f520608834052314132108a74a675e3a3f0f
1,readable_research/MES_FRESH_OPTICAL_TENSOR_R1/evidence/MES_order_clarification.patch,2055,fc8c0cb21fa5d7c9c4184b37e405aff019ee327828ea1314883455f502127bb8
1,readable_research/MES_FRESH_OPTICAL_TENSOR_R1/evidence/candidate_v1.md,14458,b0ad0a1366be59a42774eb644a86503e27f1c788f7bef6d28bbb5c7efd27159f
1,readable_research/MES_FRESH_OPTICAL_TENSOR_R1/evidence/candidate_v1_identity.json,188,12c23b785f9ec8f50c3da1c162fd54f1afcae6adfaae660d55faf2091c48e9f2
1,readable_research/MES_FRESH_OPTICAL_TENSOR_R1/evidence/candidate_v2_identity.json,207,9b615711a31bdf0dd75cb86cd59a59fcdf6946ab43b80f104c203045bd997c6d
1,readable_research/MES_FRESH_OPTICAL_TENSOR_R1/evidence/decision_gate_initial.json,7543,6762b18f14f00577333c82e6f8dd7d06edf67229072bc53c48c70d510d83b720
1,readable_research/MES_FRESH_OPTICAL_TENSOR_R1/evidence/decision_review_initial.md,9606,ec618c3cd96188035539f54ec21de81690b02afc6f8b738ba31f53a9796164a2
1,readable_research/MES_FRESH_OPTICAL_TENSOR_R1/evidence/finite_checks.json,1684,3a80706be2bdff6026d2b1e25655b97b02b600235916c3faee21e6219b6ff14d
1,readable_research/MES_FRESH_OPTICAL_TENSOR_R1/evidence/formalism_excerpt.json,16450,c23ad999a437593f21ca5fac2000f4e04a86999ebd2e0268258144e6677a4d38
1,readable_research/MES_FRESH_OPTICAL_TENSOR_R1/evidence/harness.json,360,e0dee38d5fb6877707172eb1d39077397ba1ef1dde1c31399d125b95152a178c
1,readable_research/MES_FRESH_OPTICAL_TENSOR_R1/evidence/reviewer_checks.json,503,746dee6fe0438c5edb9ff941b7306c1a167ada8a3191c4d3d1f262b608a35ab6
1,readable_research/MES_FRESH_OPTICAL_TENSOR_R1/evidence/reviewer_tensor_checks.json,2011,a48ddce76ade422be0354c4bee2f84558aca747beb6f186061d27b97e2fd918f
1,readable_research/MES_FRESH_OPTICAL_TENSOR_R1/evidence/reviewer_tensor_checks.py,3418,b097b7f2c992e4979b966a73691f1da4ca252ff0661cc55ef9b09a4c01e24515
1,readable_research/MES_FRESH_OPTICAL_TENSOR_R1/evidence/scispace.json,43007,303be149371e38a6e501bef76d3d9a5317c68db987c6d12d4b9875706d5e814a
1,readable_research/MES_FRESH_OPTICAL_TENSOR_R1/evidence/tensor_residual_candidate_v1.md,5085,789f32af455c62d96c17722f2fce6d20b9ef7269272c4a5f7373748161130d6b
1,readable_research/MES_FRESH_OPTICAL_TENSOR_R1/evidence/wl_checks_1.json,1375,02980a6abe15727d2a4ec409d3e98b2e11757baef4fd3dd75eb01be873e2c103
1,readable_research/MES_FRESH_OPTICAL_TENSOR_R1/evidence/wl_checks_2.json,891,dffbf6a14d60f463d0f00fc5c4850e80553fca6e9ec4f31ea9a113546ae353f6
1,readable_research/MES_FRESH_OPTICAL_TENSOR_R1/evidence/wl_checks_3.json,1504,30e0a4ac016378f1bc588022cba5137ae4d518a93f5f052e275eb5b58d559629
1,readable_research/MES_FRESH_OPTICAL_TENSOR_R1/state/CLOSEOUT.md,1308,e4851cd881dc0ef35cd9407e9bcd1f3db7fbcad69b61fed03f762863114a7619
1,readable_research/MES_FRESH_OPTICAL_TENSOR_R1/state/EVIDENCE_LEDGER.md,1541,96593da41e15db12d6e95e2b26782ecea636dfbb7640822b9a2c3a5bb5208244
1,readable_research/MES_FRESH_OPTICAL_TENSOR_R1/state/NEGATIVE_RESULTS.md,1444,6959a71edc64e4161308fe625e1b8ff203dbdd456dbeb95f9226d4a8c700e7c2
1,readable_research/MES_FRESH_OPTICAL_TENSOR_R1/state/RESEARCH_STATE.json,2087,80fe17c5c75a12ceb2aaae050ecb9bad5c9bc9c5441e2d366bc55bb6c877161a
1,readable_research/MES_GENERALIZED_TENSOR_R2/INDEPENDENT_DECISION.json,7821,bf3932ff8eb830823024ba5955e7bd23a14e03a11cc713197eb273c689b32cff
1,readable_research/MES_GENERALIZED_TENSOR_R2/INDEPENDENT_DECISION.md,5309,ae3ca023af32bb087ec4b707fbbda93bb869c1ed096e5d31f94634bf7baed2f5
1,readable_research/MES_GENERALIZED_TENSOR_R2/INDEPENDENT_DECISION_V1_HOLD.json,2864,ff198ed2ec0b337e9ac26eb4a86676a8d7efdcd82938e7ad20043caec64907e7
1,readable_research/MES_GENERALIZED_TENSOR_R2/INDEPENDENT_DECISION_V1_HOLD.md,1727,fa205393f0e59827877925055c9eb353152245546d26ad41106802191c3880f9
1,readable_research/MES_GENERALIZED_TENSOR_R2/MANIFEST_SHA256.json,7335,d361d4ade417bf355099aa1cdc5e57368af4dcbaf202e67f0f50fc336f2f7878
1,readable_research/MES_GENERALIZED_TENSOR_R2/MES_GENERALIZED_TENSOR_R2_KO.md,29396,1838f89f5782f0b32199851624d02a661bb8245dca06836144e69c9b541aa435
1,readable_research/MES_GENERALIZED_TENSOR_R2/NEXT_RESEARCH_PROMPT_KO.md,3754,d90aa188185d0f733d29165dc276928f08510b0a5043d8b49e2cb322c6033d68
1,readable_research/MES_GENERALIZED_TENSOR_R2/README.md,2832,8ac32337176f1b73b428ed62229a3733290e9d1e670e6c8f8df184423cfa969f
1,readable_research/MES_GENERALIZED_TENSOR_R2/RESEARCH_DAG.json,3161,1fabbe2d23056186b0093511304b8df6a1c61735cea51425b85e77762bd5a59e
1,readable_research/MES_GENERALIZED_TENSOR_R2/SOURCE_PROVENANCE.json,1182,6cd8f0ec021ba998f774d21c71d61b3ce84e822277c36a9d6f62bfd72f599423
1,readable_research/MES_GENERALIZED_TENSOR_R2/agent_kinematics.md,20079,e48c977ae81960fab3145317262f837625f6501846cad6bac69a7b67f7185c10
1,readable_research/MES_GENERALIZED_TENSOR_R2/agent_kinematics_checks.json,894,2b5ec9228b56c0ab9fa949cec83f9d36796246c6350e11c6934a7991c7277f20
1,readable_research/MES_GENERALIZED_TENSOR_R2/agent_kinematics_checks.py,3509,3656c00bb2557c0e06181c4b4dfc0f4e0b587fa92140b8f3b28a17c04f194bbe
1,readable_research/MES_GENERALIZED_TENSOR_R2/agent_statistics.md,20171,df98e2f7b403a94f673cb0bf0d14575fd596a9c95563e09ff3a0e74c0e9ea6c3
1,readable_research/MES_GENERALIZED_TENSOR_R2/check_joint_operator.py,5509,fdc00421e709c3c872e8c8ff7a03424b63a89d248beb17b3171a655c219c4ab9
1,readable_research/MES_GENERALIZED_TENSOR_R2/check_joint_operator_fraction.py,10755,af99e5aa18d24cd29873df5a724080a0d32dd17824cb098689edc1fa38aec3e6
1,readable_research/MES_GENERALIZED_TENSOR_R2/evidence/CANDIDATE_V1_IDENTITY.json,1232,b39a46e770646b594d3c156b783f74297253a153fe465070db740027d1012aa6
1,readable_research/MES_GENERALIZED_TENSOR_R2/evidence/CANDIDATE_V1_REPORT.md,29148,ee91bb1018de20e437393a8eb7590429e4d57eb77a08a2cff7eb7aa8a9790b82
1,readable_research/MES_GENERALIZED_TENSOR_R2/evidence/CANDIDATE_V1_STATISTICS.md,20097,1d976e81c3e53c492ba4966a6ebbb451d40f0a450997027be2e7b4f2a416b778
1,readable_research/MES_GENERALIZED_TENSOR_R2/evidence/CANDIDATE_V2_IDENTITY.json,1232,011a0ebf13fc366823a5906e727caeff8988eeea977542fa97261f92ca8c98bf
1,readable_research/MES_GENERALIZED_TENSOR_R2/evidence/CANDIDATE_V3_IDENTITY.json,1232,a03e8c2dfe03ecb2ba327fe948af5d1bf06ea581e621fca5076cce8f2f8bed02
1,readable_research/MES_GENERALIZED_TENSOR_R2/evidence/FRACTION_EXECUTION_RECEIPT.json,919,d35603c8badb1b764afe1969cf371f936ef98c09606113a8a847f9d6da1e6a97
1,readable_research/MES_GENERALIZED_TENSOR_R2/evidence/INDEPENDENT_TARGETED_CHECKS.json,2441,b93aabb790e37fcc3fb0ba31ffdca210bee6ae56b5954d0e0adff7cfdbcb5624
1,readable_research/MES_GENERALIZED_TENSOR_R2/evidence/JOINT_OPERATOR_CHECKS.json,1773,1533173cc5bc3662b3dc39c74441d5f261a80a5c0c5829db920fb63859299c38
1,readable_research/MES_GENERALIZED_TENSOR_R2/evidence/JOINT_RESPONSE_MATRICES.json,11564,eb8f672f187f37a52a6eaee1551b6e940f9992d385f8f2279133ebae971aafab
1,readable_research/MES_GENERALIZED_TENSOR_R2/evidence/OWNER_TOOL_EVIDENCE.json,89182,91e390bb49b479197e4a5cf945e7b84c3dd55019988e18bf2434b2569ce19780
1,readable_research/MES_GENERALIZED_TENSOR_R2/evidence/PYTHON_PACKAGE_FAILURES.json,484,2be84750e4780493365d44858bc548b749d5fdc34f54baf03a3c0b28e2f2cc1e
1,readable_research/MES_GENERALIZED_TENSOR_R2/inputs/physmath-research-harness-gpt6-astra-v4.0.0-20260908.zip,70628,dae76c90f2e5d691bcdd595dadbe470bacacba3bb2a036ff9788ffe7d3bfabb7
1,readable_research/MES_GENERALIZED_TENSOR_R2/sources_agent/EXACT_REDUCTION_CHECK.json,303,c2d22ccf0357ed30e9bbf3eecf8b38f44780d5a42d49b7a72e1e1f1e671f0a01
1,readable_research/MES_GENERALIZED_TENSOR_R2/sources_agent/MES_BOUND_SOURCE_REVIEW.md,7585,2182016b0587f28cd91035cce14a8a80b33c08995fbf7247db76196781144d37
1,readable_research/MES_GENERALIZED_TENSOR_R2/sources_agent/REPOSITORY_SOURCE_INDEX.json,5753,46921bb50e69073dd83489633ac734c7b198ac2de4d201aa4b0e850b0e622251
1,readable_research/MES_GENERALIZED_TENSOR_R2/sources_agent/repo/docs/audits/mes_primary_sources/PROVENANCE_M4.md,4609,24851690dc26d29e9af958b25bff0b5c76daf2104c3d08aea88c33c0d5dd5ba9
1,readable_research/MES_GENERALIZED_TENSOR_R2/sources_agent/repo/docs/audits/mes_primary_sources/PROVENANCE_M4b.md,4818,19779be175d8f05873ead2896be3789dadf2c6df99d7acb62d2fa560f246f7be
1,readable_research/MES_GENERALIZED_TENSOR_R2/sources_agent/repo/docs/audits/mes_primary_sources/mesa_astro-ph_9501016_layout.txt,75691,4ffe1173bd709a89ad7214e1e349bb880279532c640d4399ce9adc668b6fca6c
1,readable_research/MES_GENERALIZED_TENSOR_R2/sources_agent/repo/docs/audits/mes_primary_sources/sag1997_astro-ph_9904346_ApJ476_435.tex,29690,00bb2c7c485ffb14433a90dae2d5d7709fbecd9c4eef986ec27d72f7dae5370e
1,readable_research/MES_GENERALIZED_TENSOR_R2/sources_agent/repo/htt/bass/observational/planck_mes_bounds.py,11687,4e2d861fc8c031e18126d016a1c7a8722b66402cea8ec880f025d5ef13f287f4
1,readable_research/MES_GENERALIZED_TENSOR_R2/sources_agent/repo/htt/obsstat/egs3_mes_branch_registry.py,12457,9b0817c99944e796b4c980cad43df724d0abde9381c8f542195d249447bfe816
1,readable_research/MES_GENERALIZED_TENSOR_R2/sources_agent/repo/htt/obsstat/egs3_mes_rederivation.py,17716,8051e61e01cc7d2a6d321677d9027f6b2aa2ce5fe740abd59ae1754030f4ec6f
1,readable_research/MES_GENERALIZED_TENSOR_R2/sources_agent/repo/htt/src/common/mes_theorem_authority.py,10251,05093e38c3fe664381785570a1f87d4c49ca6c16b2cdb7027eb5f75666da2bd2
1,readable_research/MES_GENERALIZED_TENSOR_R2/sources_agent/repo/htt/tsc/admissibility/three_bound_hierarchy.py,15626,281a35d1bd2a54f0aef236ffda0f33b4154e1e31eeb096eb209b2af1924af33a
1,readable_research/MES_GENERALIZED_TENSOR_R2/state/ANOMALY_LEDGER.md,1414,709cb15fbe4a7cee5d2c94489dda98d92cf6ac275d290fd13942548b4b3800c6
1,readable_research/MES_GENERALIZED_TENSOR_R2/state/CLOSEOUT_AND_EVIDENCE.md,1614,b6348a84a9334f56bc23645d5d788cf3775cf7f878f67c6285d7295614d6cf75
1,readable_research/MES_GENERALIZED_TENSOR_R2/state/RESEARCH_CONTRACT.md,1712,20682a31f991d9433d6d8365b149e1bbf0a76c985be70df061788e4cd32ecf58
1,readable_research/MES_GENERALIZED_TENSOR_R2/state/RESEARCH_STATE.json,1830,b0beb90e9a93ccd3113fc044b1025180817725349b5f1d0ab52fb59514db182b
1,readable_research/MES_GENERALIZED_TENSOR_R2/statistics_checks.json,1973,309f89825466484e6042c08deec24bc1ac41e4977be5eb7acca41113b37b54f2
1,readable_research/MES_GENERALIZED_TENSOR_R2/statistics_checks.py,3252,ca5e46ef223c9f564e5a6663a352a7519f7bb38b3e9fd6e07e8498fafc3b64b8
1,readable_research/initial_archive_index/HTT_MES_THREAD_ARCHIVE_20260830/00_READ_FIRST_KO.md,3803,66fc6d26cccac23d4040c3831f443ff1ddebd6efb27e82076dc858db530cee80
1,readable_research/initial_archive_index/HTT_MES_THREAD_ARCHIVE_20260830/00_index/CAPABILITY_DISCOVERY.json,662,ad0ccb6bc6a43b0f3bedd4161b323efed1fa3c82ecc124bd0d7f126a3b730cdd
1,readable_research/initial_archive_index/HTT_MES_THREAD_ARCHIVE_20260830/00_index/COVERAGE.json,1192,d37a4669ae565fbb4844b20688a3c2861e3ef39a2961cd77f44227460a14189b
1,readable_research/initial_archive_index/HTT_MES_THREAD_ARCHIVE_20260830/00_index/DUPLICATE_CONTENT_GROUPS.json,1067,4f3c1688d8b830ea8800efc11984069cee2d49171f5970605fc73fd76258e81b
1,readable_research/initial_archive_index/HTT_MES_THREAD_ARCHIVE_20260830/00_index/EXPANDED_PACKAGE_MAP.json,285928,eada670862fbd94c24187b2737a64e4956f9dbed87d82974994639071fad3bce
1,readable_research/initial_archive_index/HTT_MES_THREAD_ARCHIVE_20260830/00_index/FILE_CATALOG.tsv,158375,a6dc78513aef2d88370d9fff64f8151a47c7bc6399416d9c34512b3cb97618e8
1,readable_research/initial_archive_index/HTT_MES_THREAD_ARCHIVE_20260830/00_index/HOST_LOCAL_PATH_REFERENCES.txt,1400,7dc9463da48646aa627fb1e5d78ea5de0e151c44fd7e6a2271ab5827a8aacdda
1,readable_research/initial_archive_index/HTT_MES_THREAD_ARCHIVE_20260830/00_index/INPUT_INVENTORY.json,52323,56901bc335cfb2cfc8e96b51665c02c5feb8bd05559d2330891db7d3a4a85654
1,readable_research/initial_archive_index/HTT_MES_THREAD_ARCHIVE_20260830/00_index/INPUT_INVENTORY.tsv,21787,66b42e6d0835ebbd9ad6da2d48eeed93a463adbfd5febc4b4f5af06a68f65e2c
1,readable_research/initial_archive_index/HTT_MES_THREAD_ARCHIVE_20260830/00_index/MISSING_ITEMS.json,3979,a9cc5ee04e5b1b1ed8d66ebfacf2c0e87c1a60cf57623480b5577f23be0c4935
1,readable_research/initial_archive_index/HTT_MES_THREAD_ARCHIVE_20260830/00_index/MISSING_ITEMS.tsv,2442,99f472e8c67abc45e8529bd7c0bb94ed1160994052597690522ec00e09ddd159
1,readable_research/initial_archive_index/HTT_MES_THREAD_ARCHIVE_20260830/00_index/NESTED_VENDOR_MEMBERS.txt.gz,106521,c97f16dc2fb743617413ad9f870b6c75d9597bec859aea6ce7fd4f6484b6a0c0
1,readable_research/initial_archive_index/HTT_MES_THREAD_ARCHIVE_20260830/00_index/NESTED_VENDOR_SCAN.json,285,60a96d02152bfdb213c739447bd996f2b4af8f39bc6c2d4c8e0ecec60d04eac3
1,readable_research/initial_archive_index/HTT_MES_THREAD_ARCHIVE_20260830/00_index/NESTED_ZIP_MEMBERS.jsonl.gz,214240,63460c1e73cfe89bfe1cc48d6ac9d550ea41ebf45919431c2eac43f90cba06b0
1,readable_research/initial_archive_index/HTT_MES_THREAD_ARCHIVE_20260830/00_index/ORIGINAL_ZIP_CRC_CHECKS.json,2395,b14a3ffb802dfde6b4380464468741f49530f76a5fb0f50008957752f91be7be
1,readable_research/initial_archive_index/HTT_MES_THREAD_ARCHIVE_20260830/00_index/PACKAGE_INDEX_KO.md,4964,0282cedbf3e1c668c593296ff90cd19a4c2ba90f199c5ac01f9a59acceabc4a8
1,readable_research/initial_archive_index/HTT_MES_THREAD_ARCHIVE_20260830/00_index/PREPACK_VERIFICATION.json,2942,0ed7df2b7ea5fb2b9dfdf3fa46d3f4fc217b3130851749bfb9c62501cd97035e
1,readable_research/initial_archive_index/HTT_MES_THREAD_ARCHIVE_20260830/00_index/SANDBOX_LINK_RESOLUTION.json,7897,0c2845eeddca8fbca0bc1adf6b77b3e76ff683274ae71cc2292083cbe4bfebe0
1,readable_research/initial_archive_index/HTT_MES_THREAD_ARCHIVE_20260830/01_conversation/CHRONOLOGY_AND_RESUME_KO.md,3028,9a2eb7e74cfaa9b792ea08163e1f900d21788760986ff924225fe931d10e7ee4
1,readable_research/initial_archive_index/HTT_MES_THREAD_ARCHIVE_20260830/01_conversation/FULL_EXPORT_REQUIRED_KO.md,998,dfe87f375604cb09ee433aed661dda6c27c9670f5ed8c007aa00645ca4e93d0a
1,readable_research/initial_archive_index/HTT_MES_THREAD_ARCHIVE_20260830/01_conversation/KNOWN_VISIBLE_MESSAGE_RECORD.jsonl,29863,1de26958c5b7e47902a31b88544d22aa18e719cd4b56e02e794a4f570c48aa61
1,readable_research/initial_archive_index/HTT_MES_THREAD_ARCHIVE_20260830/01_conversation/KNOWN_VISIBLE_MESSAGE_RECORD.md,27833,68659b7c0b251bab7fdbcc65331d652436258ed0ed51e968af224c6eb02c230c
1,readable_research/initial_archive_index/HTT_MES_THREAD_ARCHIVE_20260830/01_conversation/TRANSCRIPT_COVERAGE.json,797,d7b24ce7325ddd42a4da99fff87f1075263d0648a19ed3064d647fd23353d6ce
2,history/HTT_INDEPENDENT_AUDIT_CONTINUATION_20260908.zip,156949443,f9db9fe5166f00142eee56beaf50d157541135a7ec85e225524fba6420cabd75
2,history/BASS/HTT_MES_THREAD_ARCHIVE_20260830.zip,252805093,38ea2ee6a4f5e7412f757f84e6f77960e9a19f8f68984ac9ae5ecee0b6911f38
3,history/HTT_CATALOG_SCAN_57ecfe21_PORTABLE.zip,246941581,fb107007e7a48f8f219d244e8ff20d5177a76785dbd2773ef90006ceb25c1233
4,project_sources/01-Low-ell-Bianchi-Einstein-Boltzmann-Solver.txt,17592,de4c4d3d467e91d3f8420b5b2748ee7294db3ca8e809df4045b2f8c2d71881f1
4,project_sources/02-rust-1.94.1-x86_64-unknown-linux-gnu.tar.xz.asc,801,942bc6926af6a2130d70e77933e3df09d39beeedafad77710259e6df7eadee08
4,project_sources/03-rust_1_94_1_env.sh,240,8e84fa4b09a0e7e50f05302f4e3b3373442fdbd4f3ddb725713e082d9776b64b
4,project_sources/04-Adaptive-CMB-Code-Development-Protocol.txt,8705,8e1140b4922b7556970998465e0ce9126bf644bc108d9b78a73a2bb48027a1dc
4,project_sources/05-Adaptive-CMB-Code-Research-Executor-DAG-Governed-Development-Mandatory-Dual-Audit-Plot-Driven-Adversarial-Loop.txt,12670,8c6d7bd933cd7a80057a10816e692c10816a41d560129b3e8470983d2be2f4a9
4,project_sources/06-rust-1.94.1-x86_64-unknown-linux-gnu.tar.xz,192287020,294b3d81fa72e62581276290c60c81eb8b58498d333d422ca1dfc432877d0c40
4,project_sources/07-Figure-Residual-Error-Pass.txt,3315,37b64cd6d232b3525a838f2f23a05ca44aa99c6362f0a28b695397fbbffc8e22
4,project_sources/08-Figure-Hostile-Audit.txt,5183,46b920c886549a228876ddb7b5651d1a213ff9ad4669843ea4afc3700b4f5bbc
4,project_sources/09-bootstrap.sh,2488,215b4d2aac919c1c4efa45fb49be66368c526b81f954a3ee9c2f0c0c3cb0872b
4,project_sources/10-bianchirustcoreRDAGcomplete.tar.gz,44365,53597fb5dd2aee25a75bfedc2f001574db90b1a5580ad60410b575f76c8aa9fb
4,project_sources/11-lowell_bianchi_codex_automation_kit.zip,52267,3883ea604a1ed6ac0969f49c578b1324e34716d97a788b351d2e289ba14ce1c1
4,project_sources/12-BASS_v1_BACKGROUND_HIGHL_HARNESS_PROJECT_SOURCE_BUNDLE_20260803-1-.zip,418717,79c36566c958cc260adf82a2795a992fe7723c9d37611ab7b8d94de73fe831fa
4,project_sources/13-xAct_1.3.0.tgz,15613945,7a6c5f600868a3922668b020a15c0692f76574ff2a559808c62d460cef1b07be
4,project_sources/14-bianchireview87.tar-1-.gz,2298253,6bb094d30a6d24b3feee11a1d9ae2827049945dae8281ed37d0d0796a6e9ea84
4,project_sources/15-GENERIC_VECTOR_JF_OFFLINE_CARGO_VENDOR_20260816-1-.zip,112967859,9c7671ba5eef9f511560df402418f8cd46bed161e8743f0a5dd5696daf92fb8d
4,project_sources/16-BASS_RUSTCORE_OFFLINE_LOCKED_20260818-105221.zip-2-.sha256,164,430e326448ead9002ba14b61b97bfbde10682b0396d6fe7ad70b4cb4786273a6
4,project_sources/17-BASS_RUSTCORE_OFFLINE_LOCKED_20260818-105221-2-.zip,33103685,f30a4da90c68819d16df44632da91fa76e443df3b8dcf1d55c843bede1e1fb29
4,project_sources/18-literatures.zip,68123442,1a1caf6f89455cb7e36311d98b1bf44a5ac13b5795acc4953297ea86318a850d
4,project_sources/19-papers.zip,9816058,8f4f77d74aac559d81dbfec34ce64f1d3a14a715b1fa22d9c217fc6e86e0f10c
4,project_sources/20-report-1-.pdf,404026,9f47da1383205ae8112648d2626fc2712ec913aa5f591ec76a738e234efa9418
