arm,template_id,amplitude,family,reducer,combiner,full32_power,first16_minus_full32,interpretation
paired300,Q_AXIAL,0.25,FROZEN_MES_10,LEGACY_ABSOLUTE_MEDIAN_V1,MIN_LOCAL_P_V1,0.0584375,0.00031249999999999334,DESCRIPTIVE_QUADRATURE_SENSITIVITY_NOT_CONTINUUM_CONVERGENCE
paired300,Q_AXIAL,0.5,FROZEN_MES_10,LEGACY_ABSOLUTE_MEDIAN_V1,MIN_LOCAL_P_V1,0.070625,-0.00437499999999999,DESCRIPTIVE_QUADRATURE_SENSITIVITY_NOT_CONTINUUM_CONVERGENCE
paired300,Q_AXIAL,1.0,FROZEN_MES_10,LEGACY_ABSOLUTE_MEDIAN_V1,MIN_LOCAL_P_V1,0.2315625,-0.005937500000000012,DESCRIPTIVE_QUADRATURE_SENSITIVITY_NOT_CONTINUUM_CONVERGENCE
paired300,Q_AXIAL,2.0,FROZEN_MES_10,LEGACY_ABSOLUTE_MEDIAN_V1,MIN_LOCAL_P_V1,0.9528125,-0.0078125,DESCRIPTIVE_QUADRATURE_SENSITIVITY_NOT_CONTINUUM_CONVERGENCE
paired300,Q_AXIAL,4.0,FROZEN_MES_10,LEGACY_ABSOLUTE_MEDIAN_V1,MIN_LOCAL_P_V1,1.0,0.0,DESCRIPTIVE_QUADRATURE_SENSITIVITY_NOT_CONTINUUM_CONVERGENCE
paired300,Q_AXIAL,8.0,FROZEN_MES_10,LEGACY_ABSOLUTE_MEDIAN_V1,MIN_LOCAL_P_V1,1.0,0.0,DESCRIPTIVE_QUADRATURE_SENSITIVITY_NOT_CONTINUUM_CONVERGENCE
paired300,O_PLANAR,0.25,FROZEN_MES_10,LEGACY_ABSOLUTE_MEDIAN_V1,MIN_LOCAL_P_V1,0.0315625,-0.0034374999999999996,DESCRIPTIVE_QUADRATURE_SENSITIVITY_NOT_CONTINUUM_CONVERGENCE
paired300,O_PLANAR,0.5,FROZEN_MES_10,LEGACY_ABSOLUTE_MEDIAN_V1,MIN_LOCAL_P_V1,0.0228125,0.0015625000000000014,DESCRIPTIVE_QUADRATURE_SENSITIVITY_NOT_CONTINUUM_CONVERGENCE
paired300,O_PLANAR,1.0,FROZEN_MES_10,LEGACY_ABSOLUTE_MEDIAN_V1,MIN_LOCAL_P_V1,0.0209375,-0.0009375000000000008,DESCRIPTIVE_QUADRATURE_SENSITIVITY_NOT_CONTINUUM_CONVERGENCE
paired300,O_PLANAR,2.0,FROZEN_MES_10,LEGACY_ABSOLUTE_MEDIAN_V1,MIN_LOCAL_P_V1,0.0240625,0.001562499999999998,DESCRIPTIVE_QUADRATURE_SENSITIVITY_NOT_CONTINUUM_CONVERGENCE
paired300,O_PLANAR,4.0,FROZEN_MES_10,LEGACY_ABSOLUTE_MEDIAN_V1,MIN_LOCAL_P_V1,0.136875,0.0037500000000000033,DESCRIPTIVE_QUADRATURE_SENSITIVITY_NOT_CONTINUUM_CONVERGENCE
paired300,O_PLANAR,8.0,FROZEN_MES_10,LEGACY_ABSOLUTE_MEDIAN_V1,MIN_LOCAL_P_V1,0.815625,0.008749999999999925,DESCRIPTIVE_QUADRATURE_SENSITIVITY_NOT_CONTINUUM_CONVERGENCE
paired300,MIX_AXIAL,0.25,FROZEN_MES_10,LEGACY_ABSOLUTE_MEDIAN_V1,MIN_LOCAL_P_V1,0.04125,-0.0037500000000000033,DESCRIPTIVE_QUADRATURE_SENSITIVITY_NOT_CONTINUUM_CONVERGENCE
paired300,MIX_AXIAL,0.5,FROZEN_MES_10,LEGACY_ABSOLUTE_MEDIAN_V1,MIN_LOCAL_P_V1,0.0346875,0.004062499999999997,DESCRIPTIVE_QUADRATURE_SENSITIVITY_NOT_CONTINUUM_CONVERGENCE
paired300,MIX_AXIAL,1.0,FROZEN_MES_10,LEGACY_ABSOLUTE_MEDIAN_V1,MIN_LOCAL_P_V1,0.0784375,-0.0028124999999999956,DESCRIPTIVE_QUADRATURE_SENSITIVITY_NOT_CONTINUUM_CONVERGENCE
paired300,MIX_AXIAL,2.0,FROZEN_MES_10,LEGACY_ABSOLUTE_MEDIAN_V1,MIN_LOCAL_P_V1,0.6921875,-0.022812499999999902,DESCRIPTIVE_QUADRATURE_SENSITIVITY_NOT_CONTINUUM_CONVERGENCE
paired300,MIX_AXIAL,4.0,FROZEN_MES_10,LEGACY_ABSOLUTE_MEDIAN_V1,MIN_LOCAL_P_V1,1.0,0.0,DESCRIPTIVE_QUADRATURE_SENSITIVITY_NOT_CONTINUUM_CONVERGENCE
paired300,MIX_AXIAL,8.0,FROZEN_MES_10,LEGACY_ABSOLUTE_MEDIAN_V1,MIN_LOCAL_P_V1,1.0,0.0,DESCRIPTIVE_QUADRATURE_SENSITIVITY_NOT_CONTINUUM_CONVERGENCE
paired300,MIX_PLANAR,0.25,FROZEN_MES_10,LEGACY_ABSOLUTE_MEDIAN_V1,MIN_LOCAL_P_V1,0.0315625,-0.0009375000000000008,DESCRIPTIVE_QUADRATURE_SENSITIVITY_NOT_CONTINUUM_CONVERGENCE
paired300,MIX_PLANAR,0.5,FROZEN_MES_10,LEGACY_ABSOLUTE_MEDIAN_V1,MIN_LOCAL_P_V1,0.0359375,-0.0009374999999999939,DESCRIPTIVE_QUADRATURE_SENSITIVITY_NOT_CONTINUUM_CONVERGENCE
paired300,MIX_PLANAR,1.0,FROZEN_MES_10,LEGACY_ABSOLUTE_MEDIAN_V1,MIN_LOCAL_P_V1,0.07125,-0.0018749999999999878,DESCRIPTIVE_QUADRATURE_SENSITIVITY_NOT_CONTINUUM_CONVERGENCE
paired300,MIX_PLANAR,2.0,FROZEN_MES_10,LEGACY_ABSOLUTE_MEDIAN_V1,MIN_LOCAL_P_V1,0.69625,0.01749999999999996,DESCRIPTIVE_QUADRATURE_SENSITIVITY_NOT_CONTINUUM_CONVERGENCE
paired300,MIX_PLANAR,4.0,FROZEN_MES_10,LEGACY_ABSOLUTE_MEDIAN_V1,MIN_LOCAL_P_V1,1.0,0.0,DESCRIPTIVE_QUADRATURE_SENSITIVITY_NOT_CONTINUUM_CONVERGENCE
paired300,MIX_PLANAR,8.0,FROZEN_MES_10,LEGACY_ABSOLUTE_MEDIAN_V1,MIN_LOCAL_P_V1,1.0,0.0,DESCRIPTIVE_QUADRATURE_SENSITIVITY_NOT_CONTINUUM_CONVERGENCE
paired300,MIX_GENERIC,0.25,FROZEN_MES_10,LEGACY_ABSOLUTE_MEDIAN_V1,MIN_LOCAL_P_V1,0.044375,-0.006249999999999999,DESCRIPTIVE_QUADRATURE_SENSITIVITY_NOT_CONTINUUM_CONVERGENCE
paired300,MIX_GENERIC,0.5,FROZEN_MES_10,LEGACY_ABSOLUTE_MEDIAN_V1,MIN_LOCAL_P_V1,0.038125,-0.0006250000000000006,DESCRIPTIVE_QUADRATURE_SENSITIVITY_NOT_CONTINUUM_CONVERGENCE
paired300,MIX_GENERIC,1.0,FROZEN_MES_10,LEGACY_ABSOLUTE_MEDIAN_V1,MIN_LOCAL_P_V1,0.076875,0.0025000000000000022,DESCRIPTIVE_QUADRATURE_SENSITIVITY_NOT_CONTINUUM_CONVERGENCE
paired300,MIX_GENERIC,2.0,FROZEN_MES_10,LEGACY_ABSOLUTE_MEDIAN_V1,MIN_LOCAL_P_V1,0.709375,-0.008124999999999938,DESCRIPTIVE_QUADRATURE_SENSITIVITY_NOT_CONTINUUM_CONVERGENCE
paired300,MIX_GENERIC,4.0,FROZEN_MES_10,LEGACY_ABSOLUTE_MEDIAN_V1,MIN_LOCAL_P_V1,1.0,0.0,DESCRIPTIVE_QUADRATURE_SENSITIVITY_NOT_CONTINUUM_CONVERGENCE
paired300,MIX_GENERIC,8.0,FROZEN_MES_10,LEGACY_ABSOLUTE_MEDIAN_V1,MIN_LOCAL_P_V1,1.0,0.0,DESCRIPTIVE_QUADRATURE_SENSITIVITY_NOT_CONTINUUM_CONVERGENCE
paired300,Q_AXIAL,0.25,FROZEN_MES_10,LEGACY_ABSOLUTE_MEDIAN_V1,EXACT_INTEGER_FISHER_PRODUCT_FINITE_POOL_V1,0.059375,0.0,DESCRIPTIVE_QUADRATURE_SENSITIVITY_NOT_CONTINUUM_CONVERGENCE
paired300,Q_AXIAL,0.5,FROZEN_MES_10,LEGACY_ABSOLUTE_MEDIAN_V1,EXACT_INTEGER_FISHER_PRODUCT_FINITE_POOL_V1,0.1209375,-0.005312499999999998,DESCRIPTIVE_QUADRATURE_SENSITIVITY_NOT_CONTINUUM_CONVERGENCE
paired300,Q_AXIAL,1.0,FROZEN_MES_10,LEGACY_ABSOLUTE_MEDIAN_V1,EXACT_INTEGER_FISHER_PRODUCT_FINITE_POOL_V1,0.431875,-0.02562500000000001,DESCRIPTIVE_QUADRATURE_SENSITIVITY_NOT_CONTINUUM_CONVERGENCE
paired300,Q_AXIAL,2.0,FROZEN_MES_10,LEGACY_ABSOLUTE_MEDIAN_V1,EXACT_INTEGER_FISHER_PRODUCT_FINITE_POOL_V1,0.958125,0.00187499999999996,DESCRIPTIVE_QUADRATURE_SENSITIVITY_NOT_CONTINUUM_CONVERGENCE
paired300,Q_AXIAL,4.0,FROZEN_MES_10,LEGACY_ABSOLUTE_MEDIAN_V1,EXACT_INTEGER_FISHER_PRODUCT_FINITE_POOL_V1,1.0,0.0,DESCRIPTIVE_QUADRATURE_SENSITIVITY_NOT_CONTINUUM_CONVERGENCE
paired300,Q_AXIAL,8.0,FROZEN_MES_10,LEGACY_ABSOLUTE_MEDIAN_V1,EXACT_INTEGER_FISHER_PRODUCT_FINITE_POOL_V1,1.0,0.0,DESCRIPTIVE_QUADRATURE_SENSITIVITY_NOT_CONTINUUM_CONVERGENCE
paired300,O_PLANAR,0.25,FROZEN_MES_10,LEGACY_ABSOLUTE_MEDIAN_V1,EXACT_INTEGER_FISHER_PRODUCT_FINITE_POOL_V1,0.0396875,-0.003437500000000003,DESCRIPTIVE_QUADRATURE_SENSITIVITY_NOT_CONTINUUM_CONVERGENCE
paired300,O_PLANAR,0.5,FROZEN_MES_10,LEGACY_ABSOLUTE_MEDIAN_V1,EXACT_INTEGER_FISHER_PRODUCT_FINITE_POOL_V1,0.038125,-0.006874999999999999,DESCRIPTIVE_QUADRATURE_SENSITIVITY_NOT_CONTINUUM_CONVERGENCE
paired300,O_PLANAR,1.0,FROZEN_MES_10,LEGACY_ABSOLUTE_MEDIAN_V1,EXACT_INTEGER_FISHER_PRODUCT_FINITE_POOL_V1,0.04125,0.0,DESCRIPTIVE_QUADRATURE_SENSITIVITY_NOT_CONTINUUM_CONVERGENCE
paired300,O_PLANAR,2.0,FROZEN_MES_10,LEGACY_ABSOLUTE_MEDIAN_V1,EXACT_INTEGER_FISHER_PRODUCT_FINITE_POOL_V1,0.1328125,-0.002187500000000009,DESCRIPTIVE_QUADRATURE_SENSITIVITY_NOT_CONTINUUM_CONVERGENCE
paired300,O_PLANAR,4.0,FROZEN_MES_10,LEGACY_ABSOLUTE_MEDIAN_V1,EXACT_INTEGER_FISHER_PRODUCT_FINITE_POOL_V1,0.3878125,0.00093749999999998,DESCRIPTIVE_QUADRATURE_SENSITIVITY_NOT_CONTINUUM_CONVERGENCE
paired300,O_PLANAR,8.0,FROZEN_MES_10,LEGACY_ABSOLUTE_MEDIAN_V1,EXACT_INTEGER_FISHER_PRODUCT_FINITE_POOL_V1,0.7709375,0.0034374999999999822,DESCRIPTIVE_QUADRATURE_SENSITIVITY_NOT_CONTINUUM_CONVERGENCE
paired300,MIX_AXIAL,0.25,FROZEN_MES_10,LEGACY_ABSOLUTE_MEDIAN_V1,EXACT_INTEGER_FISHER_PRODUCT_FINITE_POOL_V1,0.050625,-0.0062500000000000056,DESCRIPTIVE_QUADRATURE_SENSITIVITY_NOT_CONTINUUM_CONVERGENCE
paired300,MIX_AXIAL,0.5,FROZEN_MES_10,LEGACY_ABSOLUTE_MEDIAN_V1,EXACT_INTEGER_FISHER_PRODUCT_FINITE_POOL_V1,0.08125,-0.0050000000000000044,DESCRIPTIVE_QUADRATURE_SENSITIVITY_NOT_CONTINUUM_CONVERGENCE
paired300,MIX_AXIAL,1.0,FROZEN_MES_10,LEGACY_ABSOLUTE_MEDIAN_V1,EXACT_INTEGER_FISHER_PRODUCT_FINITE_POOL_V1,0.1628125,-0.010937499999999989,DESCRIPTIVE_QUADRATURE_SENSITIVITY_NOT_CONTINUUM_CONVERGENCE
paired300,MIX_AXIAL,2.0,FROZEN_MES_10,LEGACY_ABSOLUTE_MEDIAN_V1,EXACT_INTEGER_FISHER_PRODUCT_FINITE_POOL_V1,0.6165625,-0.00593750000000004,DESCRIPTIVE_QUADRATURE_SENSITIVITY_NOT_CONTINUUM_CONVERGENCE
paired300,MIX_AXIAL,4.0,FROZEN_MES_10,LEGACY_ABSOLUTE_MEDIAN_V1,EXACT_INTEGER_FISHER_PRODUCT_FINITE_POOL_V1,0.9834375,0.00031250000000004885,DESCRIPTIVE_QUADRATURE_SENSITIVITY_NOT_CONTINUUM_CONVERGENCE
paired300,MIX_AXIAL,8.0,FROZEN_MES_10,LEGACY_ABSOLUTE_MEDIAN_V1,EXACT_INTEGER_FISHER_PRODUCT_FINITE_POOL_V1,1.0,0.0,DESCRIPTIVE_QUADRATURE_SENSITIVITY_NOT_CONTINUUM_CONVERGENCE
paired300,MIX_PLANAR,0.25,FROZEN_MES_10,LEGACY_ABSOLUTE_MEDIAN_V1,EXACT_INTEGER_FISHER_PRODUCT_FINITE_POOL_V1,0.045,0.0012500000000000011,DESCRIPTIVE_QUADRATURE_SENSITIVITY_NOT_CONTINUUM_CONVERGENCE
paired300,MIX_PLANAR,0.5,FROZEN_MES_10,LEGACY_ABSOLUTE_MEDIAN_V1,EXACT_INTEGER_FISHER_PRODUCT_FINITE_POOL_V1,0.07,0.0006249999999999867,DESCRIPTIVE_QUADRATURE_SENSITIVITY_NOT_CONTINUUM_CONVERGENCE
paired300,MIX_PLANAR,1.0,FROZEN_MES_10,LEGACY_ABSOLUTE_MEDIAN_V1,EXACT_INTEGER_FISHER_PRODUCT_FINITE_POOL_V1,0.1284375,-0.002187500000000009,DESCRIPTIVE_QUADRATURE_SENSITIVITY_NOT_CONTINUUM_CONVERGENCE
paired300,MIX_PLANAR,2.0,FROZEN_MES_10,LEGACY_ABSOLUTE_MEDIAN_V1,EXACT_INTEGER_FISHER_PRODUCT_FINITE_POOL_V1,0.49125,-0.0006250000000000422,DESCRIPTIVE_QUADRATURE_SENSITIVITY_NOT_CONTINUUM_CONVERGENCE
paired300,MIX_PLANAR,4.0,FROZEN_MES_10,LEGACY_ABSOLUTE_MEDIAN_V1,EXACT_INTEGER_FISHER_PRODUCT_FINITE_POOL_V1,0.8934375,0.007187500000000013,DESCRIPTIVE_QUADRATURE_SENSITIVITY_NOT_CONTINUUM_CONVERGENCE
paired300,MIX_PLANAR,8.0,FROZEN_MES_10,LEGACY_ABSOLUTE_MEDIAN_V1,EXACT_INTEGER_FISHER_PRODUCT_FINITE_POOL_V1,0.9928125,-0.00031249999999993783,DESCRIPTIVE_QUADRATURE_SENSITIVITY_NOT_CONTINUUM_CONVERGENCE
paired300,MIX_GENERIC,0.25,FROZEN_MES_10,LEGACY_ABSOLUTE_MEDIAN_V1,EXACT_INTEGER_FISHER_PRODUCT_FINITE_POOL_V1,0.0434375,-0.004062499999999997,DESCRIPTIVE_QUADRATURE_SENSITIVITY_NOT_CONTINUUM_CONVERGENCE
paired300,MIX_GENERIC,0.5,FROZEN_MES_10,LEGACY_ABSOLUTE_MEDIAN_V1,EXACT_INTEGER_FISHER_PRODUCT_FINITE_POOL_V1,0.070625,0.0,DESCRIPTIVE_QUADRATURE_SENSITIVITY_NOT_CONTINUUM_CONVERGENCE
paired300,MIX_GENERIC,1.0,FROZEN_MES_10,LEGACY_ABSOLUTE_MEDIAN_V1,EXACT_INTEGER_FISHER_PRODUCT_FINITE_POOL_V1,0.1465625,0.0078125,DESCRIPTIVE_QUADRATURE_SENSITIVITY_NOT_CONTINUUM_CONVERGENCE
paired300,MIX_GENERIC,2.0,FROZEN_MES_10,LEGACY_ABSOLUTE_MEDIAN_V1,EXACT_INTEGER_FISHER_PRODUCT_FINITE_POOL_V1,0.396875,0.003750000000000031,DESCRIPTIVE_QUADRATURE_SENSITIVITY_NOT_CONTINUUM_CONVERGENCE
paired300,MIX_GENERIC,4.0,FROZEN_MES_10,LEGACY_ABSOLUTE_MEDIAN_V1,EXACT_INTEGER_FISHER_PRODUCT_FINITE_POOL_V1,0.3446875,-0.024062499999999987,DESCRIPTIVE_QUADRATURE_SENSITIVITY_NOT_CONTINUUM_CONVERGENCE
paired300,MIX_GENERIC,8.0,FROZEN_MES_10,LEGACY_ABSOLUTE_MEDIAN_V1,EXACT_INTEGER_FISHER_PRODUCT_FINITE_POOL_V1,0.259375,-0.03562500000000002,DESCRIPTIVE_QUADRATURE_SENSITIVITY_NOT_CONTINUUM_CONVERGENCE
paired300,Q_AXIAL,0.25,FROZEN_MES_10,LOO_ECDF_MIDRANK_V1,MIN_LOCAL_P_V1,0.0,0.0,DESCRIPTIVE_QUADRATURE_SENSITIVITY_NOT_CONTINUUM_CONVERGENCE
paired300,Q_AXIAL,0.5,FROZEN_MES_10,LOO_ECDF_MIDRANK_V1,MIN_LOCAL_P_V1,0.0,0.0,DESCRIPTIVE_QUADRATURE_SENSITIVITY_NOT_CONTINUUM_CONVERGENCE
paired300,Q_AXIAL,1.0,FROZEN_MES_10,LOO_ECDF_MIDRANK_V1,MIN_LOCAL_P_V1,0.0,0.0,DESCRIPTIVE_QUADRATURE_SENSITIVITY_NOT_CONTINUUM_CONVERGENCE
paired300,Q_AXIAL,2.0,FROZEN_MES_10,LOO_ECDF_MIDRANK_V1,MIN_LOCAL_P_V1,0.0,0.0,DESCRIPTIVE_QUADRATURE_SENSITIVITY_NOT_CONTINUUM_CONVERGENCE
paired300,Q_AXIAL,4.0,FROZEN_MES_10,LOO_ECDF_MIDRANK_V1,MIN_LOCAL_P_V1,0.0,0.0,DESCRIPTIVE_QUADRATURE_SENSITIVITY_NOT_CONTINUUM_CONVERGENCE
paired300,Q_AXIAL,8.0,FROZEN_MES_10,LOO_ECDF_MIDRANK_V1,MIN_LOCAL_P_V1,0.0,0.0,DESCRIPTIVE_QUADRATURE_SENSITIVITY_NOT_CONTINUUM_CONVERGENCE
paired300,O_PLANAR,0.25,FROZEN_MES_10,LOO_ECDF_MIDRANK_V1,MIN_LOCAL_P_V1,0.0,0.0,DESCRIPTIVE_QUADRATURE_SENSITIVITY_NOT_CONTINUUM_CONVERGENCE
paired300,O_PLANAR,0.5,FROZEN_MES_10,LOO_ECDF_MIDRANK_V1,MIN_LOCAL_P_V1,0.0,0.0,DESCRIPTIVE_QUADRATURE_SENSITIVITY_NOT_CONTINUUM_CONVERGENCE
paired300,O_PLANAR,1.0,FROZEN_MES_10,LOO_ECDF_MIDRANK_V1,MIN_LOCAL_P_V1,0.0,0.0,DESCRIPTIVE_QUADRATURE_SENSITIVITY_NOT_CONTINUUM_CONVERGENCE
paired300,O_PLANAR,2.0,FROZEN_MES_10,LOO_ECDF_MIDRANK_V1,MIN_LOCAL_P_V1,0.0,0.0,DESCRIPTIVE_QUADRATURE_SENSITIVITY_NOT_CONTINUUM_CONVERGENCE
paired300,O_PLANAR,4.0,FROZEN_MES_10,LOO_ECDF_MIDRANK_V1,MIN_LOCAL_P_V1,0.0,0.0,DESCRIPTIVE_QUADRATURE_SENSITIVITY_NOT_CONTINUUM_CONVERGENCE
paired300,O_PLANAR,8.0,FROZEN_MES_10,LOO_ECDF_MIDRANK_V1,MIN_LOCAL_P_V1,0.0,0.0,DESCRIPTIVE_QUADRATURE_SENSITIVITY_NOT_CONTINUUM_CONVERGENCE
paired300,MIX_AXIAL,0.25,FROZEN_MES_10,LOO_ECDF_MIDRANK_V1,MIN_LOCAL_P_V1,0.0,0.0,DESCRIPTIVE_QUADRATURE_SENSITIVITY_NOT_CONTINUUM_CONVERGENCE
paired300,MIX_AXIAL,0.5,FROZEN_MES_10,LOO_ECDF_MIDRANK_V1,MIN_LOCAL_P_V1,0.0,0.0,DESCRIPTIVE_QUADRATURE_SENSITIVITY_NOT_CONTINUUM_CONVERGENCE
paired300,MIX_AXIAL,1.0,FROZEN_MES_10,LOO_ECDF_MIDRANK_V1,MIN_LOCAL_P_V1,0.0,0.0,DESCRIPTIVE_QUADRATURE_SENSITIVITY_NOT_CONTINUUM_CONVERGENCE
paired300,MIX_AXIAL,2.0,FROZEN_MES_10,LOO_ECDF_MIDRANK_V1,MIN_LOCAL_P_V1,0.0,0.0,DESCRIPTIVE_QUADRATURE_SENSITIVITY_NOT_CONTINUUM_CONVERGENCE
paired300,MIX_AXIAL,4.0,FROZEN_MES_10,LOO_ECDF_MIDRANK_V1,MIN_LOCAL_P_V1,0.0,0.0,DESCRIPTIVE_QUADRATURE_SENSITIVITY_NOT_CONTINUUM_CONVERGENCE
paired300,MIX_AXIAL,8.0,FROZEN_MES_10,LOO_ECDF_MIDRANK_V1,MIN_LOCAL_P_V1,0.0,0.0,DESCRIPTIVE_QUADRATURE_SENSITIVITY_NOT_CONTINUUM_CONVERGENCE
paired300,MIX_PLANAR,0.25,FROZEN_MES_10,LOO_ECDF_MIDRANK_V1,MIN_LOCAL_P_V1,0.0,0.0,DESCRIPTIVE_QUADRATURE_SENSITIVITY_NOT_CONTINUUM_CONVERGENCE
paired300,MIX_PLANAR,0.5,FROZEN_MES_10,LOO_ECDF_MIDRANK_V1,MIN_LOCAL_P_V1,0.0,0.0,DESCRIPTIVE_QUADRATURE_SENSITIVITY_NOT_CONTINUUM_CONVERGENCE
paired300,MIX_PLANAR,1.0,FROZEN_MES_10,LOO_ECDF_MIDRANK_V1,MIN_LOCAL_P_V1,0.0,0.0,DESCRIPTIVE_QUADRATURE_SENSITIVITY_NOT_CONTINUUM_CONVERGENCE
paired300,MIX_PLANAR,2.0,FROZEN_MES_10,LOO_ECDF_MIDRANK_V1,MIN_LOCAL_P_V1,0.0,0.0,DESCRIPTIVE_QUADRATURE_SENSITIVITY_NOT_CONTINUUM_CONVERGENCE
paired300,MIX_PLANAR,4.0,FROZEN_MES_10,LOO_ECDF_MIDRANK_V1,MIN_LOCAL_P_V1,0.0,0.0,DESCRIPTIVE_QUADRATURE_SENSITIVITY_NOT_CONTINUUM_CONVERGENCE
paired300,MIX_PLANAR,8.0,FROZEN_MES_10,LOO_ECDF_MIDRANK_V1,MIN_LOCAL_P_V1,0.0,0.0,DESCRIPTIVE_QUADRATURE_SENSITIVITY_NOT_CONTINUUM_CONVERGENCE
paired300,MIX_GENERIC,0.25,FROZEN_MES_10,LOO_ECDF_MIDRANK_V1,MIN_LOCAL_P_V1,0.0,0.0,DESCRIPTIVE_QUADRATURE_SENSITIVITY_NOT_CONTINUUM_CONVERGENCE
paired300,MIX_GENERIC,0.5,FROZEN_MES_10,LOO_ECDF_MIDRANK_V1,MIN_LOCAL_P_V1,0.0,0.0,DESCRIPTIVE_QUADRATURE_SENSITIVITY_NOT_CONTINUUM_CONVERGENCE
paired300,MIX_GENERIC,1.0,FROZEN_MES_10,LOO_ECDF_MIDRANK_V1,MIN_LOCAL_P_V1,0.0,0.0,DESCRIPTIVE_QUADRATURE_SENSITIVITY_NOT_CONTINUUM_CONVERGENCE
paired300,MIX_GENERIC,2.0,FROZEN_MES_10,LOO_ECDF_MIDRANK_V1,MIN_LOCAL_P_V1,0.0,0.0,DESCRIPTIVE_QUADRATURE_SENSITIVITY_NOT_CONTINUUM_CONVERGENCE
paired300,MIX_GENERIC,4.0,FROZEN_MES_10,LOO_ECDF_MIDRANK_V1,MIN_LOCAL_P_V1,0.0,0.0,DESCRIPTIVE_QUADRATURE_SENSITIVITY_NOT_CONTINUUM_CONVERGENCE
paired300,MIX_GENERIC,8.0,FROZEN_MES_10,LOO_ECDF_MIDRANK_V1,MIN_LOCAL_P_V1,0.0,0.0,DESCRIPTIVE_QUADRATURE_SENSITIVITY_NOT_CONTINUUM_CONVERGENCE
paired300,Q_AXIAL,0.25,FROZEN_MES_10,LOO_ECDF_MIDRANK_V1,EXACT_INTEGER_FISHER_PRODUCT_FINITE_POOL_V1,0.029375,-0.0024999999999999988,DESCRIPTIVE_QUADRATURE_SENSITIVITY_NOT_CONTINUUM_CONVERGENCE
paired300,Q_AXIAL,0.5,FROZEN_MES_10,LOO_ECDF_MIDRANK_V1,EXACT_INTEGER_FISHER_PRODUCT_FINITE_POOL_V1,0.0628125,0.0003125000000000072,DESCRIPTIVE_QUADRATURE_SENSITIVITY_NOT_CONTINUUM_CONVERGENCE
paired300,Q_AXIAL,1.0,FROZEN_MES_10,LOO_ECDF_MIDRANK_V1,EXACT_INTEGER_FISHER_PRODUCT_FINITE_POOL_V1,0.2859375,-0.018437499999999996,DESCRIPTIVE_QUADRATURE_SENSITIVITY_NOT_CONTINUUM_CONVERGENCE
paired300,Q_AXIAL,2.0,FROZEN_MES_10,LOO_ECDF_MIDRANK_V1,EXACT_INTEGER_FISHER_PRODUCT_FINITE_POOL_V1,0.881875,-0.0050000000000000044,DESCRIPTIVE_QUADRATURE_SENSITIVITY_NOT_CONTINUUM_CONVERGENCE
paired300,Q_AXIAL,4.0,FROZEN_MES_10,LOO_ECDF_MIDRANK_V1,EXACT_INTEGER_FISHER_PRODUCT_FINITE_POOL_V1,0.9978125,0.0009375000000000355,DESCRIPTIVE_QUADRATURE_SENSITIVITY_NOT_CONTINUUM_CONVERGENCE
paired300,Q_AXIAL,8.0,FROZEN_MES_10,LOO_ECDF_MIDRANK_V1,EXACT_INTEGER_FISHER_PRODUCT_FINITE_POOL_V1,1.0,0.0,DESCRIPTIVE_QUADRATURE_SENSITIVITY_NOT_CONTINUUM_CONVERGENCE
paired300,O_PLANAR,0.25,FROZEN_MES_10,LOO_ECDF_MIDRANK_V1,EXACT_INTEGER_FISHER_PRODUCT_FINITE_POOL_V1,0.036875,-0.0024999999999999953,DESCRIPTIVE_QUADRATURE_SENSITIVITY_NOT_CONTINUUM_CONVERGENCE
paired300,O_PLANAR,0.5,FROZEN_MES_10,LOO_ECDF_MIDRANK_V1,EXACT_INTEGER_FISHER_PRODUCT_FINITE_POOL_V1,0.03875,0.0,DESCRIPTIVE_QUADRATURE_SENSITIVITY_NOT_CONTINUUM_CONVERGENCE
paired300,O_PLANAR,1.0,FROZEN_MES_10,LOO_ECDF_MIDRANK_V1,EXACT_INTEGER_FISHER_PRODUCT_FINITE_POOL_V1,0.0478125,-0.0015625000000000014,DESCRIPTIVE_QUADRATURE_SENSITIVITY_NOT_CONTINUUM_CONVERGENCE
paired300,O_PLANAR,2.0,FROZEN_MES_10,LOO_ECDF_MIDRANK_V1,EXACT_INTEGER_FISHER_PRODUCT_FINITE_POOL_V1,0.155,-0.0006249999999999867,DESCRIPTIVE_QUADRATURE_SENSITIVITY_NOT_CONTINUUM_CONVERGENCE
paired300,O_PLANAR,4.0,FROZEN_MES_10,LOO_ECDF_MIDRANK_V1,EXACT_INTEGER_FISHER_PRODUCT_FINITE_POOL_V1,0.474375,0.00687500000000002,DESCRIPTIVE_QUADRATURE_SENSITIVITY_NOT_CONTINUUM_CONVERGENCE
paired300,O_PLANAR,8.0,FROZEN_MES_10,LOO_ECDF_MIDRANK_V1,EXACT_INTEGER_FISHER_PRODUCT_FINITE_POOL_V1,0.9503125,0.009062499999999973,DESCRIPTIVE_QUADRATURE_SENSITIVITY_NOT_CONTINUUM_CONVERGENCE
paired300,MIX_AXIAL,0.25,FROZEN_MES_10,LOO_ECDF_MIDRANK_V1,EXACT_INTEGER_FISHER_PRODUCT_FINITE_POOL_V1,0.03375,-0.0031250000000000028,DESCRIPTIVE_QUADRATURE_SENSITIVITY_NOT_CONTINUUM_CONVERGENCE
paired300,MIX_AXIAL,0.5,FROZEN_MES_10,LOO_ECDF_MIDRANK_V1,EXACT_INTEGER_FISHER_PRODUCT_FINITE_POOL_V1,0.0475,-0.0006250000000000006,DESCRIPTIVE_QUADRATURE_SENSITIVITY_NOT_CONTINUUM_CONVERGENCE
paired300,MIX_AXIAL,1.0,FROZEN_MES_10,LOO_ECDF_MIDRANK_V1,EXACT_INTEGER_FISHER_PRODUCT_FINITE_POOL_V1,0.090625,-0.006874999999999992,DESCRIPTIVE_QUADRATURE_SENSITIVITY_NOT_CONTINUUM_CONVERGENCE
paired300,MIX_AXIAL,2.0,FROZEN_MES_10,LOO_ECDF_MIDRANK_V1,EXACT_INTEGER_FISHER_PRODUCT_FINITE_POOL_V1,0.453125,-0.009375000000000022,DESCRIPTIVE_QUADRATURE_SENSITIVITY_NOT_CONTINUUM_CONVERGENCE
paired300,MIX_AXIAL,4.0,FROZEN_MES_10,LOO_ECDF_MIDRANK_V1,EXACT_INTEGER_FISHER_PRODUCT_FINITE_POOL_V1,0.9303125,-0.00031249999999993783,DESCRIPTIVE_QUADRATURE_SENSITIVITY_NOT_CONTINUUM_CONVERGENCE
paired300,MIX_AXIAL,8.0,FROZEN_MES_10,LOO_ECDF_MIDRANK_V1,EXACT_INTEGER_FISHER_PRODUCT_FINITE_POOL_V1,0.9996875,0.00031250000000004885,DESCRIPTIVE_QUADRATURE_SENSITIVITY_NOT_CONTINUUM_CONVERGENCE
paired300,MIX_PLANAR,0.25,FROZEN_MES_10,LOO_ECDF_MIDRANK_V1,EXACT_INTEGER_FISHER_PRODUCT_FINITE_POOL_V1,0.0315625,0.004062499999999997,DESCRIPTIVE_QUADRATURE_SENSITIVITY_NOT_CONTINUUM_CONVERGENCE
paired300,MIX_PLANAR,0.5,FROZEN_MES_10,LOO_ECDF_MIDRANK_V1,EXACT_INTEGER_FISHER_PRODUCT_FINITE_POOL_V1,0.0478125,0.003437499999999996,DESCRIPTIVE_QUADRATURE_SENSITIVITY_NOT_CONTINUUM_CONVERGENCE
paired300,MIX_PLANAR,1.0,FROZEN_MES_10,LOO_ECDF_MIDRANK_V1,EXACT_INTEGER_FISHER_PRODUCT_FINITE_POOL_V1,0.0778125,0.0009374999999999939,DESCRIPTIVE_QUADRATURE_SENSITIVITY_NOT_CONTINUUM_CONVERGENCE
paired300,MIX_PLANAR,2.0,FROZEN_MES_10,LOO_ECDF_MIDRANK_V1,EXACT_INTEGER_FISHER_PRODUCT_FINITE_POOL_V1,0.410625,0.00187499999999996,DESCRIPTIVE_QUADRATURE_SENSITIVITY_NOT_CONTINUUM_CONVERGENCE
paired300,MIX_PLANAR,4.0,FROZEN_MES_10,LOO_ECDF_MIDRANK_V1,EXACT_INTEGER_FISHER_PRODUCT_FINITE_POOL_V1,0.8721875,-0.0015625000000000222,DESCRIPTIVE_QUADRATURE_SENSITIVITY_NOT_CONTINUUM_CONVERGENCE
paired300,MIX_PLANAR,8.0,FROZEN_MES_10,LOO_ECDF_MIDRANK_V1,EXACT_INTEGER_FISHER_PRODUCT_FINITE_POOL_V1,0.9928125,-0.0009375000000000355,DESCRIPTIVE_QUADRATURE_SENSITIVITY_NOT_CONTINUUM_CONVERGENCE
paired300,MIX_GENERIC,0.25,FROZEN_MES_10,LOO_ECDF_MIDRANK_V1,EXACT_INTEGER_FISHER_PRODUCT_FINITE_POOL_V1,0.0296875,0.003437500000000003,DESCRIPTIVE_QUADRATURE_SENSITIVITY_NOT_CONTINUUM_CONVERGENCE
paired300,MIX_GENERIC,0.5,FROZEN_MES_10,LOO_ECDF_MIDRANK_V1,EXACT_INTEGER_FISHER_PRODUCT_FINITE_POOL_V1,0.0475,-0.0012500000000000011,DESCRIPTIVE_QUADRATURE_SENSITIVITY_NOT_CONTINUUM_CONVERGENCE
paired300,MIX_GENERIC,1.0,FROZEN_MES_10,LOO_ECDF_MIDRANK_V1,EXACT_INTEGER_FISHER_PRODUCT_FINITE_POOL_V1,0.08125,0.006874999999999992,DESCRIPTIVE_QUADRATURE_SENSITIVITY_NOT_CONTINUUM_CONVERGENCE
paired300,MIX_GENERIC,2.0,FROZEN_MES_10,LOO_ECDF_MIDRANK_V1,EXACT_INTEGER_FISHER_PRODUCT_FINITE_POOL_V1,0.28,0.0,DESCRIPTIVE_QUADRATURE_SENSITIVITY_NOT_CONTINUUM_CONVERGENCE
paired300,MIX_GENERIC,4.0,FROZEN_MES_10,LOO_ECDF_MIDRANK_V1,EXACT_INTEGER_FISHER_PRODUCT_FINITE_POOL_V1,0.2684375,-0.0078125,DESCRIPTIVE_QUADRATURE_SENSITIVITY_NOT_CONTINUUM_CONVERGENCE
paired300,MIX_GENERIC,8.0,FROZEN_MES_10,LOO_ECDF_MIDRANK_V1,EXACT_INTEGER_FISHER_PRODUCT_FINITE_POOL_V1,0.19625,-0.02125000000000002,DESCRIPTIVE_QUADRATURE_SENSITIVITY_NOT_CONTINUUM_CONVERGENCE
paired300,Q_AXIAL,0.25,FROZEN_FRAME_FREE_IRREP_8,LEGACY_ABSOLUTE_MEDIAN_V1,MIN_LOCAL_P_V1,0.0465625,-0.0028125000000000025,DESCRIPTIVE_QUADRATURE_SENSITIVITY_NOT_CONTINUUM_CONVERGENCE
paired300,Q_AXIAL,0.5,FROZEN_FRAME_FREE_IRREP_8,LEGACY_ABSOLUTE_MEDIAN_V1,MIN_LOCAL_P_V1,0.0478125,0.003437499999999996,DESCRIPTIVE_QUADRATURE_SENSITIVITY_NOT_CONTINUUM_CONVERGENCE
paired300,Q_AXIAL,1.0,FROZEN_FRAME_FREE_IRREP_8,LEGACY_ABSOLUTE_MEDIAN_V1,MIN_LOCAL_P_V1,0.11875,0.005625000000000005,DESCRIPTIVE_QUADRATURE_SENSITIVITY_NOT_CONTINUUM_CONVERGENCE
paired300,Q_AXIAL,2.0,FROZEN_FRAME_FREE_IRREP_8,LEGACY_ABSOLUTE_MEDIAN_V1,MIN_LOCAL_P_V1,0.908125,0.0025000000000000577,DESCRIPTIVE_QUADRATURE_SENSITIVITY_NOT_CONTINUUM_CONVERGENCE
paired300,Q_AXIAL,4.0,FROZEN_FRAME_FREE_IRREP_8,LEGACY_ABSOLUTE_MEDIAN_V1,MIN_LOCAL_P_V1,1.0,0.0,DESCRIPTIVE_QUADRATURE_SENSITIVITY_NOT_CONTINUUM_CONVERGENCE
paired300,Q_AXIAL,8.0,FROZEN_FRAME_FREE_IRREP_8,LEGACY_ABSOLUTE_MEDIAN_V1,MIN_LOCAL_P_V1,1.0,0.0,DESCRIPTIVE_QUADRATURE_SENSITIVITY_NOT_CONTINUUM_CONVERGENCE
paired300,O_PLANAR,0.25,FROZEN_FRAME_FREE_IRREP_8,LEGACY_ABSOLUTE_MEDIAN_V1,MIN_LOCAL_P_V1,0.060625,-0.0012500000000000011,DESCRIPTIVE_QUADRATURE_SENSITIVITY_NOT_CONTINUUM_CONVERGENCE
paired300,O_PLANAR,0.5,FROZEN_FRAME_FREE_IRREP_8,LEGACY_ABSOLUTE_MEDIAN_V1,MIN_LOCAL_P_V1,0.1246875,0.0059374999999999845,DESCRIPTIVE_QUADRATURE_SENSITIVITY_NOT_CONTINUUM_CONVERGENCE
paired300,O_PLANAR,1.0,FROZEN_FRAME_FREE_IRREP_8,LEGACY_ABSOLUTE_MEDIAN_V1,MIN_LOCAL_P_V1,0.64375,-0.007500000000000062,DESCRIPTIVE_QUADRATURE_SENSITIVITY_NOT_CONTINUUM_CONVERGENCE
paired300,O_PLANAR,2.0,FROZEN_FRAME_FREE_IRREP_8,LEGACY_ABSOLUTE_MEDIAN_V1,MIN_LOCAL_P_V1,1.0,0.0,DESCRIPTIVE_QUADRATURE_SENSITIVITY_NOT_CONTINUUM_CONVERGENCE
paired300,O_PLANAR,4.0,FROZEN_FRAME_FREE_IRREP_8,LEGACY_ABSOLUTE_MEDIAN_V1,MIN_LOCAL_P_V1,1.0,0.0,DESCRIPTIVE_QUADRATURE_SENSITIVITY_NOT_CONTINUUM_CONVERGENCE
paired300,O_PLANAR,8.0,FROZEN_FRAME_FREE_IRREP_8,LEGACY_ABSOLUTE_MEDIAN_V1,MIN_LOCAL_P_V1,1.0,0.0,DESCRIPTIVE_QUADRATURE_SENSITIVITY_NOT_CONTINUUM_CONVERGENCE
paired300,MIX_AXIAL,0.25,FROZEN_FRAME_FREE_IRREP_8,LEGACY_ABSOLUTE_MEDIAN_V1,MIN_LOCAL_P_V1,0.0453125,-0.0028124999999999956,DESCRIPTIVE_QUADRATURE_SENSITIVITY_NOT_CONTINUUM_CONVERGENCE
paired300,MIX_AXIAL,0.5,FROZEN_FRAME_FREE_IRREP_8,LEGACY_ABSOLUTE_MEDIAN_V1,MIN_LOCAL_P_V1,0.0878125,-0.004062499999999997,DESCRIPTIVE_QUADRATURE_SENSITIVITY_NOT_CONTINUUM_CONVERGENCE
paired300,MIX_AXIAL,1.0,FROZEN_FRAME_FREE_IRREP_8,LEGACY_ABSOLUTE_MEDIAN_V1,MIN_LOCAL_P_V1,0.3128125,-0.006562499999999971,DESCRIPTIVE_QUADRATURE_SENSITIVITY_NOT_CONTINUUM_CONVERGENCE
paired300,MIX_AXIAL,2.0,FROZEN_FRAME_FREE_IRREP_8,LEGACY_ABSOLUTE_MEDIAN_V1,MIN_LOCAL_P_V1,0.9859375,-0.0009375000000000355,DESCRIPTIVE_QUADRATURE_SENSITIVITY_NOT_CONTINUUM_CONVERGENCE
paired300,MIX_AXIAL,4.0,FROZEN_FRAME_FREE_IRREP_8,LEGACY_ABSOLUTE_MEDIAN_V1,MIN_LOCAL_P_V1,1.0,0.0,DESCRIPTIVE_QUADRATURE_SENSITIVITY_NOT_CONTINUUM_CONVERGENCE
paired300,MIX_AXIAL,8.0,FROZEN_FRAME_FREE_IRREP_8,LEGACY_ABSOLUTE_MEDIAN_V1,MIN_LOCAL_P_V1,1.0,0.0,DESCRIPTIVE_QUADRATURE_SENSITIVITY_NOT_CONTINUUM_CONVERGENCE
paired300,MIX_PLANAR,0.25,FROZEN_FRAME_FREE_IRREP_8,LEGACY_ABSOLUTE_MEDIAN_V1,MIN_LOCAL_P_V1,0.044375,-0.0049999999999999975,DESCRIPTIVE_QUADRATURE_SENSITIVITY_NOT_CONTINUUM_CONVERGENCE
paired300,MIX_PLANAR,0.5,FROZEN_FRAME_FREE_IRREP_8,LEGACY_ABSOLUTE_MEDIAN_V1,MIN_LOCAL_P_V1,0.080625,0.0037500000000000033,DESCRIPTIVE_QUADRATURE_SENSITIVITY_NOT_CONTINUUM_CONVERGENCE
paired300,MIX_PLANAR,1.0,FROZEN_FRAME_FREE_IRREP_8,LEGACY_ABSOLUTE_MEDIAN_V1,MIN_LOCAL_P_V1,0.3103125,-0.0028124999999999956,DESCRIPTIVE_QUADRATURE_SENSITIVITY_NOT_CONTINUUM_CONVERGENCE
paired300,MIX_PLANAR,2.0,FROZEN_FRAME_FREE_IRREP_8,LEGACY_ABSOLUTE_MEDIAN_V1,MIN_LOCAL_P_V1,0.9825,-0.001875000000000071,DESCRIPTIVE_QUADRATURE_SENSITIVITY_NOT_CONTINUUM_CONVERGENCE
paired300,MIX_PLANAR,4.0,FROZEN_FRAME_FREE_IRREP_8,LEGACY_ABSOLUTE_MEDIAN_V1,MIN_LOCAL_P_V1,1.0,0.0,DESCRIPTIVE_QUADRATURE_SENSITIVITY_NOT_CONTINUUM_CONVERGENCE
paired300,MIX_PLANAR,8.0,FROZEN_FRAME_FREE_IRREP_8,LEGACY_ABSOLUTE_MEDIAN_V1,MIN_LOCAL_P_V1,1.0,0.0,DESCRIPTIVE_QUADRATURE_SENSITIVITY_NOT_CONTINUUM_CONVERGENCE
paired300,MIX_GENERIC,0.25,FROZEN_FRAME_FREE_IRREP_8,LEGACY_ABSOLUTE_MEDIAN_V1,MIN_LOCAL_P_V1,0.04625,0.0018750000000000017,DESCRIPTIVE_QUADRATURE_SENSITIVITY_NOT_CONTINUUM_CONVERGENCE
paired300,MIX_GENERIC,0.5,FROZEN_FRAME_FREE_IRREP_8,LEGACY_ABSOLUTE_MEDIAN_V1,MIN_LOCAL_P_V1,0.0765625,-0.0015625000000000083,DESCRIPTIVE_QUADRATURE_SENSITIVITY_NOT_CONTINUUM_CONVERGENCE
paired300,MIX_GENERIC,1.0,FROZEN_FRAME_FREE_IRREP_8,LEGACY_ABSOLUTE_MEDIAN_V1,MIN_LOCAL_P_V1,0.2903125,0.00031250000000004885,DESCRIPTIVE_QUADRATURE_SENSITIVITY_NOT_CONTINUUM_CONVERGENCE
paired300,MIX_GENERIC,2.0,FROZEN_FRAME_FREE_IRREP_8,LEGACY_ABSOLUTE_MEDIAN_V1,MIN_LOCAL_P_V1,0.9784375,0.0028124999999999956,DESCRIPTIVE_QUADRATURE_SENSITIVITY_NOT_CONTINUUM_CONVERGENCE
paired300,MIX_GENERIC,4.0,FROZEN_FRAME_FREE_IRREP_8,LEGACY_ABSOLUTE_MEDIAN_V1,MIN_LOCAL_P_V1,1.0,0.0,DESCRIPTIVE_QUADRATURE_SENSITIVITY_NOT_CONTINUUM_CONVERGENCE
paired300,MIX_GENERIC,8.0,FROZEN_FRAME_FREE_IRREP_8,LEGACY_ABSOLUTE_MEDIAN_V1,MIN_LOCAL_P_V1,1.0,0.0,DESCRIPTIVE_QUADRATURE_SENSITIVITY_NOT_CONTINUUM_CONVERGENCE
paired300,Q_AXIAL,0.25,FROZEN_FRAME_FREE_IRREP_8,LEGACY_ABSOLUTE_MEDIAN_V1,EXACT_INTEGER_FISHER_PRODUCT_FINITE_POOL_V1,0.0703125,0.00031249999999999334,DESCRIPTIVE_QUADRATURE_SENSITIVITY_NOT_CONTINUUM_CONVERGENCE
paired300,Q_AXIAL,0.5,FROZEN_FRAME_FREE_IRREP_8,LEGACY_ABSOLUTE_MEDIAN_V1,EXACT_INTEGER_FISHER_PRODUCT_FINITE_POOL_V1,0.0715625,0.0009374999999999939,DESCRIPTIVE_QUADRATURE_SENSITIVITY_NOT_CONTINUUM_CONVERGENCE
paired300,Q_AXIAL,1.0,FROZEN_FRAME_FREE_IRREP_8,LEGACY_ABSOLUTE_MEDIAN_V1,EXACT_INTEGER_FISHER_PRODUCT_FINITE_POOL_V1,0.1309375,-0.007187500000000013,DESCRIPTIVE_QUADRATURE_SENSITIVITY_NOT_CONTINUUM_CONVERGENCE
paired300,Q_AXIAL,2.0,FROZEN_FRAME_FREE_IRREP_8,LEGACY_ABSOLUTE_MEDIAN_V1,EXACT_INTEGER_FISHER_PRODUCT_FINITE_POOL_V1,0.265625,-0.00687500000000002,DESCRIPTIVE_QUADRATURE_SENSITIVITY_NOT_CONTINUUM_CONVERGENCE
paired300,Q_AXIAL,4.0,FROZEN_FRAME_FREE_IRREP_8,LEGACY_ABSOLUTE_MEDIAN_V1,EXACT_INTEGER_FISHER_PRODUCT_FINITE_POOL_V1,0.3125,-0.0025000000000000022,DESCRIPTIVE_QUADRATURE_SENSITIVITY_NOT_CONTINUUM_CONVERGENCE
paired300,Q_AXIAL,8.0,FROZEN_FRAME_FREE_IRREP_8,LEGACY_ABSOLUTE_MEDIAN_V1,EXACT_INTEGER_FISHER_PRODUCT_FINITE_POOL_V1,0.333125,0.0025000000000000022,DESCRIPTIVE_QUADRATURE_SENSITIVITY_NOT_CONTINUUM_CONVERGENCE
paired300,O_PLANAR,0.25,FROZEN_FRAME_FREE_IRREP_8,LEGACY_ABSOLUTE_MEDIAN_V1,EXACT_INTEGER_FISHER_PRODUCT_FINITE_POOL_V1,0.0628125,-0.003437499999999996,DESCRIPTIVE_QUADRATURE_SENSITIVITY_NOT_CONTINUUM_CONVERGENCE
paired300,O_PLANAR,0.5,FROZEN_FRAME_FREE_IRREP_8,LEGACY_ABSOLUTE_MEDIAN_V1,EXACT_INTEGER_FISHER_PRODUCT_FINITE_POOL_V1,0.09625,0.0018750000000000017,DESCRIPTIVE_QUADRATURE_SENSITIVITY_NOT_CONTINUUM_CONVERGENCE
paired300,O_PLANAR,1.0,FROZEN_FRAME_FREE_IRREP_8,LEGACY_ABSOLUTE_MEDIAN_V1,EXACT_INTEGER_FISHER_PRODUCT_FINITE_POOL_V1,0.2128125,0.018437500000000023,DESCRIPTIVE_QUADRATURE_SENSITIVITY_NOT_CONTINUUM_CONVERGENCE
paired300,O_PLANAR,2.0,FROZEN_FRAME_FREE_IRREP_8,LEGACY_ABSOLUTE_MEDIAN_V1,EXACT_INTEGER_FISHER_PRODUCT_FINITE_POOL_V1,0.290625,0.014999999999999958,DESCRIPTIVE_QUADRATURE_SENSITIVITY_NOT_CONTINUUM_CONVERGENCE
paired300,O_PLANAR,4.0,FROZEN_FRAME_FREE_IRREP_8,LEGACY_ABSOLUTE_MEDIAN_V1,EXACT_INTEGER_FISHER_PRODUCT_FINITE_POOL_V1,0.308125,0.011875000000000024,DESCRIPTIVE_QUADRATURE_SENSITIVITY_NOT_CONTINUUM_CONVERGENCE
paired300,O_PLANAR,8.0,FROZEN_FRAME_FREE_IRREP_8,LEGACY_ABSOLUTE_MEDIAN_V1,EXACT_INTEGER_FISHER_PRODUCT_FINITE_POOL_V1,0.309375,0.009374999999999967,DESCRIPTIVE_QUADRATURE_SENSITIVITY_NOT_CONTINUUM_CONVERGENCE
paired300,MIX_AXIAL,0.25,FROZEN_FRAME_FREE_IRREP_8,LEGACY_ABSOLUTE_MEDIAN_V1,EXACT_INTEGER_FISHER_PRODUCT_FINITE_POOL_V1,0.0696875,0.002187499999999995,DESCRIPTIVE_QUADRATURE_SENSITIVITY_NOT_CONTINUUM_CONVERGENCE
paired300,MIX_AXIAL,0.5,FROZEN_FRAME_FREE_IRREP_8,LEGACY_ABSOLUTE_MEDIAN_V1,EXACT_INTEGER_FISHER_PRODUCT_FINITE_POOL_V1,0.0946875,-0.003437499999999996,DESCRIPTIVE_QUADRATURE_SENSITIVITY_NOT_CONTINUUM_CONVERGENCE
paired300,MIX_AXIAL,1.0,FROZEN_FRAME_FREE_IRREP_8,LEGACY_ABSOLUTE_MEDIAN_V1,EXACT_INTEGER_FISHER_PRODUCT_FINITE_POOL_V1,0.3796875,-0.020937499999999998,DESCRIPTIVE_QUADRATURE_SENSITIVITY_NOT_CONTINUUM_CONVERGENCE
paired300,MIX_AXIAL,2.0,FROZEN_FRAME_FREE_IRREP_8,LEGACY_ABSOLUTE_MEDIAN_V1,EXACT_INTEGER_FISHER_PRODUCT_FINITE_POOL_V1,0.985625,-0.00187499999999996,DESCRIPTIVE_QUADRATURE_SENSITIVITY_NOT_CONTINUUM_CONVERGENCE
paired300,MIX_AXIAL,4.0,FROZEN_FRAME_FREE_IRREP_8,LEGACY_ABSOLUTE_MEDIAN_V1,EXACT_INTEGER_FISHER_PRODUCT_FINITE_POOL_V1,1.0,0.0,DESCRIPTIVE_QUADRATURE_SENSITIVITY_NOT_CONTINUUM_CONVERGENCE
paired300,MIX_AXIAL,8.0,FROZEN_FRAME_FREE_IRREP_8,LEGACY_ABSOLUTE_MEDIAN_V1,EXACT_INTEGER_FISHER_PRODUCT_FINITE_POOL_V1,1.0,0.0,DESCRIPTIVE_QUADRATURE_SENSITIVITY_NOT_CONTINUUM_CONVERGENCE
paired300,MIX_PLANAR,0.25,FROZEN_FRAME_FREE_IRREP_8,LEGACY_ABSOLUTE_MEDIAN_V1,EXACT_INTEGER_FISHER_PRODUCT_FINITE_POOL_V1,0.0609375,-0.002187500000000002,DESCRIPTIVE_QUADRATURE_SENSITIVITY_NOT_CONTINUUM_CONVERGENCE
paired300,MIX_PLANAR,0.5,FROZEN_FRAME_FREE_IRREP_8,LEGACY_ABSOLUTE_MEDIAN_V1,EXACT_INTEGER_FISHER_PRODUCT_FINITE_POOL_V1,0.08625,0.0062500000000000056,DESCRIPTIVE_QUADRATURE_SENSITIVITY_NOT_CONTINUUM_CONVERGENCE
paired300,MIX_PLANAR,1.0,FROZEN_FRAME_FREE_IRREP_8,LEGACY_ABSOLUTE_MEDIAN_V1,EXACT_INTEGER_FISHER_PRODUCT_FINITE_POOL_V1,0.2946875,0.0078125,DESCRIPTIVE_QUADRATURE_SENSITIVITY_NOT_CONTINUUM_CONVERGENCE
paired300,MIX_PLANAR,2.0,FROZEN_FRAME_FREE_IRREP_8,LEGACY_ABSOLUTE_MEDIAN_V1,EXACT_INTEGER_FISHER_PRODUCT_FINITE_POOL_V1,0.9578125,-0.0009374999999999245,DESCRIPTIVE_QUADRATURE_SENSITIVITY_NOT_CONTINUUM_CONVERGENCE
paired300,MIX_PLANAR,4.0,FROZEN_FRAME_FREE_IRREP_8,LEGACY_ABSOLUTE_MEDIAN_V1,EXACT_INTEGER_FISHER_PRODUCT_FINITE_POOL_V1,1.0,0.0,DESCRIPTIVE_QUADRATURE_SENSITIVITY_NOT_CONTINUUM_CONVERGENCE
paired300,MIX_PLANAR,8.0,FROZEN_FRAME_FREE_IRREP_8,LEGACY_ABSOLUTE_MEDIAN_V1,EXACT_INTEGER_FISHER_PRODUCT_FINITE_POOL_V1,1.0,0.0,DESCRIPTIVE_QUADRATURE_SENSITIVITY_NOT_CONTINUUM_CONVERGENCE
paired300,MIX_GENERIC,0.25,FROZEN_FRAME_FREE_IRREP_8,LEGACY_ABSOLUTE_MEDIAN_V1,EXACT_INTEGER_FISHER_PRODUCT_FINITE_POOL_V1,0.0646875,0.0015625000000000083,DESCRIPTIVE_QUADRATURE_SENSITIVITY_NOT_CONTINUUM_CONVERGENCE
paired300,MIX_GENERIC,0.5,FROZEN_FRAME_FREE_IRREP_8,LEGACY_ABSOLUTE_MEDIAN_V1,EXACT_INTEGER_FISHER_PRODUCT_FINITE_POOL_V1,0.0846875,0.0015624999999999944,DESCRIPTIVE_QUADRATURE_SENSITIVITY_NOT_CONTINUUM_CONVERGENCE
paired300,MIX_GENERIC,1.0,FROZEN_FRAME_FREE_IRREP_8,LEGACY_ABSOLUTE_MEDIAN_V1,EXACT_INTEGER_FISHER_PRODUCT_FINITE_POOL_V1,0.1634375,0.0015624999999999944,DESCRIPTIVE_QUADRATURE_SENSITIVITY_NOT_CONTINUUM_CONVERGENCE
paired300,MIX_GENERIC,2.0,FROZEN_FRAME_FREE_IRREP_8,LEGACY_ABSOLUTE_MEDIAN_V1,EXACT_INTEGER_FISHER_PRODUCT_FINITE_POOL_V1,0.53375,-0.005624999999999991,DESCRIPTIVE_QUADRATURE_SENSITIVITY_NOT_CONTINUUM_CONVERGENCE
paired300,MIX_GENERIC,4.0,FROZEN_FRAME_FREE_IRREP_8,LEGACY_ABSOLUTE_MEDIAN_V1,EXACT_INTEGER_FISHER_PRODUCT_FINITE_POOL_V1,0.658125,-0.007499999999999951,DESCRIPTIVE_QUADRATURE_SENSITIVITY_NOT_CONTINUUM_CONVERGENCE
paired300,MIX_GENERIC,8.0,FROZEN_FRAME_FREE_IRREP_8,LEGACY_ABSOLUTE_MEDIAN_V1,EXACT_INTEGER_FISHER_PRODUCT_FINITE_POOL_V1,0.7228125,0.00593750000000004,DESCRIPTIVE_QUADRATURE_SENSITIVITY_NOT_CONTINUUM_CONVERGENCE
paired300,Q_AXIAL,0.25,FROZEN_FRAME_FREE_IRREP_8,LOO_ECDF_MIDRANK_V1,MIN_LOCAL_P_V1,0.013125,-0.001875,DESCRIPTIVE_QUADRATURE_SENSITIVITY_NOT_CONTINUUM_CONVERGENCE
paired300,Q_AXIAL,0.5,FROZEN_FRAME_FREE_IRREP_8,LOO_ECDF_MIDRANK_V1,MIN_LOCAL_P_V1,0.010625,-0.0012500000000000011,DESCRIPTIVE_QUADRATURE_SENSITIVITY_NOT_CONTINUUM_CONVERGENCE
paired300,Q_AXIAL,1.0,FROZEN_FRAME_FREE_IRREP_8,LOO_ECDF_MIDRANK_V1,MIN_LOCAL_P_V1,0.010625,0.001875,DESCRIPTIVE_QUADRATURE_SENSITIVITY_NOT_CONTINUUM_CONVERGENCE
paired300,Q_AXIAL,2.0,FROZEN_FRAME_FREE_IRREP_8,LOO_ECDF_MIDRANK_V1,MIN_LOCAL_P_V1,0.01625,0.0,DESCRIPTIVE_QUADRATURE_SENSITIVITY_NOT_CONTINUUM_CONVERGENCE
paired300,Q_AXIAL,4.0,FROZEN_FRAME_FREE_IRREP_8,LOO_ECDF_MIDRANK_V1,MIN_LOCAL_P_V1,0.021875,-0.0018749999999999982,DESCRIPTIVE_QUADRATURE_SENSITIVITY_NOT_CONTINUUM_CONVERGENCE
paired300,Q_AXIAL,8.0,FROZEN_FRAME_FREE_IRREP_8,LOO_ECDF_MIDRANK_V1,MIN_LOCAL_P_V1,0.0215625,-0.0021874999999999985,DESCRIPTIVE_QUADRATURE_SENSITIVITY_NOT_CONTINUUM_CONVERGENCE
paired300,O_PLANAR,0.25,FROZEN_FRAME_FREE_IRREP_8,LOO_ECDF_MIDRANK_V1,MIN_LOCAL_P_V1,0.0059375,-0.0009375,DESCRIPTIVE_QUADRATURE_SENSITIVITY_NOT_CONTINUUM_CONVERGENCE
paired300,O_PLANAR,0.5,FROZEN_FRAME_FREE_IRREP_8,LOO_ECDF_MIDRANK_V1,MIN_LOCAL_P_V1,0.0065625,-0.0009375,DESCRIPTIVE_QUADRATURE_SENSITIVITY_NOT_CONTINUUM_CONVERGENCE
paired300,O_PLANAR,1.0,FROZEN_FRAME_FREE_IRREP_8,LOO_ECDF_MIDRANK_V1,MIN_LOCAL_P_V1,0.011875,-0.0012499999999999994,DESCRIPTIVE_QUADRATURE_SENSITIVITY_NOT_CONTINUUM_CONVERGENCE
paired300,O_PLANAR,2.0,FROZEN_FRAME_FREE_IRREP_8,LOO_ECDF_MIDRANK_V1,MIN_LOCAL_P_V1,0.0134375,-0.0003125000000000003,DESCRIPTIVE_QUADRATURE_SENSITIVITY_NOT_CONTINUUM_CONVERGENCE
paired300,O_PLANAR,4.0,FROZEN_FRAME_FREE_IRREP_8,LOO_ECDF_MIDRANK_V1,MIN_LOCAL_P_V1,0.011875,0.0006250000000000006,DESCRIPTIVE_QUADRATURE_SENSITIVITY_NOT_CONTINUUM_CONVERGENCE
paired300,O_PLANAR,8.0,FROZEN_FRAME_FREE_IRREP_8,LOO_ECDF_MIDRANK_V1,MIN_LOCAL_P_V1,0.0096875,0.0015624999999999997,DESCRIPTIVE_QUADRATURE_SENSITIVITY_NOT_CONTINUUM_CONVERGENCE
paired300,MIX_AXIAL,0.25,FROZEN_FRAME_FREE_IRREP_8,LOO_ECDF_MIDRANK_V1,MIN_LOCAL_P_V1,0.0109375,-0.00031249999999999854,DESCRIPTIVE_QUADRATURE_SENSITIVITY_NOT_CONTINUUM_CONVERGENCE
paired300,MIX_AXIAL,0.5,FROZEN_FRAME_FREE_IRREP_8,LOO_ECDF_MIDRANK_V1,MIN_LOCAL_P_V1,0.015,-0.0024999999999999988,DESCRIPTIVE_QUADRATURE_SENSITIVITY_NOT_CONTINUUM_CONVERGENCE
paired300,MIX_AXIAL,1.0,FROZEN_FRAME_FREE_IRREP_8,LOO_ECDF_MIDRANK_V1,MIN_LOCAL_P_V1,0.0565625,-0.002187500000000002,DESCRIPTIVE_QUADRATURE_SENSITIVITY_NOT_CONTINUUM_CONVERGENCE
paired300,MIX_AXIAL,2.0,FROZEN_FRAME_FREE_IRREP_8,LOO_ECDF_MIDRANK_V1,MIN_LOCAL_P_V1,0.435,-0.018125000000000002,DESCRIPTIVE_QUADRATURE_SENSITIVITY_NOT_CONTINUUM_CONVERGENCE
paired300,MIX_AXIAL,4.0,FROZEN_FRAME_FREE_IRREP_8,LOO_ECDF_MIDRANK_V1,MIN_LOCAL_P_V1,0.995,-0.0006249999999999867,DESCRIPTIVE_QUADRATURE_SENSITIVITY_NOT_CONTINUUM_CONVERGENCE
paired300,MIX_AXIAL,8.0,FROZEN_FRAME_FREE_IRREP_8,LOO_ECDF_MIDRANK_V1,MIN_LOCAL_P_V1,1.0,0.0,DESCRIPTIVE_QUADRATURE_SENSITIVITY_NOT_CONTINUUM_CONVERGENCE
paired300,MIX_PLANAR,0.25,FROZEN_FRAME_FREE_IRREP_8,LOO_ECDF_MIDRANK_V1,MIN_LOCAL_P_V1,0.006875,-0.003125,DESCRIPTIVE_QUADRATURE_SENSITIVITY_NOT_CONTINUUM_CONVERGENCE
paired300,MIX_PLANAR,0.5,FROZEN_FRAME_FREE_IRREP_8,LOO_ECDF_MIDRANK_V1,MIN_LOCAL_P_V1,0.0096875,-0.0015624999999999997,DESCRIPTIVE_QUADRATURE_SENSITIVITY_NOT_CONTINUUM_CONVERGENCE
paired300,MIX_PLANAR,1.0,FROZEN_FRAME_FREE_IRREP_8,LOO_ECDF_MIDRANK_V1,MIN_LOCAL_P_V1,0.0190625,0.002187500000000002,DESCRIPTIVE_QUADRATURE_SENSITIVITY_NOT_CONTINUUM_CONVERGENCE
paired300,MIX_PLANAR,2.0,FROZEN_FRAME_FREE_IRREP_8,LOO_ECDF_MIDRANK_V1,MIN_LOCAL_P_V1,0.083125,0.009999999999999995,DESCRIPTIVE_QUADRATURE_SENSITIVITY_NOT_CONTINUUM_CONVERGENCE
paired300,MIX_PLANAR,4.0,FROZEN_FRAME_FREE_IRREP_8,LOO_ECDF_MIDRANK_V1,MIN_LOCAL_P_V1,0.2525,0.004375000000000018,DESCRIPTIVE_QUADRATURE_SENSITIVITY_NOT_CONTINUUM_CONVERGENCE
paired300,MIX_PLANAR,8.0,FROZEN_FRAME_FREE_IRREP_8,LOO_ECDF_MIDRANK_V1,MIN_LOCAL_P_V1,0.410625,-0.003750000000000031,DESCRIPTIVE_QUADRATURE_SENSITIVITY_NOT_CONTINUUM_CONVERGENCE
paired300,MIX_GENERIC,0.25,FROZEN_FRAME_FREE_IRREP_8,LOO_ECDF_MIDRANK_V1,MIN_LOCAL_P_V1,0.01,0.0012499999999999994,DESCRIPTIVE_QUADRATURE_SENSITIVITY_NOT_CONTINUUM_CONVERGENCE
paired300,MIX_GENERIC,0.5,FROZEN_FRAME_FREE_IRREP_8,LOO_ECDF_MIDRANK_V1,MIN_LOCAL_P_V1,0.0103125,0.0009374999999999991,DESCRIPTIVE_QUADRATURE_SENSITIVITY_NOT_CONTINUUM_CONVERGENCE
paired300,MIX_GENERIC,1.0,FROZEN_FRAME_FREE_IRREP_8,LOO_ECDF_MIDRANK_V1,MIN_LOCAL_P_V1,0.0090625,0.0009375000000000008,DESCRIPTIVE_QUADRATURE_SENSITIVITY_NOT_CONTINUUM_CONVERGENCE
paired300,MIX_GENERIC,2.0,FROZEN_FRAME_FREE_IRREP_8,LOO_ECDF_MIDRANK_V1,MIN_LOCAL_P_V1,0.0021875,-0.0003125000000000003,DESCRIPTIVE_QUADRATURE_SENSITIVITY_NOT_CONTINUUM_CONVERGENCE
paired300,MIX_GENERIC,4.0,FROZEN_FRAME_FREE_IRREP_8,LOO_ECDF_MIDRANK_V1,MIN_LOCAL_P_V1,0.0,0.0,DESCRIPTIVE_QUADRATURE_SENSITIVITY_NOT_CONTINUUM_CONVERGENCE
paired300,MIX_GENERIC,8.0,FROZEN_FRAME_FREE_IRREP_8,LOO_ECDF_MIDRANK_V1,MIN_LOCAL_P_V1,0.0,0.0,DESCRIPTIVE_QUADRATURE_SENSITIVITY_NOT_CONTINUUM_CONVERGENCE
paired300,Q_AXIAL,0.25,FROZEN_FRAME_FREE_IRREP_8,LOO_ECDF_MIDRANK_V1,EXACT_INTEGER_FISHER_PRODUCT_FINITE_POOL_V1,0.073125,-0.0037499999999999895,DESCRIPTIVE_QUADRATURE_SENSITIVITY_NOT_CONTINUUM_CONVERGENCE
paired300,Q_AXIAL,0.5,FROZEN_FRAME_FREE_IRREP_8,LOO_ECDF_MIDRANK_V1,EXACT_INTEGER_FISHER_PRODUCT_FINITE_POOL_V1,0.0665625,-0.002187499999999995,DESCRIPTIVE_QUADRATURE_SENSITIVITY_NOT_CONTINUUM_CONVERGENCE
paired300,Q_AXIAL,1.0,FROZEN_FRAME_FREE_IRREP_8,LOO_ECDF_MIDRANK_V1,EXACT_INTEGER_FISHER_PRODUCT_FINITE_POOL_V1,0.1228125,-0.006562499999999999,DESCRIPTIVE_QUADRATURE_SENSITIVITY_NOT_CONTINUUM_CONVERGENCE
paired300,Q_AXIAL,2.0,FROZEN_FRAME_FREE_IRREP_8,LOO_ECDF_MIDRANK_V1,EXACT_INTEGER_FISHER_PRODUCT_FINITE_POOL_V1,0.2515625,-0.0053125000000000255,DESCRIPTIVE_QUADRATURE_SENSITIVITY_NOT_CONTINUUM_CONVERGENCE
paired300,Q_AXIAL,4.0,FROZEN_FRAME_FREE_IRREP_8,LOO_ECDF_MIDRANK_V1,EXACT_INTEGER_FISHER_PRODUCT_FINITE_POOL_V1,0.31625,-0.004999999999999949,DESCRIPTIVE_QUADRATURE_SENSITIVITY_NOT_CONTINUUM_CONVERGENCE
paired300,Q_AXIAL,8.0,FROZEN_FRAME_FREE_IRREP_8,LOO_ECDF_MIDRANK_V1,EXACT_INTEGER_FISHER_PRODUCT_FINITE_POOL_V1,0.3571875,0.002187500000000009,DESCRIPTIVE_QUADRATURE_SENSITIVITY_NOT_CONTINUUM_CONVERGENCE
paired300,O_PLANAR,0.25,FROZEN_FRAME_FREE_IRREP_8,LOO_ECDF_MIDRANK_V1,EXACT_INTEGER_FISHER_PRODUCT_FINITE_POOL_V1,0.066875,-0.0031250000000000028,DESCRIPTIVE_QUADRATURE_SENSITIVITY_NOT_CONTINUUM_CONVERGENCE
paired300,O_PLANAR,0.5,FROZEN_FRAME_FREE_IRREP_8,LOO_ECDF_MIDRANK_V1,EXACT_INTEGER_FISHER_PRODUCT_FINITE_POOL_V1,0.0809375,0.00343750000000001,DESCRIPTIVE_QUADRATURE_SENSITIVITY_NOT_CONTINUUM_CONVERGENCE
paired300,O_PLANAR,1.0,FROZEN_FRAME_FREE_IRREP_8,LOO_ECDF_MIDRANK_V1,EXACT_INTEGER_FISHER_PRODUCT_FINITE_POOL_V1,0.184375,0.017499999999999988,DESCRIPTIVE_QUADRATURE_SENSITIVITY_NOT_CONTINUUM_CONVERGENCE
paired300,O_PLANAR,2.0,FROZEN_FRAME_FREE_IRREP_8,LOO_ECDF_MIDRANK_V1,EXACT_INTEGER_FISHER_PRODUCT_FINITE_POOL_V1,0.2496875,0.012812500000000004,DESCRIPTIVE_QUADRATURE_SENSITIVITY_NOT_CONTINUUM_CONVERGENCE
paired300,O_PLANAR,4.0,FROZEN_FRAME_FREE_IRREP_8,LOO_ECDF_MIDRANK_V1,EXACT_INTEGER_FISHER_PRODUCT_FINITE_POOL_V1,0.2628125,0.010312500000000002,DESCRIPTIVE_QUADRATURE_SENSITIVITY_NOT_CONTINUUM_CONVERGENCE
paired300,O_PLANAR,8.0,FROZEN_FRAME_FREE_IRREP_8,LOO_ECDF_MIDRANK_V1,EXACT_INTEGER_FISHER_PRODUCT_FINITE_POOL_V1,0.2671875,0.010937499999999989,DESCRIPTIVE_QUADRATURE_SENSITIVITY_NOT_CONTINUUM_CONVERGENCE
paired300,MIX_AXIAL,0.25,FROZEN_FRAME_FREE_IRREP_8,LOO_ECDF_MIDRANK_V1,EXACT_INTEGER_FISHER_PRODUCT_FINITE_POOL_V1,0.06625,0.0025000000000000022,DESCRIPTIVE_QUADRATURE_SENSITIVITY_NOT_CONTINUUM_CONVERGENCE
paired300,MIX_AXIAL,0.5,FROZEN_FRAME_FREE_IRREP_8,LOO_ECDF_MIDRANK_V1,EXACT_INTEGER_FISHER_PRODUCT_FINITE_POOL_V1,0.0796875,0.0003125000000000072,DESCRIPTIVE_QUADRATURE_SENSITIVITY_NOT_CONTINUUM_CONVERGENCE
paired300,MIX_AXIAL,1.0,FROZEN_FRAME_FREE_IRREP_8,LOO_ECDF_MIDRANK_V1,EXACT_INTEGER_FISHER_PRODUCT_FINITE_POOL_V1,0.34125,-0.014374999999999971,DESCRIPTIVE_QUADRATURE_SENSITIVITY_NOT_CONTINUUM_CONVERGENCE
paired300,MIX_AXIAL,2.0,FROZEN_FRAME_FREE_IRREP_8,LOO_ECDF_MIDRANK_V1,EXACT_INTEGER_FISHER_PRODUCT_FINITE_POOL_V1,0.9809375,-0.00031250000000004885,DESCRIPTIVE_QUADRATURE_SENSITIVITY_NOT_CONTINUUM_CONVERGENCE
paired300,MIX_AXIAL,4.0,FROZEN_FRAME_FREE_IRREP_8,LOO_ECDF_MIDRANK_V1,EXACT_INTEGER_FISHER_PRODUCT_FINITE_POOL_V1,1.0,0.0,DESCRIPTIVE_QUADRATURE_SENSITIVITY_NOT_CONTINUUM_CONVERGENCE
paired300,MIX_AXIAL,8.0,FROZEN_FRAME_FREE_IRREP_8,LOO_ECDF_MIDRANK_V1,EXACT_INTEGER_FISHER_PRODUCT_FINITE_POOL_V1,1.0,0.0,DESCRIPTIVE_QUADRATURE_SENSITIVITY_NOT_CONTINUUM_CONVERGENCE
paired300,MIX_PLANAR,0.25,FROZEN_FRAME_FREE_IRREP_8,LOO_ECDF_MIDRANK_V1,EXACT_INTEGER_FISHER_PRODUCT_FINITE_POOL_V1,0.0578125,-0.002187500000000002,DESCRIPTIVE_QUADRATURE_SENSITIVITY_NOT_CONTINUUM_CONVERGENCE
paired300,MIX_PLANAR,0.5,FROZEN_FRAME_FREE_IRREP_8,LOO_ECDF_MIDRANK_V1,EXACT_INTEGER_FISHER_PRODUCT_FINITE_POOL_V1,0.0740625,0.0015624999999999944,DESCRIPTIVE_QUADRATURE_SENSITIVITY_NOT_CONTINUUM_CONVERGENCE
paired300,MIX_PLANAR,1.0,FROZEN_FRAME_FREE_IRREP_8,LOO_ECDF_MIDRANK_V1,EXACT_INTEGER_FISHER_PRODUCT_FINITE_POOL_V1,0.2434375,0.0009375000000000078,DESCRIPTIVE_QUADRATURE_SENSITIVITY_NOT_CONTINUUM_CONVERGENCE
paired300,MIX_PLANAR,2.0,FROZEN_FRAME_FREE_IRREP_8,LOO_ECDF_MIDRANK_V1,EXACT_INTEGER_FISHER_PRODUCT_FINITE_POOL_V1,0.933125,-0.003750000000000031,DESCRIPTIVE_QUADRATURE_SENSITIVITY_NOT_CONTINUUM_CONVERGENCE
paired300,MIX_PLANAR,4.0,FROZEN_FRAME_FREE_IRREP_8,LOO_ECDF_MIDRANK_V1,EXACT_INTEGER_FISHER_PRODUCT_FINITE_POOL_V1,1.0,0.0,DESCRIPTIVE_QUADRATURE_SENSITIVITY_NOT_CONTINUUM_CONVERGENCE
paired300,MIX_PLANAR,8.0,FROZEN_FRAME_FREE_IRREP_8,LOO_ECDF_MIDRANK_V1,EXACT_INTEGER_FISHER_PRODUCT_FINITE_POOL_V1,1.0,0.0,DESCRIPTIVE_QUADRATURE_SENSITIVITY_NOT_CONTINUUM_CONVERGENCE
paired300,MIX_GENERIC,0.25,FROZEN_FRAME_FREE_IRREP_8,LOO_ECDF_MIDRANK_V1,EXACT_INTEGER_FISHER_PRODUCT_FINITE_POOL_V1,0.0625,0.0031250000000000028,DESCRIPTIVE_QUADRATURE_SENSITIVITY_NOT_CONTINUUM_CONVERGENCE
paired300,MIX_GENERIC,0.5,FROZEN_FRAME_FREE_IRREP_8,LOO_ECDF_MIDRANK_V1,EXACT_INTEGER_FISHER_PRODUCT_FINITE_POOL_V1,0.07625,0.0006250000000000006,DESCRIPTIVE_QUADRATURE_SENSITIVITY_NOT_CONTINUUM_CONVERGENCE
paired300,MIX_GENERIC,1.0,FROZEN_FRAME_FREE_IRREP_8,LOO_ECDF_MIDRANK_V1,EXACT_INTEGER_FISHER_PRODUCT_FINITE_POOL_V1,0.12,0.004375000000000004,DESCRIPTIVE_QUADRATURE_SENSITIVITY_NOT_CONTINUUM_CONVERGENCE
paired300,MIX_GENERIC,2.0,FROZEN_FRAME_FREE_IRREP_8,LOO_ECDF_MIDRANK_V1,EXACT_INTEGER_FISHER_PRODUCT_FINITE_POOL_V1,0.3734375,-0.00031249999999999334,DESCRIPTIVE_QUADRATURE_SENSITIVITY_NOT_CONTINUUM_CONVERGENCE
paired300,MIX_GENERIC,4.0,FROZEN_FRAME_FREE_IRREP_8,LOO_ECDF_MIDRANK_V1,EXACT_INTEGER_FISHER_PRODUCT_FINITE_POOL_V1,0.3903125,-0.006562500000000027,DESCRIPTIVE_QUADRATURE_SENSITIVITY_NOT_CONTINUUM_CONVERGENCE
paired300,MIX_GENERIC,8.0,FROZEN_FRAME_FREE_IRREP_8,LOO_ECDF_MIDRANK_V1,EXACT_INTEGER_FISHER_PRODUCT_FINITE_POOL_V1,0.27,0.0,DESCRIPTIVE_QUADRATURE_SENSITIVITY_NOT_CONTINUUM_CONVERGENCE
cmbonly999,Q_AXIAL,0.25,FROZEN_MES_10,LEGACY_ABSOLUTE_MEDIAN_V1,MIN_LOCAL_P_V1,0.03985450563204005,0.0001955569461827289,DESCRIPTIVE_QUADRATURE_SENSITIVITY_NOT_CONTINUUM_CONVERGENCE
cmbonly999,Q_AXIAL,0.5,FROZEN_MES_10,LEGACY_ABSOLUTE_MEDIAN_V1,MIN_LOCAL_P_V1,0.05510794743429286,-0.0007431163954943615,DESCRIPTIVE_QUADRATURE_SENSITIVITY_NOT_CONTINUUM_CONVERGENCE
cmbonly999,Q_AXIAL,1.0,FROZEN_MES_10,LEGACY_ABSOLUTE_MEDIAN_V1,MIN_LOCAL_P_V1,0.22391270337922403,-0.006531602002503134,DESCRIPTIVE_QUADRATURE_SENSITIVITY_NOT_CONTINUUM_CONVERGENCE
cmbonly999,Q_AXIAL,2.0,FROZEN_MES_10,LEGACY_ABSOLUTE_MEDIAN_V1,MIN_LOCAL_P_V1,0.9508369837296621,-0.00660982478097627,DESCRIPTIVE_QUADRATURE_SENSITIVITY_NOT_CONTINUUM_CONVERGENCE
cmbonly999,Q_AXIAL,4.0,FROZEN_MES_10,LEGACY_ABSOLUTE_MEDIAN_V1,MIN_LOCAL_P_V1,1.0,0.0,DESCRIPTIVE_QUADRATURE_SENSITIVITY_NOT_CONTINUUM_CONVERGENCE
cmbonly999,Q_AXIAL,8.0,FROZEN_MES_10,LEGACY_ABSOLUTE_MEDIAN_V1,MIN_LOCAL_P_V1,1.0,0.0,DESCRIPTIVE_QUADRATURE_SENSITIVITY_NOT_CONTINUUM_CONVERGENCE
cmbonly999,O_PLANAR,0.25,FROZEN_MES_10,LEGACY_ABSOLUTE_MEDIAN_V1,MIN_LOCAL_P_V1,0.027495306633291614,0.0003520025031289106,DESCRIPTIVE_QUADRATURE_SENSITIVITY_NOT_CONTINUUM_CONVERGENCE
cmbonly999,O_PLANAR,0.5,FROZEN_MES_10,LEGACY_ABSOLUTE_MEDIAN_V1,MIN_LOCAL_P_V1,0.028316645807259073,0.0012515644555694608,DESCRIPTIVE_QUADRATURE_SENSITIVITY_NOT_CONTINUUM_CONVERGENCE
cmbonly999,O_PLANAR,1.0,FROZEN_MES_10,LEGACY_ABSOLUTE_MEDIAN_V1,MIN_LOCAL_P_V1,0.02636107634543179,0.001095118898623279,DESCRIPTIVE_QUADRATURE_SENSITIVITY_NOT_CONTINUUM_CONVERGENCE
cmbonly999,O_PLANAR,2.0,FROZEN_MES_10,LEGACY_ABSOLUTE_MEDIAN_V1,MIN_LOCAL_P_V1,0.04001095118898623,-0.0001955569461827289,DESCRIPTIVE_QUADRATURE_SENSITIVITY_NOT_CONTINUUM_CONVERGENCE
cmbonly999,O_PLANAR,4.0,FROZEN_MES_10,LEGACY_ABSOLUTE_MEDIAN_V1,MIN_LOCAL_P_V1,0.14776282853566958,-0.0035200250312890924,DESCRIPTIVE_QUADRATURE_SENSITIVITY_NOT_CONTINUUM_CONVERGENCE
cmbonly999,O_PLANAR,8.0,FROZEN_MES_10,LEGACY_ABSOLUTE_MEDIAN_V1,MIN_LOCAL_P_V1,0.8216129536921152,0.005905819774718379,DESCRIPTIVE_QUADRATURE_SENSITIVITY_NOT_CONTINUUM_CONVERGENCE
cmbonly999,MIX_AXIAL,0.25,FROZEN_MES_10,LEGACY_ABSOLUTE_MEDIAN_V1,MIN_LOCAL_P_V1,0.03469180225281602,0.0001173341677096415,DESCRIPTIVE_QUADRATURE_SENSITIVITY_NOT_CONTINUUM_CONVERGENCE
cmbonly999,MIX_AXIAL,0.5,FROZEN_MES_10,LEGACY_ABSOLUTE_MEDIAN_V1,MIN_LOCAL_P_V1,0.03840738423028786,0.0,DESCRIPTIVE_QUADRATURE_SENSITIVITY_NOT_CONTINUUM_CONVERGENCE
cmbonly999,MIX_AXIAL,1.0,FROZEN_MES_10,LEGACY_ABSOLUTE_MEDIAN_V1,MIN_LOCAL_P_V1,0.0892130788485607,-0.001994680851063829,DESCRIPTIVE_QUADRATURE_SENSITIVITY_NOT_CONTINUUM_CONVERGENCE
cmbonly999,MIX_AXIAL,2.0,FROZEN_MES_10,LEGACY_ABSOLUTE_MEDIAN_V1,MIN_LOCAL_P_V1,0.6987640801001251,-0.01673967459324155,DESCRIPTIVE_QUADRATURE_SENSITIVITY_NOT_CONTINUUM_CONVERGENCE
cmbonly999,MIX_AXIAL,4.0,FROZEN_MES_10,LEGACY_ABSOLUTE_MEDIAN_V1,MIN_LOCAL_P_V1,1.0,0.0,DESCRIPTIVE_QUADRATURE_SENSITIVITY_NOT_CONTINUUM_CONVERGENCE
cmbonly999,MIX_AXIAL,8.0,FROZEN_MES_10,LEGACY_ABSOLUTE_MEDIAN_V1,MIN_LOCAL_P_V1,1.0,0.0,DESCRIPTIVE_QUADRATURE_SENSITIVITY_NOT_CONTINUUM_CONVERGENCE
cmbonly999,MIX_PLANAR,0.25,FROZEN_MES_10,LEGACY_ABSOLUTE_MEDIAN_V1,MIN_LOCAL_P_V1,0.03469180225281602,0.001290675844806008,DESCRIPTIVE_QUADRATURE_SENSITIVITY_NOT_CONTINUUM_CONVERGENCE
cmbonly999,MIX_PLANAR,0.5,FROZEN_MES_10,LEGACY_ABSOLUTE_MEDIAN_V1,MIN_LOCAL_P_V1,0.03860294117647059,0.0013688986232790953,DESCRIPTIVE_QUADRATURE_SENSITIVITY_NOT_CONTINUUM_CONVERGENCE
cmbonly999,MIX_PLANAR,1.0,FROZEN_MES_10,LEGACY_ABSOLUTE_MEDIAN_V1,MIN_LOCAL_P_V1,0.08651439299123904,0.003441802252816026,DESCRIPTIVE_QUADRATURE_SENSITIVITY_NOT_CONTINUUM_CONVERGENCE
cmbonly999,MIX_PLANAR,2.0,FROZEN_MES_10,LEGACY_ABSOLUTE_MEDIAN_V1,MIN_LOCAL_P_V1,0.6950093867334167,0.012437421777221624,DESCRIPTIVE_QUADRATURE_SENSITIVITY_NOT_CONTINUUM_CONVERGENCE
cmbonly999,MIX_PLANAR,4.0,FROZEN_MES_10,LEGACY_ABSOLUTE_MEDIAN_V1,MIN_LOCAL_P_V1,0.9999608886107635,-3.9111389236623495e-05,DESCRIPTIVE_QUADRATURE_SENSITIVITY_NOT_CONTINUUM_CONVERGENCE
cmbonly999,MIX_PLANAR,8.0,FROZEN_MES_10,LEGACY_ABSOLUTE_MEDIAN_V1,MIN_LOCAL_P_V1,1.0,0.0,DESCRIPTIVE_QUADRATURE_SENSITIVITY_NOT_CONTINUUM_CONVERGENCE
cmbonly999,MIX_GENERIC,0.25,FROZEN_MES_10,LEGACY_ABSOLUTE_MEDIAN_V1,MIN_LOCAL_P_V1,0.03723404255319149,-0.0004693366708385452,DESCRIPTIVE_QUADRATURE_SENSITIVITY_NOT_CONTINUUM_CONVERGENCE
cmbonly999,MIX_GENERIC,0.5,FROZEN_MES_10,LEGACY_ABSOLUTE_MEDIAN_V1,MIN_LOCAL_P_V1,0.040519399249061325,0.00023466833541927606,DESCRIPTIVE_QUADRATURE_SENSITIVITY_NOT_CONTINUUM_CONVERGENCE
cmbonly999,MIX_GENERIC,1.0,FROZEN_MES_10,LEGACY_ABSOLUTE_MEDIAN_V1,MIN_LOCAL_P_V1,0.09226376720901126,0.0007431163954943754,DESCRIPTIVE_QUADRATURE_SENSITIVITY_NOT_CONTINUUM_CONVERGENCE
cmbonly999,MIX_GENERIC,2.0,FROZEN_MES_10,LEGACY_ABSOLUTE_MEDIAN_V1,MIN_LOCAL_P_V1,0.7085419274092616,-0.009073842302878554,DESCRIPTIVE_QUADRATURE_SENSITIVITY_NOT_CONTINUUM_CONVERGENCE
cmbonly999,MIX_GENERIC,4.0,FROZEN_MES_10,LEGACY_ABSOLUTE_MEDIAN_V1,MIN_LOCAL_P_V1,1.0,0.0,DESCRIPTIVE_QUADRATURE_SENSITIVITY_NOT_CONTINUUM_CONVERGENCE
cmbonly999,MIX_GENERIC,8.0,FROZEN_MES_10,LEGACY_ABSOLUTE_MEDIAN_V1,MIN_LOCAL_P_V1,1.0,0.0,DESCRIPTIVE_QUADRATURE_SENSITIVITY_NOT_CONTINUUM_CONVERGENCE
cmbonly999,Q_AXIAL,0.25,FROZEN_MES_10,LEGACY_ABSOLUTE_MEDIAN_V1,EXACT_INTEGER_FISHER_PRODUCT_FINITE_POOL_V1,0.06813204005006258,0.0006257822277847269,DESCRIPTIVE_QUADRATURE_SENSITIVITY_NOT_CONTINUUM_CONVERGENCE
cmbonly999,Q_AXIAL,0.5,FROZEN_MES_10,LEGACY_ABSOLUTE_MEDIAN_V1,EXACT_INTEGER_FISHER_PRODUCT_FINITE_POOL_V1,0.12566489361702127,-0.0023075719649561927,DESCRIPTIVE_QUADRATURE_SENSITIVITY_NOT_CONTINUUM_CONVERGENCE
cmbonly999,Q_AXIAL,1.0,FROZEN_MES_10,LEGACY_ABSOLUTE_MEDIAN_V1,EXACT_INTEGER_FISHER_PRODUCT_FINITE_POOL_V1,0.41692740926157695,-0.010247183979974928,DESCRIPTIVE_QUADRATURE_SENSITIVITY_NOT_CONTINUUM_CONVERGENCE
cmbonly999,Q_AXIAL,2.0,FROZEN_MES_10,LEGACY_ABSOLUTE_MEDIAN_V1,EXACT_INTEGER_FISHER_PRODUCT_FINITE_POOL_V1,0.9654646433041302,-0.002776908635794717,DESCRIPTIVE_QUADRATURE_SENSITIVITY_NOT_CONTINUUM_CONVERGENCE
cmbonly999,Q_AXIAL,4.0,FROZEN_MES_10,LEGACY_ABSOLUTE_MEDIAN_V1,EXACT_INTEGER_FISHER_PRODUCT_FINITE_POOL_V1,1.0,0.0,DESCRIPTIVE_QUADRATURE_SENSITIVITY_NOT_CONTINUUM_CONVERGENCE
cmbonly999,Q_AXIAL,8.0,FROZEN_MES_10,LEGACY_ABSOLUTE_MEDIAN_V1,EXACT_INTEGER_FISHER_PRODUCT_FINITE_POOL_V1,1.0,0.0,DESCRIPTIVE_QUADRATURE_SENSITIVITY_NOT_CONTINUUM_CONVERGENCE
cmbonly999,O_PLANAR,0.25,FROZEN_MES_10,LEGACY_ABSOLUTE_MEDIAN_V1,EXACT_INTEGER_FISHER_PRODUCT_FINITE_POOL_V1,0.04654255319148936,-0.0007822277847309086,DESCRIPTIVE_QUADRATURE_SENSITIVITY_NOT_CONTINUUM_CONVERGENCE
cmbonly999,O_PLANAR,0.5,FROZEN_MES_10,LEGACY_ABSOLUTE_MEDIAN_V1,EXACT_INTEGER_FISHER_PRODUCT_FINITE_POOL_V1,0.045525657071339175,-0.0010168961201501917,DESCRIPTIVE_QUADRATURE_SENSITIVITY_NOT_CONTINUUM_CONVERGENCE
cmbonly999,O_PLANAR,1.0,FROZEN_MES_10,LEGACY_ABSOLUTE_MEDIAN_V1,EXACT_INTEGER_FISHER_PRODUCT_FINITE_POOL_V1,0.04689455569461827,0.0025422403003754687,DESCRIPTIVE_QUADRATURE_SENSITIVITY_NOT_CONTINUUM_CONVERGENCE
cmbonly999,O_PLANAR,2.0,FROZEN_MES_10,LEGACY_ABSOLUTE_MEDIAN_V1,EXACT_INTEGER_FISHER_PRODUCT_FINITE_POOL_V1,0.13106226533166457,-0.0008213391739674558,DESCRIPTIVE_QUADRATURE_SENSITIVITY_NOT_CONTINUUM_CONVERGENCE
cmbonly999,O_PLANAR,4.0,FROZEN_MES_10,LEGACY_ABSOLUTE_MEDIAN_V1,EXACT_INTEGER_FISHER_PRODUCT_FINITE_POOL_V1,0.3877503128911139,-0.0010168961201502125,DESCRIPTIVE_QUADRATURE_SENSITIVITY_NOT_CONTINUUM_CONVERGENCE
cmbonly999,O_PLANAR,8.0,FROZEN_MES_10,LEGACY_ABSOLUTE_MEDIAN_V1,EXACT_INTEGER_FISHER_PRODUCT_FINITE_POOL_V1,0.789346057571965,0.005553817271589434,DESCRIPTIVE_QUADRATURE_SENSITIVITY_NOT_CONTINUUM_CONVERGENCE
cmbonly999,MIX_AXIAL,0.25,FROZEN_MES_10,LEGACY_ABSOLUTE_MEDIAN_V1,EXACT_INTEGER_FISHER_PRODUCT_FINITE_POOL_V1,0.05921464330413016,-0.0012515644555694608,DESCRIPTIVE_QUADRATURE_SENSITIVITY_NOT_CONTINUUM_CONVERGENCE
cmbonly999,MIX_AXIAL,0.5,FROZEN_MES_10,LEGACY_ABSOLUTE_MEDIAN_V1,EXACT_INTEGER_FISHER_PRODUCT_FINITE_POOL_V1,0.07704943679599499,-0.0013297872340425482,DESCRIPTIVE_QUADRATURE_SENSITIVITY_NOT_CONTINUUM_CONVERGENCE
cmbonly999,MIX_AXIAL,1.0,FROZEN_MES_10,LEGACY_ABSOLUTE_MEDIAN_V1,EXACT_INTEGER_FISHER_PRODUCT_FINITE_POOL_V1,0.15910513141426783,-0.006570713391739674,DESCRIPTIVE_QUADRATURE_SENSITIVITY_NOT_CONTINUUM_CONVERGENCE
cmbonly999,MIX_AXIAL,2.0,FROZEN_MES_10,LEGACY_ABSOLUTE_MEDIAN_V1,EXACT_INTEGER_FISHER_PRODUCT_FINITE_POOL_V1,0.602784730913642,-0.006883604505632079,DESCRIPTIVE_QUADRATURE_SENSITIVITY_NOT_CONTINUUM_CONVERGENCE
cmbonly999,MIX_AXIAL,4.0,FROZEN_MES_10,LEGACY_ABSOLUTE_MEDIAN_V1,EXACT_INTEGER_FISHER_PRODUCT_FINITE_POOL_V1,0.9754771589486858,3.9111389236623495e-05,DESCRIPTIVE_QUADRATURE_SENSITIVITY_NOT_CONTINUUM_CONVERGENCE
cmbonly999,MIX_AXIAL,8.0,FROZEN_MES_10,LEGACY_ABSOLUTE_MEDIAN_V1,EXACT_INTEGER_FISHER_PRODUCT_FINITE_POOL_V1,0.9998826658322904,0.00011733416770964844,DESCRIPTIVE_QUADRATURE_SENSITIVITY_NOT_CONTINUUM_CONVERGENCE
cmbonly999,MIX_PLANAR,0.25,FROZEN_MES_10,LEGACY_ABSOLUTE_MEDIAN_V1,EXACT_INTEGER_FISHER_PRODUCT_FINITE_POOL_V1,0.057180851063829786,0.001720901126408013,DESCRIPTIVE_QUADRATURE_SENSITIVITY_NOT_CONTINUUM_CONVERGENCE
cmbonly999,MIX_PLANAR,0.5,FROZEN_MES_10,LEGACY_ABSOLUTE_MEDIAN_V1,EXACT_INTEGER_FISHER_PRODUCT_FINITE_POOL_V1,0.07955256570713391,0.0016426783479349255,DESCRIPTIVE_QUADRATURE_SENSITIVITY_NOT_CONTINUUM_CONVERGENCE
cmbonly999,MIX_PLANAR,1.0,FROZEN_MES_10,LEGACY_ABSOLUTE_MEDIAN_V1,EXACT_INTEGER_FISHER_PRODUCT_FINITE_POOL_V1,0.1444383604505632,0.004341364205256548,DESCRIPTIVE_QUADRATURE_SENSITIVITY_NOT_CONTINUUM_CONVERGENCE
cmbonly999,MIX_PLANAR,2.0,FROZEN_MES_10,LEGACY_ABSOLUTE_MEDIAN_V1,EXACT_INTEGER_FISHER_PRODUCT_FINITE_POOL_V1,0.49413329161451813,0.00915206508135169,DESCRIPTIVE_QUADRATURE_SENSITIVITY_NOT_CONTINUUM_CONVERGENCE
cmbonly999,MIX_PLANAR,4.0,FROZEN_MES_10,LEGACY_ABSOLUTE_MEDIAN_V1,EXACT_INTEGER_FISHER_PRODUCT_FINITE_POOL_V1,0.8857165206508135,0.0007040050062577796,DESCRIPTIVE_QUADRATURE_SENSITIVITY_NOT_CONTINUUM_CONVERGENCE
cmbonly999,MIX_PLANAR,8.0,FROZEN_MES_10,LEGACY_ABSOLUTE_MEDIAN_V1,EXACT_INTEGER_FISHER_PRODUCT_FINITE_POOL_V1,0.9930772841051314,-0.001056007509386725,DESCRIPTIVE_QUADRATURE_SENSITIVITY_NOT_CONTINUUM_CONVERGENCE
cmbonly999,MIX_GENERIC,0.25,FROZEN_MES_10,LEGACY_ABSOLUTE_MEDIAN_V1,EXACT_INTEGER_FISHER_PRODUCT_FINITE_POOL_V1,0.05784574468085106,-0.002776908635794738,DESCRIPTIVE_QUADRATURE_SENSITIVITY_NOT_CONTINUUM_CONVERGENCE
cmbonly999,MIX_GENERIC,0.5,FROZEN_MES_10,LEGACY_ABSOLUTE_MEDIAN_V1,EXACT_INTEGER_FISHER_PRODUCT_FINITE_POOL_V1,0.07751877346683354,0.0006257822277847269,DESCRIPTIVE_QUADRATURE_SENSITIVITY_NOT_CONTINUUM_CONVERGENCE
cmbonly999,MIX_GENERIC,1.0,FROZEN_MES_10,LEGACY_ABSOLUTE_MEDIAN_V1,EXACT_INTEGER_FISHER_PRODUCT_FINITE_POOL_V1,0.15691489361702127,-0.002190237797246558,DESCRIPTIVE_QUADRATURE_SENSITIVITY_NOT_CONTINUUM_CONVERGENCE
cmbonly999,MIX_GENERIC,2.0,FROZEN_MES_10,LEGACY_ABSOLUTE_MEDIAN_V1,EXACT_INTEGER_FISHER_PRODUCT_FINITE_POOL_V1,0.40218241551939926,-0.007079161451814808,DESCRIPTIVE_QUADRATURE_SENSITIVITY_NOT_CONTINUUM_CONVERGENCE
cmbonly999,MIX_GENERIC,4.0,FROZEN_MES_10,LEGACY_ABSOLUTE_MEDIAN_V1,EXACT_INTEGER_FISHER_PRODUCT_FINITE_POOL_V1,0.3487953692115144,-0.01337609511889859,DESCRIPTIVE_QUADRATURE_SENSITIVITY_NOT_CONTINUUM_CONVERGENCE
cmbonly999,MIX_GENERIC,8.0,FROZEN_MES_10,LEGACY_ABSOLUTE_MEDIAN_V1,EXACT_INTEGER_FISHER_PRODUCT_FINITE_POOL_V1,0.26286764705882354,-0.030311326658322923,DESCRIPTIVE_QUADRATURE_SENSITIVITY_NOT_CONTINUUM_CONVERGENCE
cmbonly999,Q_AXIAL,0.25,FROZEN_MES_10,LOO_ECDF_MIDRANK_V1,MIN_LOCAL_P_V1,0.0,0.0,DESCRIPTIVE_QUADRATURE_SENSITIVITY_NOT_CONTINUUM_CONVERGENCE
cmbonly999,Q_AXIAL,0.5,FROZEN_MES_10,LOO_ECDF_MIDRANK_V1,MIN_LOCAL_P_V1,0.0,0.0,DESCRIPTIVE_QUADRATURE_SENSITIVITY_NOT_CONTINUUM_CONVERGENCE
cmbonly999,Q_AXIAL,1.0,FROZEN_MES_10,LOO_ECDF_MIDRANK_V1,MIN_LOCAL_P_V1,0.0,0.0,DESCRIPTIVE_QUADRATURE_SENSITIVITY_NOT_CONTINUUM_CONVERGENCE
cmbonly999,Q_AXIAL,2.0,FROZEN_MES_10,LOO_ECDF_MIDRANK_V1,MIN_LOCAL_P_V1,0.0,0.0,DESCRIPTIVE_QUADRATURE_SENSITIVITY_NOT_CONTINUUM_CONVERGENCE
cmbonly999,Q_AXIAL,4.0,FROZEN_MES_10,LOO_ECDF_MIDRANK_V1,MIN_LOCAL_P_V1,0.0,0.0,DESCRIPTIVE_QUADRATURE_SENSITIVITY_NOT_CONTINUUM_CONVERGENCE
cmbonly999,Q_AXIAL,8.0,FROZEN_MES_10,LOO_ECDF_MIDRANK_V1,MIN_LOCAL_P_V1,0.0,0.0,DESCRIPTIVE_QUADRATURE_SENSITIVITY_NOT_CONTINUUM_CONVERGENCE
cmbonly999,O_PLANAR,0.25,FROZEN_MES_10,LOO_ECDF_MIDRANK_V1,MIN_LOCAL_P_V1,0.0,0.0,DESCRIPTIVE_QUADRATURE_SENSITIVITY_NOT_CONTINUUM_CONVERGENCE
cmbonly999,O_PLANAR,0.5,FROZEN_MES_10,LOO_ECDF_MIDRANK_V1,MIN_LOCAL_P_V1,0.0,0.0,DESCRIPTIVE_QUADRATURE_SENSITIVITY_NOT_CONTINUUM_CONVERGENCE
cmbonly999,O_PLANAR,1.0,FROZEN_MES_10,LOO_ECDF_MIDRANK_V1,MIN_LOCAL_P_V1,0.0,0.0,DESCRIPTIVE_QUADRATURE_SENSITIVITY_NOT_CONTINUUM_CONVERGENCE
cmbonly999,O_PLANAR,2.0,FROZEN_MES_10,LOO_ECDF_MIDRANK_V1,MIN_LOCAL_P_V1,0.0,0.0,DESCRIPTIVE_QUADRATURE_SENSITIVITY_NOT_CONTINUUM_CONVERGENCE
cmbonly999,O_PLANAR,4.0,FROZEN_MES_10,LOO_ECDF_MIDRANK_V1,MIN_LOCAL_P_V1,0.0,0.0,DESCRIPTIVE_QUADRATURE_SENSITIVITY_NOT_CONTINUUM_CONVERGENCE
cmbonly999,O_PLANAR,8.0,FROZEN_MES_10,LOO_ECDF_MIDRANK_V1,MIN_LOCAL_P_V1,0.0,0.0,DESCRIPTIVE_QUADRATURE_SENSITIVITY_NOT_CONTINUUM_CONVERGENCE
cmbonly999,MIX_AXIAL,0.25,FROZEN_MES_10,LOO_ECDF_MIDRANK_V1,MIN_LOCAL_P_V1,0.0,0.0,DESCRIPTIVE_QUADRATURE_SENSITIVITY_NOT_CONTINUUM_CONVERGENCE
cmbonly999,MIX_AXIAL,0.5,FROZEN_MES_10,LOO_ECDF_MIDRANK_V1,MIN_LOCAL_P_V1,0.0,0.0,DESCRIPTIVE_QUADRATURE_SENSITIVITY_NOT_CONTINUUM_CONVERGENCE
cmbonly999,MIX_AXIAL,1.0,FROZEN_MES_10,LOO_ECDF_MIDRANK_V1,MIN_LOCAL_P_V1,0.0,0.0,DESCRIPTIVE_QUADRATURE_SENSITIVITY_NOT_CONTINUUM_CONVERGENCE
cmbonly999,MIX_AXIAL,2.0,FROZEN_MES_10,LOO_ECDF_MIDRANK_V1,MIN_LOCAL_P_V1,0.0,0.0,DESCRIPTIVE_QUADRATURE_SENSITIVITY_NOT_CONTINUUM_CONVERGENCE
cmbonly999,MIX_AXIAL,4.0,FROZEN_MES_10,LOO_ECDF_MIDRANK_V1,MIN_LOCAL_P_V1,0.0,0.0,DESCRIPTIVE_QUADRATURE_SENSITIVITY_NOT_CONTINUUM_CONVERGENCE
cmbonly999,MIX_AXIAL,8.0,FROZEN_MES_10,LOO_ECDF_MIDRANK_V1,MIN_LOCAL_P_V1,0.0,0.0,DESCRIPTIVE_QUADRATURE_SENSITIVITY_NOT_CONTINUUM_CONVERGENCE
cmbonly999,MIX_PLANAR,0.25,FROZEN_MES_10,LOO_ECDF_MIDRANK_V1,MIN_LOCAL_P_V1,0.0,0.0,DESCRIPTIVE_QUADRATURE_SENSITIVITY_NOT_CONTINUUM_CONVERGENCE
cmbonly999,MIX_PLANAR,0.5,FROZEN_MES_10,LOO_ECDF_MIDRANK_V1,MIN_LOCAL_P_V1,0.0,0.0,DESCRIPTIVE_QUADRATURE_SENSITIVITY_NOT_CONTINUUM_CONVERGENCE
cmbonly999,MIX_PLANAR,1.0,FROZEN_MES_10,LOO_ECDF_MIDRANK_V1,MIN_LOCAL_P_V1,0.0,0.0,DESCRIPTIVE_QUADRATURE_SENSITIVITY_NOT_CONTINUUM_CONVERGENCE
cmbonly999,MIX_PLANAR,2.0,FROZEN_MES_10,LOO_ECDF_MIDRANK_V1,MIN_LOCAL_P_V1,0.0,0.0,DESCRIPTIVE_QUADRATURE_SENSITIVITY_NOT_CONTINUUM_CONVERGENCE
cmbonly999,MIX_PLANAR,4.0,FROZEN_MES_10,LOO_ECDF_MIDRANK_V1,MIN_LOCAL_P_V1,0.0,0.0,DESCRIPTIVE_QUADRATURE_SENSITIVITY_NOT_CONTINUUM_CONVERGENCE
cmbonly999,MIX_PLANAR,8.0,FROZEN_MES_10,LOO_ECDF_MIDRANK_V1,MIN_LOCAL_P_V1,0.0,0.0,DESCRIPTIVE_QUADRATURE_SENSITIVITY_NOT_CONTINUUM_CONVERGENCE
cmbonly999,MIX_GENERIC,0.25,FROZEN_MES_10,LOO_ECDF_MIDRANK_V1,MIN_LOCAL_P_V1,0.0,0.0,DESCRIPTIVE_QUADRATURE_SENSITIVITY_NOT_CONTINUUM_CONVERGENCE
cmbonly999,MIX_GENERIC,0.5,FROZEN_MES_10,LOO_ECDF_MIDRANK_V1,MIN_LOCAL_P_V1,0.0,0.0,DESCRIPTIVE_QUADRATURE_SENSITIVITY_NOT_CONTINUUM_CONVERGENCE
cmbonly999,MIX_GENERIC,1.0,FROZEN_MES_10,LOO_ECDF_MIDRANK_V1,MIN_LOCAL_P_V1,0.0,0.0,DESCRIPTIVE_QUADRATURE_SENSITIVITY_NOT_CONTINUUM_CONVERGENCE
cmbonly999,MIX_GENERIC,2.0,FROZEN_MES_10,LOO_ECDF_MIDRANK_V1,MIN_LOCAL_P_V1,0.0,0.0,DESCRIPTIVE_QUADRATURE_SENSITIVITY_NOT_CONTINUUM_CONVERGENCE
cmbonly999,MIX_GENERIC,4.0,FROZEN_MES_10,LOO_ECDF_MIDRANK_V1,MIN_LOCAL_P_V1,0.0,0.0,DESCRIPTIVE_QUADRATURE_SENSITIVITY_NOT_CONTINUUM_CONVERGENCE
cmbonly999,MIX_GENERIC,8.0,FROZEN_MES_10,LOO_ECDF_MIDRANK_V1,MIN_LOCAL_P_V1,0.0,0.0,DESCRIPTIVE_QUADRATURE_SENSITIVITY_NOT_CONTINUUM_CONVERGENCE
cmbonly999,Q_AXIAL,0.25,FROZEN_MES_10,LOO_ECDF_MIDRANK_V1,EXACT_INTEGER_FISHER_PRODUCT_FINITE_POOL_V1,0.04458698372966208,-0.0007040050062578213,DESCRIPTIVE_QUADRATURE_SENSITIVITY_NOT_CONTINUUM_CONVERGENCE
cmbonly999,Q_AXIAL,0.5,FROZEN_MES_10,LOO_ECDF_MIDRANK_V1,EXACT_INTEGER_FISHER_PRODUCT_FINITE_POOL_V1,0.07016583229036295,0.00023466833541926913,DESCRIPTIVE_QUADRATURE_SENSITIVITY_NOT_CONTINUUM_CONVERGENCE
cmbonly999,Q_AXIAL,1.0,FROZEN_MES_10,LOO_ECDF_MIDRANK_V1,EXACT_INTEGER_FISHER_PRODUCT_FINITE_POOL_V1,0.27452284105131414,-0.0088000625782228,DESCRIPTIVE_QUADRATURE_SENSITIVITY_NOT_CONTINUUM_CONVERGENCE
cmbonly999,Q_AXIAL,2.0,FROZEN_MES_10,LOO_ECDF_MIDRANK_V1,EXACT_INTEGER_FISHER_PRODUCT_FINITE_POOL_V1,0.8883369837296621,-0.00254224030037542,DESCRIPTIVE_QUADRATURE_SENSITIVITY_NOT_CONTINUUM_CONVERGENCE
cmbonly999,Q_AXIAL,4.0,FROZEN_MES_10,LOO_ECDF_MIDRANK_V1,EXACT_INTEGER_FISHER_PRODUCT_FINITE_POOL_V1,0.9971057571964956,0.0014080100125156703,DESCRIPTIVE_QUADRATURE_SENSITIVITY_NOT_CONTINUUM_CONVERGENCE
cmbonly999,Q_AXIAL,8.0,FROZEN_MES_10,LOO_ECDF_MIDRANK_V1,EXACT_INTEGER_FISHER_PRODUCT_FINITE_POOL_V1,1.0,0.0,DESCRIPTIVE_QUADRATURE_SENSITIVITY_NOT_CONTINUUM_CONVERGENCE
cmbonly999,O_PLANAR,0.25,FROZEN_MES_10,LOO_ECDF_MIDRANK_V1,EXACT_INTEGER_FISHER_PRODUCT_FINITE_POOL_V1,0.03559136420525657,-0.001720901126408006,DESCRIPTIVE_QUADRATURE_SENSITIVITY_NOT_CONTINUUM_CONVERGENCE
cmbonly999,O_PLANAR,0.5,FROZEN_MES_10,LOO_ECDF_MIDRANK_V1,EXACT_INTEGER_FISHER_PRODUCT_FINITE_POOL_V1,0.0371558197747184,-0.0012515644555694608,DESCRIPTIVE_QUADRATURE_SENSITIVITY_NOT_CONTINUUM_CONVERGENCE
cmbonly999,O_PLANAR,1.0,FROZEN_MES_10,LOO_ECDF_MIDRANK_V1,EXACT_INTEGER_FISHER_PRODUCT_FINITE_POOL_V1,0.044978097622027535,0.00023466833541927606,DESCRIPTIVE_QUADRATURE_SENSITIVITY_NOT_CONTINUUM_CONVERGENCE
cmbonly999,O_PLANAR,2.0,FROZEN_MES_10,LOO_ECDF_MIDRANK_V1,EXACT_INTEGER_FISHER_PRODUCT_FINITE_POOL_V1,0.15546777221526908,-0.0020729036295369097,DESCRIPTIVE_QUADRATURE_SENSITIVITY_NOT_CONTINUUM_CONVERGENCE
cmbonly999,O_PLANAR,4.0,FROZEN_MES_10,LOO_ECDF_MIDRANK_V1,EXACT_INTEGER_FISHER_PRODUCT_FINITE_POOL_V1,0.48494211514392993,0.005436483103879841,DESCRIPTIVE_QUADRATURE_SENSITIVITY_NOT_CONTINUUM_CONVERGENCE
cmbonly999,O_PLANAR,8.0,FROZEN_MES_10,LOO_ECDF_MIDRANK_V1,EXACT_INTEGER_FISHER_PRODUCT_FINITE_POOL_V1,0.9500156445556946,0.0066489361702127825,DESCRIPTIVE_QUADRATURE_SENSITIVITY_NOT_CONTINUUM_CONVERGENCE
cmbonly999,MIX_AXIAL,0.25,FROZEN_MES_10,LOO_ECDF_MIDRANK_V1,EXACT_INTEGER_FISHER_PRODUCT_FINITE_POOL_V1,0.04048028785982478,-0.0014471214017521897,DESCRIPTIVE_QUADRATURE_SENSITIVITY_NOT_CONTINUUM_CONVERGENCE
cmbonly999,MIX_AXIAL,0.5,FROZEN_MES_10,LOO_ECDF_MIDRANK_V1,EXACT_INTEGER_FISHER_PRODUCT_FINITE_POOL_V1,0.047129224030037546,-0.0005084480600750924,DESCRIPTIVE_QUADRATURE_SENSITIVITY_NOT_CONTINUUM_CONVERGENCE
cmbonly999,MIX_AXIAL,1.0,FROZEN_MES_10,LOO_ECDF_MIDRANK_V1,EXACT_INTEGER_FISHER_PRODUCT_FINITE_POOL_V1,0.09304599499374218,-0.0034026908635794717,DESCRIPTIVE_QUADRATURE_SENSITIVITY_NOT_CONTINUUM_CONVERGENCE
cmbonly999,MIX_AXIAL,2.0,FROZEN_MES_10,LOO_ECDF_MIDRANK_V1,EXACT_INTEGER_FISHER_PRODUCT_FINITE_POOL_V1,0.44094180225281604,-0.009856070087609525,DESCRIPTIVE_QUADRATURE_SENSITIVITY_NOT_CONTINUUM_CONVERGENCE
cmbonly999,MIX_AXIAL,4.0,FROZEN_MES_10,LOO_ECDF_MIDRANK_V1,EXACT_INTEGER_FISHER_PRODUCT_FINITE_POOL_V1,0.9125469336670838,0.002190237797246586,DESCRIPTIVE_QUADRATURE_SENSITIVITY_NOT_CONTINUUM_CONVERGENCE
cmbonly999,MIX_AXIAL,8.0,FROZEN_MES_10,LOO_ECDF_MIDRANK_V1,EXACT_INTEGER_FISHER_PRODUCT_FINITE_POOL_V1,0.9994133291614519,0.00011733416770953742,DESCRIPTIVE_QUADRATURE_SENSITIVITY_NOT_CONTINUUM_CONVERGENCE
cmbonly999,MIX_PLANAR,0.25,FROZEN_MES_10,LOO_ECDF_MIDRANK_V1,EXACT_INTEGER_FISHER_PRODUCT_FINITE_POOL_V1,0.038720275344180224,0.00046933667083855213,DESCRIPTIVE_QUADRATURE_SENSITIVITY_NOT_CONTINUUM_CONVERGENCE
cmbonly999,MIX_PLANAR,0.5,FROZEN_MES_10,LOO_ECDF_MIDRANK_V1,EXACT_INTEGER_FISHER_PRODUCT_FINITE_POOL_V1,0.04869367959949938,0.0012124530663329136,DESCRIPTIVE_QUADRATURE_SENSITIVITY_NOT_CONTINUUM_CONVERGENCE
cmbonly999,MIX_PLANAR,1.0,FROZEN_MES_10,LOO_ECDF_MIDRANK_V1,EXACT_INTEGER_FISHER_PRODUCT_FINITE_POOL_V1,0.0837374843554443,0.00176001251564456,DESCRIPTIVE_QUADRATURE_SENSITIVITY_NOT_CONTINUUM_CONVERGENCE
cmbonly999,MIX_PLANAR,2.0,FROZEN_MES_10,LOO_ECDF_MIDRANK_V1,EXACT_INTEGER_FISHER_PRODUCT_FINITE_POOL_V1,0.4051548811013767,0.005514705882352977,DESCRIPTIVE_QUADRATURE_SENSITIVITY_NOT_CONTINUUM_CONVERGENCE
cmbonly999,MIX_PLANAR,4.0,FROZEN_MES_10,LOO_ECDF_MIDRANK_V1,EXACT_INTEGER_FISHER_PRODUCT_FINITE_POOL_V1,0.8559136420525657,-0.0031289111389236623,DESCRIPTIVE_QUADRATURE_SENSITIVITY_NOT_CONTINUUM_CONVERGENCE
cmbonly999,MIX_PLANAR,8.0,FROZEN_MES_10,LOO_ECDF_MIDRANK_V1,EXACT_INTEGER_FISHER_PRODUCT_FINITE_POOL_V1,0.9923732790988736,-0.0013688986232791578,DESCRIPTIVE_QUADRATURE_SENSITIVITY_NOT_CONTINUUM_CONVERGENCE
cmbonly999,MIX_GENERIC,0.25,FROZEN_MES_10,LOO_ECDF_MIDRANK_V1,EXACT_INTEGER_FISHER_PRODUCT_FINITE_POOL_V1,0.03868116395494368,-0.0009777847309136375,DESCRIPTIVE_QUADRATURE_SENSITIVITY_NOT_CONTINUUM_CONVERGENCE
cmbonly999,MIX_GENERIC,0.5,FROZEN_MES_10,LOO_ECDF_MIDRANK_V1,EXACT_INTEGER_FISHER_PRODUCT_FINITE_POOL_V1,0.04740300375469337,-0.00015644555694618867,DESCRIPTIVE_QUADRATURE_SENSITIVITY_NOT_CONTINUUM_CONVERGENCE
cmbonly999,MIX_GENERIC,1.0,FROZEN_MES_10,LOO_ECDF_MIDRANK_V1,EXACT_INTEGER_FISHER_PRODUCT_FINITE_POOL_V1,0.092029098873592,-0.0008213391739674697,DESCRIPTIVE_QUADRATURE_SENSITIVITY_NOT_CONTINUUM_CONVERGENCE
cmbonly999,MIX_GENERIC,2.0,FROZEN_MES_10,LOO_ECDF_MIDRANK_V1,EXACT_INTEGER_FISHER_PRODUCT_FINITE_POOL_V1,0.28125,-0.00387202753441801,DESCRIPTIVE_QUADRATURE_SENSITIVITY_NOT_CONTINUUM_CONVERGENCE
cmbonly999,MIX_GENERIC,4.0,FROZEN_MES_10,LOO_ECDF_MIDRANK_V1,EXACT_INTEGER_FISHER_PRODUCT_FINITE_POOL_V1,0.2728801627033792,-0.004888923654568222,DESCRIPTIVE_QUADRATURE_SENSITIVITY_NOT_CONTINUUM_CONVERGENCE
cmbonly999,MIX_GENERIC,8.0,FROZEN_MES_10,LOO_ECDF_MIDRANK_V1,EXACT_INTEGER_FISHER_PRODUCT_FINITE_POOL_V1,0.19907697121401752,-0.011733416770963706,DESCRIPTIVE_QUADRATURE_SENSITIVITY_NOT_CONTINUUM_CONVERGENCE
cmbonly999,Q_AXIAL,0.25,FROZEN_FRAME_FREE_IRREP_8,LEGACY_ABSOLUTE_MEDIAN_V1,MIN_LOCAL_P_V1,0.047324780976220275,0.001095118898623279,DESCRIPTIVE_QUADRATURE_SENSITIVITY_NOT_CONTINUUM_CONVERGENCE
cmbonly999,Q_AXIAL,0.5,FROZEN_FRAME_FREE_IRREP_8,LEGACY_ABSOLUTE_MEDIAN_V1,MIN_LOCAL_P_V1,0.050571026282853565,0.0009777847309136445,DESCRIPTIVE_QUADRATURE_SENSITIVITY_NOT_CONTINUUM_CONVERGENCE
cmbonly999,Q_AXIAL,1.0,FROZEN_FRAME_FREE_IRREP_8,LEGACY_ABSOLUTE_MEDIAN_V1,MIN_LOCAL_P_V1,0.13063204005006257,0.0024249061326658272,DESCRIPTIVE_QUADRATURE_SENSITIVITY_NOT_CONTINUUM_CONVERGENCE
cmbonly999,Q_AXIAL,2.0,FROZEN_FRAME_FREE_IRREP_8,LEGACY_ABSOLUTE_MEDIAN_V1,MIN_LOCAL_P_V1,0.9117255944931164,-0.0003520025031289453,DESCRIPTIVE_QUADRATURE_SENSITIVITY_NOT_CONTINUUM_CONVERGENCE
cmbonly999,Q_AXIAL,4.0,FROZEN_FRAME_FREE_IRREP_8,LEGACY_ABSOLUTE_MEDIAN_V1,MIN_LOCAL_P_V1,1.0,0.0,DESCRIPTIVE_QUADRATURE_SENSITIVITY_NOT_CONTINUUM_CONVERGENCE
cmbonly999,Q_AXIAL,8.0,FROZEN_FRAME_FREE_IRREP_8,LEGACY_ABSOLUTE_MEDIAN_V1,MIN_LOCAL_P_V1,1.0,0.0,DESCRIPTIVE_QUADRATURE_SENSITIVITY_NOT_CONTINUUM_CONVERGENCE
cmbonly999,O_PLANAR,0.25,FROZEN_FRAME_FREE_IRREP_8,LEGACY_ABSOLUTE_MEDIAN_V1,MIN_LOCAL_P_V1,0.06073998748435545,0.0013688986232790953,DESCRIPTIVE_QUADRATURE_SENSITIVITY_NOT_CONTINUUM_CONVERGENCE
cmbonly999,O_PLANAR,0.5,FROZEN_FRAME_FREE_IRREP_8,LEGACY_ABSOLUTE_MEDIAN_V1,MIN_LOCAL_P_V1,0.1309058197747184,0.0009777847309136445,DESCRIPTIVE_QUADRATURE_SENSITIVITY_NOT_CONTINUUM_CONVERGENCE
cmbonly999,O_PLANAR,1.0,FROZEN_FRAME_FREE_IRREP_8,LEGACY_ABSOLUTE_MEDIAN_V1,MIN_LOCAL_P_V1,0.6388845431789737,-0.003011576971214014,DESCRIPTIVE_QUADRATURE_SENSITIVITY_NOT_CONTINUUM_CONVERGENCE
cmbonly999,O_PLANAR,2.0,FROZEN_FRAME_FREE_IRREP_8,LEGACY_ABSOLUTE_MEDIAN_V1,MIN_LOCAL_P_V1,0.9999608886107635,-3.9111389236623495e-05,DESCRIPTIVE_QUADRATURE_SENSITIVITY_NOT_CONTINUUM_CONVERGENCE
cmbonly999,O_PLANAR,4.0,FROZEN_FRAME_FREE_IRREP_8,LEGACY_ABSOLUTE_MEDIAN_V1,MIN_LOCAL_P_V1,1.0,0.0,DESCRIPTIVE_QUADRATURE_SENSITIVITY_NOT_CONTINUUM_CONVERGENCE
cmbonly999,O_PLANAR,8.0,FROZEN_FRAME_FREE_IRREP_8,LEGACY_ABSOLUTE_MEDIAN_V1,MIN_LOCAL_P_V1,1.0,0.0,DESCRIPTIVE_QUADRATURE_SENSITIVITY_NOT_CONTINUUM_CONVERGENCE
cmbonly999,MIX_AXIAL,0.25,FROZEN_FRAME_FREE_IRREP_8,LEGACY_ABSOLUTE_MEDIAN_V1,MIN_LOCAL_P_V1,0.05029724655819775,0.0011733416770963664,DESCRIPTIVE_QUADRATURE_SENSITIVITY_NOT_CONTINUUM_CONVERGENCE
cmbonly999,MIX_AXIAL,0.5,FROZEN_FRAME_FREE_IRREP_8,LEGACY_ABSOLUTE_MEDIAN_V1,MIN_LOCAL_P_V1,0.08659261576971214,7.822277847309433e-05,DESCRIPTIVE_QUADRATURE_SENSITIVITY_NOT_CONTINUUM_CONVERGENCE
cmbonly999,MIX_AXIAL,1.0,FROZEN_FRAME_FREE_IRREP_8,LEGACY_ABSOLUTE_MEDIAN_V1,MIN_LOCAL_P_V1,0.32509386733416773,0.0014862327909886952,DESCRIPTIVE_QUADRATURE_SENSITIVITY_NOT_CONTINUUM_CONVERGENCE
cmbonly999,MIX_AXIAL,2.0,FROZEN_FRAME_FREE_IRREP_8,LEGACY_ABSOLUTE_MEDIAN_V1,MIN_LOCAL_P_V1,0.9867021276595744,0.001877346683354264,DESCRIPTIVE_QUADRATURE_SENSITIVITY_NOT_CONTINUUM_CONVERGENCE
cmbonly999,MIX_AXIAL,4.0,FROZEN_FRAME_FREE_IRREP_8,LEGACY_ABSOLUTE_MEDIAN_V1,MIN_LOCAL_P_V1,1.0,0.0,DESCRIPTIVE_QUADRATURE_SENSITIVITY_NOT_CONTINUUM_CONVERGENCE
cmbonly999,MIX_AXIAL,8.0,FROZEN_FRAME_FREE_IRREP_8,LEGACY_ABSOLUTE_MEDIAN_V1,MIN_LOCAL_P_V1,1.0,0.0,DESCRIPTIVE_QUADRATURE_SENSITIVITY_NOT_CONTINUUM_CONVERGENCE
cmbonly999,MIX_PLANAR,0.25,FROZEN_FRAME_FREE_IRREP_8,LEGACY_ABSOLUTE_MEDIAN_V1,MIN_LOCAL_P_V1,0.05096214017521902,-0.0002737797246558163,DESCRIPTIVE_QUADRATURE_SENSITIVITY_NOT_CONTINUUM_CONVERGENCE
cmbonly999,MIX_PLANAR,0.5,FROZEN_FRAME_FREE_IRREP_8,LEGACY_ABSOLUTE_MEDIAN_V1,MIN_LOCAL_P_V1,0.08217302878598248,0.0016817897371714657,DESCRIPTIVE_QUADRATURE_SENSITIVITY_NOT_CONTINUUM_CONVERGENCE
cmbonly999,MIX_PLANAR,1.0,FROZEN_FRAME_FREE_IRREP_8,LEGACY_ABSOLUTE_MEDIAN_V1,MIN_LOCAL_P_V1,0.3149640175219024,0.0005084480600750507,DESCRIPTIVE_QUADRATURE_SENSITIVITY_NOT_CONTINUUM_CONVERGENCE
cmbonly999,MIX_PLANAR,2.0,FROZEN_FRAME_FREE_IRREP_8,LEGACY_ABSOLUTE_MEDIAN_V1,MIN_LOCAL_P_V1,0.9829474342928661,-0.00015644555694627194,DESCRIPTIVE_QUADRATURE_SENSITIVITY_NOT_CONTINUUM_CONVERGENCE
cmbonly999,MIX_PLANAR,4.0,FROZEN_FRAME_FREE_IRREP_8,LEGACY_ABSOLUTE_MEDIAN_V1,MIN_LOCAL_P_V1,1.0,0.0,DESCRIPTIVE_QUADRATURE_SENSITIVITY_NOT_CONTINUUM_CONVERGENCE
cmbonly999,MIX_PLANAR,8.0,FROZEN_FRAME_FREE_IRREP_8,LEGACY_ABSOLUTE_MEDIAN_V1,MIN_LOCAL_P_V1,1.0,0.0,DESCRIPTIVE_QUADRATURE_SENSITIVITY_NOT_CONTINUUM_CONVERGENCE
cmbonly999,MIX_GENERIC,0.25,FROZEN_FRAME_FREE_IRREP_8,LEGACY_ABSOLUTE_MEDIAN_V1,MIN_LOCAL_P_V1,0.053230600750938675,0.000430225281601998,DESCRIPTIVE_QUADRATURE_SENSITIVITY_NOT_CONTINUUM_CONVERGENCE
cmbonly999,MIX_GENERIC,0.5,FROZEN_FRAME_FREE_IRREP_8,LEGACY_ABSOLUTE_MEDIAN_V1,MIN_LOCAL_P_V1,0.07900500625782228,0.0014862327909887368,DESCRIPTIVE_QUADRATURE_SENSITIVITY_NOT_CONTINUUM_CONVERGENCE
cmbonly999,MIX_GENERIC,1.0,FROZEN_FRAME_FREE_IRREP_8,LEGACY_ABSOLUTE_MEDIAN_V1,MIN_LOCAL_P_V1,0.30326971214017523,0.0016426783479349116,DESCRIPTIVE_QUADRATURE_SENSITIVITY_NOT_CONTINUUM_CONVERGENCE
cmbonly999,MIX_GENERIC,2.0,FROZEN_FRAME_FREE_IRREP_8,LEGACY_ABSOLUTE_MEDIAN_V1,MIN_LOCAL_P_V1,0.979857634543179,0.00027377972465580935,DESCRIPTIVE_QUADRATURE_SENSITIVITY_NOT_CONTINUUM_CONVERGENCE
cmbonly999,MIX_GENERIC,4.0,FROZEN_FRAME_FREE_IRREP_8,LEGACY_ABSOLUTE_MEDIAN_V1,MIN_LOCAL_P_V1,1.0,0.0,DESCRIPTIVE_QUADRATURE_SENSITIVITY_NOT_CONTINUUM_CONVERGENCE
cmbonly999,MIX_GENERIC,8.0,FROZEN_FRAME_FREE_IRREP_8,LEGACY_ABSOLUTE_MEDIAN_V1,MIN_LOCAL_P_V1,1.0,0.0,DESCRIPTIVE_QUADRATURE_SENSITIVITY_NOT_CONTINUUM_CONVERGENCE
cmbonly999,Q_AXIAL,0.25,FROZEN_FRAME_FREE_IRREP_8,LEGACY_ABSOLUTE_MEDIAN_V1,EXACT_INTEGER_FISHER_PRODUCT_FINITE_POOL_V1,0.07309918648310389,0.0006648936170212671,DESCRIPTIVE_QUADRATURE_SENSITIVITY_NOT_CONTINUUM_CONVERGENCE
cmbonly999,Q_AXIAL,0.5,FROZEN_FRAME_FREE_IRREP_8,LEGACY_ABSOLUTE_MEDIAN_V1,EXACT_INTEGER_FISHER_PRODUCT_FINITE_POOL_V1,0.0820165832290363,0.002385794743429287,DESCRIPTIVE_QUADRATURE_SENSITIVITY_NOT_CONTINUUM_CONVERGENCE
cmbonly999,Q_AXIAL,1.0,FROZEN_FRAME_FREE_IRREP_8,LEGACY_ABSOLUTE_MEDIAN_V1,EXACT_INTEGER_FISHER_PRODUCT_FINITE_POOL_V1,0.13376095118898623,-0.0020337922403003694,DESCRIPTIVE_QUADRATURE_SENSITIVITY_NOT_CONTINUUM_CONVERGENCE
cmbonly999,Q_AXIAL,2.0,FROZEN_FRAME_FREE_IRREP_8,LEGACY_ABSOLUTE_MEDIAN_V1,EXACT_INTEGER_FISHER_PRODUCT_FINITE_POOL_V1,0.26114674593241555,-0.006766270337922431,DESCRIPTIVE_QUADRATURE_SENSITIVITY_NOT_CONTINUUM_CONVERGENCE
cmbonly999,Q_AXIAL,4.0,FROZEN_FRAME_FREE_IRREP_8,LEGACY_ABSOLUTE_MEDIAN_V1,EXACT_INTEGER_FISHER_PRODUCT_FINITE_POOL_V1,0.3069852941176471,-0.008565394242803503,DESCRIPTIVE_QUADRATURE_SENSITIVITY_NOT_CONTINUUM_CONVERGENCE
cmbonly999,Q_AXIAL,8.0,FROZEN_FRAME_FREE_IRREP_8,LEGACY_ABSOLUTE_MEDIAN_V1,EXACT_INTEGER_FISHER_PRODUCT_FINITE_POOL_V1,0.33060857321652065,-0.006766270337922431,DESCRIPTIVE_QUADRATURE_SENSITIVITY_NOT_CONTINUUM_CONVERGENCE
cmbonly999,O_PLANAR,0.25,FROZEN_FRAME_FREE_IRREP_8,LEGACY_ABSOLUTE_MEDIAN_V1,EXACT_INTEGER_FISHER_PRODUCT_FINITE_POOL_V1,0.07763610763454318,0.0008213391739674558,DESCRIPTIVE_QUADRATURE_SENSITIVITY_NOT_CONTINUUM_CONVERGENCE
cmbonly999,O_PLANAR,0.5,FROZEN_FRAME_FREE_IRREP_8,LEGACY_ABSOLUTE_MEDIAN_V1,EXACT_INTEGER_FISHER_PRODUCT_FINITE_POOL_V1,0.10047715894868586,0.0031680225281601887,DESCRIPTIVE_QUADRATURE_SENSITIVITY_NOT_CONTINUUM_CONVERGENCE
cmbonly999,O_PLANAR,1.0,FROZEN_FRAME_FREE_IRREP_8,LEGACY_ABSOLUTE_MEDIAN_V1,EXACT_INTEGER_FISHER_PRODUCT_FINITE_POOL_V1,0.22403003754693368,0.006570713391739674,DESCRIPTIVE_QUADRATURE_SENSITIVITY_NOT_CONTINUUM_CONVERGENCE
cmbonly999,O_PLANAR,2.0,FROZEN_FRAME_FREE_IRREP_8,LEGACY_ABSOLUTE_MEDIAN_V1,EXACT_INTEGER_FISHER_PRODUCT_FINITE_POOL_V1,0.30710262828535667,0.00704005006257824,DESCRIPTIVE_QUADRATURE_SENSITIVITY_NOT_CONTINUUM_CONVERGENCE
cmbonly999,O_PLANAR,4.0,FROZEN_FRAME_FREE_IRREP_8,LEGACY_ABSOLUTE_MEDIAN_V1,EXACT_INTEGER_FISHER_PRODUCT_FINITE_POOL_V1,0.3160982478097622,0.006805381727158943,DESCRIPTIVE_QUADRATURE_SENSITIVITY_NOT_CONTINUUM_CONVERGENCE
cmbonly999,O_PLANAR,8.0,FROZEN_FRAME_FREE_IRREP_8,LEGACY_ABSOLUTE_MEDIAN_V1,EXACT_INTEGER_FISHER_PRODUCT_FINITE_POOL_V1,0.3201267209011264,0.008252503128911126,DESCRIPTIVE_QUADRATURE_SENSITIVITY_NOT_CONTINUUM_CONVERGENCE
cmbonly999,MIX_AXIAL,0.25,FROZEN_FRAME_FREE_IRREP_8,LEGACY_ABSOLUTE_MEDIAN_V1,EXACT_INTEGER_FISHER_PRODUCT_FINITE_POOL_V1,0.0751720901126408,0.0007822277847309156,DESCRIPTIVE_QUADRATURE_SENSITIVITY_NOT_CONTINUUM_CONVERGENCE
cmbonly999,MIX_AXIAL,0.5,FROZEN_FRAME_FREE_IRREP_8,LEGACY_ABSOLUTE_MEDIAN_V1,EXACT_INTEGER_FISHER_PRODUCT_FINITE_POOL_V1,0.1036842928660826,-0.0008213391739674558,DESCRIPTIVE_QUADRATURE_SENSITIVITY_NOT_CONTINUUM_CONVERGENCE
cmbonly999,MIX_AXIAL,1.0,FROZEN_FRAME_FREE_IRREP_8,LEGACY_ABSOLUTE_MEDIAN_V1,EXACT_INTEGER_FISHER_PRODUCT_FINITE_POOL_V1,0.38266583229036294,-0.0021902377972465303,DESCRIPTIVE_QUADRATURE_SENSITIVITY_NOT_CONTINUUM_CONVERGENCE
cmbonly999,MIX_AXIAL,2.0,FROZEN_FRAME_FREE_IRREP_8,LEGACY_ABSOLUTE_MEDIAN_V1,EXACT_INTEGER_FISHER_PRODUCT_FINITE_POOL_V1,0.9833776595744681,-0.000899561952440564,DESCRIPTIVE_QUADRATURE_SENSITIVITY_NOT_CONTINUUM_CONVERGENCE
cmbonly999,MIX_AXIAL,4.0,FROZEN_FRAME_FREE_IRREP_8,LEGACY_ABSOLUTE_MEDIAN_V1,EXACT_INTEGER_FISHER_PRODUCT_FINITE_POOL_V1,1.0,0.0,DESCRIPTIVE_QUADRATURE_SENSITIVITY_NOT_CONTINUUM_CONVERGENCE
cmbonly999,MIX_AXIAL,8.0,FROZEN_FRAME_FREE_IRREP_8,LEGACY_ABSOLUTE_MEDIAN_V1,EXACT_INTEGER_FISHER_PRODUCT_FINITE_POOL_V1,1.0,0.0,DESCRIPTIVE_QUADRATURE_SENSITIVITY_NOT_CONTINUUM_CONVERGENCE
cmbonly999,MIX_PLANAR,0.25,FROZEN_FRAME_FREE_IRREP_8,LEGACY_ABSOLUTE_MEDIAN_V1,EXACT_INTEGER_FISHER_PRODUCT_FINITE_POOL_V1,0.07521120150187735,-0.0012124530663329136,DESCRIPTIVE_QUADRATURE_SENSITIVITY_NOT_CONTINUUM_CONVERGENCE
cmbonly999,MIX_PLANAR,0.5,FROZEN_FRAME_FREE_IRREP_8,LEGACY_ABSOLUTE_MEDIAN_V1,EXACT_INTEGER_FISHER_PRODUCT_FINITE_POOL_V1,0.09711357947434293,-0.0030897997496871082,DESCRIPTIVE_QUADRATURE_SENSITIVITY_NOT_CONTINUUM_CONVERGENCE
cmbonly999,MIX_PLANAR,1.0,FROZEN_FRAME_FREE_IRREP_8,LEGACY_ABSOLUTE_MEDIAN_V1,EXACT_INTEGER_FISHER_PRODUCT_FINITE_POOL_V1,0.31152221526908636,0.0023857947434293147,DESCRIPTIVE_QUADRATURE_SENSITIVITY_NOT_CONTINUUM_CONVERGENCE
cmbonly999,MIX_PLANAR,2.0,FROZEN_FRAME_FREE_IRREP_8,LEGACY_ABSOLUTE_MEDIAN_V1,EXACT_INTEGER_FISHER_PRODUCT_FINITE_POOL_V1,0.9607321652065082,0.0003911138923654578,DESCRIPTIVE_QUADRATURE_SENSITIVITY_NOT_CONTINUUM_CONVERGENCE
cmbonly999,MIX_PLANAR,4.0,FROZEN_FRAME_FREE_IRREP_8,LEGACY_ABSOLUTE_MEDIAN_V1,EXACT_INTEGER_FISHER_PRODUCT_FINITE_POOL_V1,1.0,0.0,DESCRIPTIVE_QUADRATURE_SENSITIVITY_NOT_CONTINUUM_CONVERGENCE
cmbonly999,MIX_PLANAR,8.0,FROZEN_FRAME_FREE_IRREP_8,LEGACY_ABSOLUTE_MEDIAN_V1,EXACT_INTEGER_FISHER_PRODUCT_FINITE_POOL_V1,1.0,0.0,DESCRIPTIVE_QUADRATURE_SENSITIVITY_NOT_CONTINUUM_CONVERGENCE
cmbonly999,MIX_GENERIC,0.25,FROZEN_FRAME_FREE_IRREP_8,LEGACY_ABSOLUTE_MEDIAN_V1,EXACT_INTEGER_FISHER_PRODUCT_FINITE_POOL_V1,0.07356852315394243,0.0004302252816020119,DESCRIPTIVE_QUADRATURE_SENSITIVITY_NOT_CONTINUUM_CONVERGENCE
cmbonly999,MIX_GENERIC,0.5,FROZEN_FRAME_FREE_IRREP_8,LEGACY_ABSOLUTE_MEDIAN_V1,EXACT_INTEGER_FISHER_PRODUCT_FINITE_POOL_V1,0.08584949937421778,0.0005084480600750924,DESCRIPTIVE_QUADRATURE_SENSITIVITY_NOT_CONTINUUM_CONVERGENCE
cmbonly999,MIX_GENERIC,1.0,FROZEN_FRAME_FREE_IRREP_8,LEGACY_ABSOLUTE_MEDIAN_V1,EXACT_INTEGER_FISHER_PRODUCT_FINITE_POOL_V1,0.16465894868585731,0.002659574468085124,DESCRIPTIVE_QUADRATURE_SENSITIVITY_NOT_CONTINUUM_CONVERGENCE
cmbonly999,MIX_GENERIC,2.0,FROZEN_FRAME_FREE_IRREP_8,LEGACY_ABSOLUTE_MEDIAN_V1,EXACT_INTEGER_FISHER_PRODUCT_FINITE_POOL_V1,0.523153942428035,0.003832916145181442,DESCRIPTIVE_QUADRATURE_SENSITIVITY_NOT_CONTINUUM_CONVERGENCE
cmbonly999,MIX_GENERIC,4.0,FROZEN_FRAME_FREE_IRREP_8,LEGACY_ABSOLUTE_MEDIAN_V1,EXACT_INTEGER_FISHER_PRODUCT_FINITE_POOL_V1,0.6500704005006258,0.0033244680851063357,DESCRIPTIVE_QUADRATURE_SENSITIVITY_NOT_CONTINUUM_CONVERGENCE
cmbonly999,MIX_GENERIC,8.0,FROZEN_FRAME_FREE_IRREP_8,LEGACY_ABSOLUTE_MEDIAN_V1,EXACT_INTEGER_FISHER_PRODUCT_FINITE_POOL_V1,0.7227002503128911,0.006179599499374189,DESCRIPTIVE_QUADRATURE_SENSITIVITY_NOT_CONTINUUM_CONVERGENCE
cmbonly999,Q_AXIAL,0.25,FROZEN_FRAME_FREE_IRREP_8,LOO_ECDF_MIDRANK_V1,MIN_LOCAL_P_V1,0.013923654568210262,0.0010168961201501882,DESCRIPTIVE_QUADRATURE_SENSITIVITY_NOT_CONTINUUM_CONVERGENCE
cmbonly999,Q_AXIAL,0.5,FROZEN_FRAME_FREE_IRREP_8,LOO_ECDF_MIDRANK_V1,MIN_LOCAL_P_V1,0.012085419274092615,-0.0008995619524405501,DESCRIPTIVE_QUADRATURE_SENSITIVITY_NOT_CONTINUUM_CONVERGENCE
cmbonly999,Q_AXIAL,1.0,FROZEN_FRAME_FREE_IRREP_8,LOO_ECDF_MIDRANK_V1,MIN_LOCAL_P_V1,0.01177252816020025,-0.000977784730913641,DESCRIPTIVE_QUADRATURE_SENSITIVITY_NOT_CONTINUUM_CONVERGENCE
cmbonly999,Q_AXIAL,2.0,FROZEN_FRAME_FREE_IRREP_8,LOO_ECDF_MIDRANK_V1,MIN_LOCAL_P_V1,0.016387672090112642,-0.001290675844806008,DESCRIPTIVE_QUADRATURE_SENSITIVITY_NOT_CONTINUUM_CONVERGENCE
cmbonly999,Q_AXIAL,4.0,FROZEN_FRAME_FREE_IRREP_8,LOO_ECDF_MIDRANK_V1,MIN_LOCAL_P_V1,0.021511264080100127,-0.0018773466833541946,DESCRIPTIVE_QUADRATURE_SENSITIVITY_NOT_CONTINUUM_CONVERGENCE
cmbonly999,Q_AXIAL,8.0,FROZEN_FRAME_FREE_IRREP_8,LOO_ECDF_MIDRANK_V1,MIN_LOCAL_P_V1,0.02319305381727159,-0.002151126408010011,DESCRIPTIVE_QUADRATURE_SENSITIVITY_NOT_CONTINUUM_CONVERGENCE
cmbonly999,O_PLANAR,0.25,FROZEN_FRAME_FREE_IRREP_8,LOO_ECDF_MIDRANK_V1,MIN_LOCAL_P_V1,0.012906758448060074,0.0003911138923654578,DESCRIPTIVE_QUADRATURE_SENSITIVITY_NOT_CONTINUUM_CONVERGENCE
cmbonly999,O_PLANAR,0.5,FROZEN_FRAME_FREE_IRREP_8,LOO_ECDF_MIDRANK_V1,MIN_LOCAL_P_V1,0.012085419274092615,0.0008995619524405519,DESCRIPTIVE_QUADRATURE_SENSITIVITY_NOT_CONTINUUM_CONVERGENCE
cmbonly999,O_PLANAR,1.0,FROZEN_FRAME_FREE_IRREP_8,LOO_ECDF_MIDRANK_V1,MIN_LOCAL_P_V1,0.011968085106382979,0.000704005006257823,DESCRIPTIVE_QUADRATURE_SENSITIVITY_NOT_CONTINUUM_CONVERGENCE
cmbonly999,O_PLANAR,2.0,FROZEN_FRAME_FREE_IRREP_8,LOO_ECDF_MIDRANK_V1,MIN_LOCAL_P_V1,0.012359198998748435,-7.822277847309086e-05,DESCRIPTIVE_QUADRATURE_SENSITIVITY_NOT_CONTINUUM_CONVERGENCE
cmbonly999,O_PLANAR,4.0,FROZEN_FRAME_FREE_IRREP_8,LOO_ECDF_MIDRANK_V1,MIN_LOCAL_P_V1,0.012007196495619524,0.0004302252816020032,DESCRIPTIVE_QUADRATURE_SENSITIVITY_NOT_CONTINUUM_CONVERGENCE
cmbonly999,O_PLANAR,8.0,FROZEN_FRAME_FREE_IRREP_8,LOO_ECDF_MIDRANK_V1,MIN_LOCAL_P_V1,0.011185857321652065,0.000704005006257823,DESCRIPTIVE_QUADRATURE_SENSITIVITY_NOT_CONTINUUM_CONVERGENCE
cmbonly999,MIX_AXIAL,0.25,FROZEN_FRAME_FREE_IRREP_8,LOO_ECDF_MIDRANK_V1,MIN_LOCAL_P_V1,0.013297872340425532,-0.00015644555694618346,DESCRIPTIVE_QUADRATURE_SENSITIVITY_NOT_CONTINUUM_CONVERGENCE
cmbonly999,MIX_AXIAL,0.5,FROZEN_FRAME_FREE_IRREP_8,LOO_ECDF_MIDRANK_V1,MIN_LOCAL_P_V1,0.015605444305381726,0.0008213391739674593,DESCRIPTIVE_QUADRATURE_SENSITIVITY_NOT_CONTINUUM_CONVERGENCE
cmbonly999,MIX_AXIAL,1.0,FROZEN_FRAME_FREE_IRREP_8,LOO_ECDF_MIDRANK_V1,MIN_LOCAL_P_V1,0.057923967459324155,-3.911138923654717e-05,DESCRIPTIVE_QUADRATURE_SENSITIVITY_NOT_CONTINUUM_CONVERGENCE
cmbonly999,MIX_AXIAL,2.0,FROZEN_FRAME_FREE_IRREP_8,LOO_ECDF_MIDRANK_V1,MIN_LOCAL_P_V1,0.4356226533166458,-0.0021902377972465303,DESCRIPTIVE_QUADRATURE_SENSITIVITY_NOT_CONTINUUM_CONVERGENCE
cmbonly999,MIX_AXIAL,4.0,FROZEN_FRAME_FREE_IRREP_8,LOO_ECDF_MIDRANK_V1,MIN_LOCAL_P_V1,0.9817349812265331,-0.0023857947434292592,DESCRIPTIVE_QUADRATURE_SENSITIVITY_NOT_CONTINUUM_CONVERGENCE
cmbonly999,MIX_AXIAL,8.0,FROZEN_FRAME_FREE_IRREP_8,LOO_ECDF_MIDRANK_V1,MIN_LOCAL_P_V1,1.0,0.0,DESCRIPTIVE_QUADRATURE_SENSITIVITY_NOT_CONTINUUM_CONVERGENCE
cmbonly999,MIX_PLANAR,0.25,FROZEN_FRAME_FREE_IRREP_8,LOO_ECDF_MIDRANK_V1,MIN_LOCAL_P_V1,0.012828535669586983,-0.0007822277847309139,DESCRIPTIVE_QUADRATURE_SENSITIVITY_NOT_CONTINUUM_CONVERGENCE
cmbonly999,MIX_PLANAR,0.5,FROZEN_FRAME_FREE_IRREP_8,LOO_ECDF_MIDRANK_V1,MIN_LOCAL_P_V1,0.012906758448060074,-0.0003128911138923652,DESCRIPTIVE_QUADRATURE_SENSITIVITY_NOT_CONTINUUM_CONVERGENCE
cmbonly999,MIX_PLANAR,1.0,FROZEN_FRAME_FREE_IRREP_8,LOO_ECDF_MIDRANK_V1,MIN_LOCAL_P_V1,0.023505944931163956,3.91113892365437e-05,DESCRIPTIVE_QUADRATURE_SENSITIVITY_NOT_CONTINUUM_CONVERGENCE
cmbonly999,MIX_PLANAR,2.0,FROZEN_FRAME_FREE_IRREP_8,LOO_ECDF_MIDRANK_V1,MIN_LOCAL_P_V1,0.08252503128911139,0.0023466833541927468,DESCRIPTIVE_QUADRATURE_SENSITIVITY_NOT_CONTINUUM_CONVERGENCE
cmbonly999,MIX_PLANAR,4.0,FROZEN_FRAME_FREE_IRREP_8,LOO_ECDF_MIDRANK_V1,MIN_LOCAL_P_V1,0.25046933667083854,0.0017209011264080476,DESCRIPTIVE_QUADRATURE_SENSITIVITY_NOT_CONTINUUM_CONVERGENCE
cmbonly999,MIX_PLANAR,8.0,FROZEN_FRAME_FREE_IRREP_8,LOO_ECDF_MIDRANK_V1,MIN_LOCAL_P_V1,0.4111389236545682,0.0006257822277846992,DESCRIPTIVE_QUADRATURE_SENSITIVITY_NOT_CONTINUUM_CONVERGENCE
cmbonly999,MIX_GENERIC,0.25,FROZEN_FRAME_FREE_IRREP_8,LOO_ECDF_MIDRANK_V1,MIN_LOCAL_P_V1,0.013806320400500626,0.0015253441802252805,DESCRIPTIVE_QUADRATURE_SENSITIVITY_NOT_CONTINUUM_CONVERGENCE
cmbonly999,MIX_GENERIC,0.5,FROZEN_FRAME_FREE_IRREP_8,LOO_ECDF_MIDRANK_V1,MIN_LOCAL_P_V1,0.01005162703379224,0.000586670838548185,DESCRIPTIVE_QUADRATURE_SENSITIVITY_NOT_CONTINUUM_CONVERGENCE
cmbonly999,MIX_GENERIC,1.0,FROZEN_FRAME_FREE_IRREP_8,LOO_ECDF_MIDRANK_V1,MIN_LOCAL_P_V1,0.008643617021276596,0.00027377972465581976,DESCRIPTIVE_QUADRATURE_SENSITIVITY_NOT_CONTINUUM_CONVERGENCE
cmbonly999,MIX_GENERIC,2.0,FROZEN_FRAME_FREE_IRREP_8,LOO_ECDF_MIDRANK_V1,MIN_LOCAL_P_V1,0.002346683354192741,-0.0007822277847309139,DESCRIPTIVE_QUADRATURE_SENSITIVITY_NOT_CONTINUUM_CONVERGENCE
cmbonly999,MIX_GENERIC,4.0,FROZEN_FRAME_FREE_IRREP_8,LOO_ECDF_MIDRANK_V1,MIN_LOCAL_P_V1,3.911138923654568e-05,3.911138923654568e-05,DESCRIPTIVE_QUADRATURE_SENSITIVITY_NOT_CONTINUUM_CONVERGENCE
cmbonly999,MIX_GENERIC,8.0,FROZEN_FRAME_FREE_IRREP_8,LOO_ECDF_MIDRANK_V1,MIN_LOCAL_P_V1,0.0,0.0,DESCRIPTIVE_QUADRATURE_SENSITIVITY_NOT_CONTINUUM_CONVERGENCE
cmbonly999,Q_AXIAL,0.25,FROZEN_FRAME_FREE_IRREP_8,LOO_ECDF_MIDRANK_V1,EXACT_INTEGER_FISHER_PRODUCT_FINITE_POOL_V1,0.07384230287859825,0.0003911138923654578,DESCRIPTIVE_QUADRATURE_SENSITIVITY_NOT_CONTINUUM_CONVERGENCE
cmbonly999,Q_AXIAL,0.5,FROZEN_FRAME_FREE_IRREP_8,LOO_ECDF_MIDRANK_V1,EXACT_INTEGER_FISHER_PRODUCT_FINITE_POOL_V1,0.07818366708385482,-0.0012124530663329275,DESCRIPTIVE_QUADRATURE_SENSITIVITY_NOT_CONTINUUM_CONVERGENCE
cmbonly999,Q_AXIAL,1.0,FROZEN_FRAME_FREE_IRREP_8,LOO_ECDF_MIDRANK_V1,EXACT_INTEGER_FISHER_PRODUCT_FINITE_POOL_V1,0.12144086357947434,-0.0023075719649561927,DESCRIPTIVE_QUADRATURE_SENSITIVITY_NOT_CONTINUUM_CONVERGENCE
cmbonly999,Q_AXIAL,2.0,FROZEN_FRAME_FREE_IRREP_8,LOO_ECDF_MIDRANK_V1,EXACT_INTEGER_FISHER_PRODUCT_FINITE_POOL_V1,0.24405506883604505,-0.007274718397997482,DESCRIPTIVE_QUADRATURE_SENSITIVITY_NOT_CONTINUUM_CONVERGENCE
cmbonly999,Q_AXIAL,4.0,FROZEN_FRAME_FREE_IRREP_8,LOO_ECDF_MIDRANK_V1,EXACT_INTEGER_FISHER_PRODUCT_FINITE_POOL_V1,0.3089017521902378,-0.007196495619524401,DESCRIPTIVE_QUADRATURE_SENSITIVITY_NOT_CONTINUUM_CONVERGENCE
cmbonly999,Q_AXIAL,8.0,FROZEN_FRAME_FREE_IRREP_8,LOO_ECDF_MIDRANK_V1,EXACT_INTEGER_FISHER_PRODUCT_FINITE_POOL_V1,0.35747809762202754,-0.006336045056320405,DESCRIPTIVE_QUADRATURE_SENSITIVITY_NOT_CONTINUUM_CONVERGENCE
cmbonly999,O_PLANAR,0.25,FROZEN_FRAME_FREE_IRREP_8,LOO_ECDF_MIDRANK_V1,EXACT_INTEGER_FISHER_PRODUCT_FINITE_POOL_V1,0.07579787234042554,-0.00031289111389237734,DESCRIPTIVE_QUADRATURE_SENSITIVITY_NOT_CONTINUUM_CONVERGENCE
cmbonly999,O_PLANAR,0.5,FROZEN_FRAME_FREE_IRREP_8,LOO_ECDF_MIDRANK_V1,EXACT_INTEGER_FISHER_PRODUCT_FINITE_POOL_V1,0.08913485607008761,0.0028551314142678252,DESCRIPTIVE_QUADRATURE_SENSITIVITY_NOT_CONTINUUM_CONVERGENCE
cmbonly999,O_PLANAR,1.0,FROZEN_FRAME_FREE_IRREP_8,LOO_ECDF_MIDRANK_V1,EXACT_INTEGER_FISHER_PRODUCT_FINITE_POOL_V1,0.19164580725907385,0.007196495619524401,DESCRIPTIVE_QUADRATURE_SENSITIVITY_NOT_CONTINUUM_CONVERGENCE
cmbonly999,O_PLANAR,2.0,FROZEN_FRAME_FREE_IRREP_8,LOO_ECDF_MIDRANK_V1,EXACT_INTEGER_FISHER_PRODUCT_FINITE_POOL_V1,0.2643147684605757,0.006727158948685863,DESCRIPTIVE_QUADRATURE_SENSITIVITY_NOT_CONTINUUM_CONVERGENCE
cmbonly999,O_PLANAR,4.0,FROZEN_FRAME_FREE_IRREP_8,LOO_ECDF_MIDRANK_V1,EXACT_INTEGER_FISHER_PRODUCT_FINITE_POOL_V1,0.2731148310387985,0.008721839799749664,DESCRIPTIVE_QUADRATURE_SENSITIVITY_NOT_CONTINUUM_CONVERGENCE
cmbonly999,O_PLANAR,8.0,FROZEN_FRAME_FREE_IRREP_8,LOO_ECDF_MIDRANK_V1,EXACT_INTEGER_FISHER_PRODUCT_FINITE_POOL_V1,0.27444461827284106,0.010051627033792254,DESCRIPTIVE_QUADRATURE_SENSITIVITY_NOT_CONTINUUM_CONVERGENCE
cmbonly999,MIX_AXIAL,0.25,FROZEN_FRAME_FREE_IRREP_8,LOO_ECDF_MIDRANK_V1,EXACT_INTEGER_FISHER_PRODUCT_FINITE_POOL_V1,0.07438986232790988,0.0009386733416771043,DESCRIPTIVE_QUADRATURE_SENSITIVITY_NOT_CONTINUUM_CONVERGENCE
cmbonly999,MIX_AXIAL,0.5,FROZEN_FRAME_FREE_IRREP_8,LOO_ECDF_MIDRANK_V1,EXACT_INTEGER_FISHER_PRODUCT_FINITE_POOL_V1,0.09449311639549436,0.0007040050062578351,DESCRIPTIVE_QUADRATURE_SENSITIVITY_NOT_CONTINUUM_CONVERGENCE
cmbonly999,MIX_AXIAL,1.0,FROZEN_FRAME_FREE_IRREP_8,LOO_ECDF_MIDRANK_V1,EXACT_INTEGER_FISHER_PRODUCT_FINITE_POOL_V1,0.34441489361702127,-0.002581351689611988,DESCRIPTIVE_QUADRATURE_SENSITIVITY_NOT_CONTINUUM_CONVERGENCE
cmbonly999,MIX_AXIAL,2.0,FROZEN_FRAME_FREE_IRREP_8,LOO_ECDF_MIDRANK_V1,EXACT_INTEGER_FISHER_PRODUCT_FINITE_POOL_V1,0.9768069461827285,-0.0013688986232791578,DESCRIPTIVE_QUADRATURE_SENSITIVITY_NOT_CONTINUUM_CONVERGENCE
cmbonly999,MIX_AXIAL,4.0,FROZEN_FRAME_FREE_IRREP_8,LOO_ECDF_MIDRANK_V1,EXACT_INTEGER_FISHER_PRODUCT_FINITE_POOL_V1,1.0,0.0,DESCRIPTIVE_QUADRATURE_SENSITIVITY_NOT_CONTINUUM_CONVERGENCE
cmbonly999,MIX_AXIAL,8.0,FROZEN_FRAME_FREE_IRREP_8,LOO_ECDF_MIDRANK_V1,EXACT_INTEGER_FISHER_PRODUCT_FINITE_POOL_V1,1.0,0.0,DESCRIPTIVE_QUADRATURE_SENSITIVITY_NOT_CONTINUUM_CONVERGENCE
cmbonly999,MIX_PLANAR,0.25,FROZEN_FRAME_FREE_IRREP_8,LOO_ECDF_MIDRANK_V1,EXACT_INTEGER_FISHER_PRODUCT_FINITE_POOL_V1,0.07306007509386733,-0.0012515644555694538,DESCRIPTIVE_QUADRATURE_SENSITIVITY_NOT_CONTINUUM_CONVERGENCE
cmbonly999,MIX_PLANAR,0.5,FROZEN_FRAME_FREE_IRREP_8,LOO_ECDF_MIDRANK_V1,EXACT_INTEGER_FISHER_PRODUCT_FINITE_POOL_V1,0.08753128911138924,-0.0021120150187734776,DESCRIPTIVE_QUADRATURE_SENSITIVITY_NOT_CONTINUUM_CONVERGENCE
cmbonly999,MIX_PLANAR,1.0,FROZEN_FRAME_FREE_IRREP_8,LOO_ECDF_MIDRANK_V1,EXACT_INTEGER_FISHER_PRODUCT_FINITE_POOL_V1,0.25899561952440553,0.002268460575719611,DESCRIPTIVE_QUADRATURE_SENSITIVITY_NOT_CONTINUUM_CONVERGENCE
cmbonly999,MIX_PLANAR,2.0,FROZEN_FRAME_FREE_IRREP_8,LOO_ECDF_MIDRANK_V1,EXACT_INTEGER_FISHER_PRODUCT_FINITE_POOL_V1,0.9326892991239049,-0.0005084480600751062,DESCRIPTIVE_QUADRATURE_SENSITIVITY_NOT_CONTINUUM_CONVERGENCE
cmbonly999,MIX_PLANAR,4.0,FROZEN_FRAME_FREE_IRREP_8,LOO_ECDF_MIDRANK_V1,EXACT_INTEGER_FISHER_PRODUCT_FINITE_POOL_V1,1.0,0.0,DESCRIPTIVE_QUADRATURE_SENSITIVITY_NOT_CONTINUUM_CONVERGENCE
cmbonly999,MIX_PLANAR,8.0,FROZEN_FRAME_FREE_IRREP_8,LOO_ECDF_MIDRANK_V1,EXACT_INTEGER_FISHER_PRODUCT_FINITE_POOL_V1,1.0,0.0,DESCRIPTIVE_QUADRATURE_SENSITIVITY_NOT_CONTINUUM_CONVERGENCE
cmbonly999,MIX_GENERIC,0.25,FROZEN_FRAME_FREE_IRREP_8,LOO_ECDF_MIDRANK_V1,EXACT_INTEGER_FISHER_PRODUCT_FINITE_POOL_V1,0.0725125156445557,0.0006257822277847269,DESCRIPTIVE_QUADRATURE_SENSITIVITY_NOT_CONTINUUM_CONVERGENCE
cmbonly999,MIX_GENERIC,0.5,FROZEN_FRAME_FREE_IRREP_8,LOO_ECDF_MIDRANK_V1,EXACT_INTEGER_FISHER_PRODUCT_FINITE_POOL_V1,0.07626720901126408,0.0009386733416771043,DESCRIPTIVE_QUADRATURE_SENSITIVITY_NOT_CONTINUUM_CONVERGENCE
cmbonly999,MIX_GENERIC,1.0,FROZEN_FRAME_FREE_IRREP_8,LOO_ECDF_MIDRANK_V1,EXACT_INTEGER_FISHER_PRODUCT_FINITE_POOL_V1,0.12065863579474342,0.00262046307884857,DESCRIPTIVE_QUADRATURE_SENSITIVITY_NOT_CONTINUUM_CONVERGENCE
cmbonly999,MIX_GENERIC,2.0,FROZEN_FRAME_FREE_IRREP_8,LOO_ECDF_MIDRANK_V1,EXACT_INTEGER_FISHER_PRODUCT_FINITE_POOL_V1,0.3611545682102628,0.005710262828535706,DESCRIPTIVE_QUADRATURE_SENSITIVITY_NOT_CONTINUUM_CONVERGENCE
cmbonly999,MIX_GENERIC,4.0,FROZEN_FRAME_FREE_IRREP_8,LOO_ECDF_MIDRANK_V1,EXACT_INTEGER_FISHER_PRODUCT_FINITE_POOL_V1,0.37769868585732164,-0.00027377972465580935,DESCRIPTIVE_QUADRATURE_SENSITIVITY_NOT_CONTINUUM_CONVERGENCE
cmbonly999,MIX_GENERIC,8.0,FROZEN_FRAME_FREE_IRREP_8,LOO_ECDF_MIDRANK_V1,EXACT_INTEGER_FISHER_PRODUCT_FINITE_POOL_V1,0.2533244680851064,-0.002855131414267853,DESCRIPTIVE_QUADRATURE_SENSITIVITY_NOT_CONTINUUM_CONVERGENCE
