arm,template_id,amplitude,reducer,combiner,scalar_power,irrep_power,irrep_minus_scalar,arms_are_independent_replications
paired300,Q_AXIAL,0.25,LEGACY_ABSOLUTE_MEDIAN_V1,MIN_LOCAL_P_V1,0.0584375,0.0465625,-0.011875000000000004,False
paired300,Q_AXIAL,0.5,LEGACY_ABSOLUTE_MEDIAN_V1,MIN_LOCAL_P_V1,0.070625,0.0478125,-0.022812499999999993,False
paired300,Q_AXIAL,1.0,LEGACY_ABSOLUTE_MEDIAN_V1,MIN_LOCAL_P_V1,0.2315625,0.11875,-0.11281250000000001,False
paired300,Q_AXIAL,2.0,LEGACY_ABSOLUTE_MEDIAN_V1,MIN_LOCAL_P_V1,0.9528125,0.908125,-0.04468749999999999,False
paired300,Q_AXIAL,4.0,LEGACY_ABSOLUTE_MEDIAN_V1,MIN_LOCAL_P_V1,1.0,1.0,0.0,False
paired300,Q_AXIAL,8.0,LEGACY_ABSOLUTE_MEDIAN_V1,MIN_LOCAL_P_V1,1.0,1.0,0.0,False
paired300,O_PLANAR,0.25,LEGACY_ABSOLUTE_MEDIAN_V1,MIN_LOCAL_P_V1,0.0315625,0.060625,0.029062499999999998,False
paired300,O_PLANAR,0.5,LEGACY_ABSOLUTE_MEDIAN_V1,MIN_LOCAL_P_V1,0.0228125,0.1246875,0.10187500000000001,False
paired300,O_PLANAR,1.0,LEGACY_ABSOLUTE_MEDIAN_V1,MIN_LOCAL_P_V1,0.0209375,0.64375,0.6228125,False
paired300,O_PLANAR,2.0,LEGACY_ABSOLUTE_MEDIAN_V1,MIN_LOCAL_P_V1,0.0240625,1.0,0.9759375,False
paired300,O_PLANAR,4.0,LEGACY_ABSOLUTE_MEDIAN_V1,MIN_LOCAL_P_V1,0.136875,1.0,0.863125,False
paired300,O_PLANAR,8.0,LEGACY_ABSOLUTE_MEDIAN_V1,MIN_LOCAL_P_V1,0.815625,1.0,0.18437499999999996,False
paired300,MIX_AXIAL,0.25,LEGACY_ABSOLUTE_MEDIAN_V1,MIN_LOCAL_P_V1,0.04125,0.0453125,0.004062499999999997,False
paired300,MIX_AXIAL,0.5,LEGACY_ABSOLUTE_MEDIAN_V1,MIN_LOCAL_P_V1,0.0346875,0.0878125,0.053125,False
paired300,MIX_AXIAL,1.0,LEGACY_ABSOLUTE_MEDIAN_V1,MIN_LOCAL_P_V1,0.0784375,0.3128125,0.234375,False
paired300,MIX_AXIAL,2.0,LEGACY_ABSOLUTE_MEDIAN_V1,MIN_LOCAL_P_V1,0.6921875,0.9859375,0.29375000000000007,False
paired300,MIX_AXIAL,4.0,LEGACY_ABSOLUTE_MEDIAN_V1,MIN_LOCAL_P_V1,1.0,1.0,0.0,False
paired300,MIX_AXIAL,8.0,LEGACY_ABSOLUTE_MEDIAN_V1,MIN_LOCAL_P_V1,1.0,1.0,0.0,False
paired300,MIX_PLANAR,0.25,LEGACY_ABSOLUTE_MEDIAN_V1,MIN_LOCAL_P_V1,0.0315625,0.044375,0.012812499999999998,False
paired300,MIX_PLANAR,0.5,LEGACY_ABSOLUTE_MEDIAN_V1,MIN_LOCAL_P_V1,0.0359375,0.080625,0.044687500000000005,False
paired300,MIX_PLANAR,1.0,LEGACY_ABSOLUTE_MEDIAN_V1,MIN_LOCAL_P_V1,0.07125,0.3103125,0.2390625,False
paired300,MIX_PLANAR,2.0,LEGACY_ABSOLUTE_MEDIAN_V1,MIN_LOCAL_P_V1,0.69625,0.9825,0.28625,False
paired300,MIX_PLANAR,4.0,LEGACY_ABSOLUTE_MEDIAN_V1,MIN_LOCAL_P_V1,1.0,1.0,0.0,False
paired300,MIX_PLANAR,8.0,LEGACY_ABSOLUTE_MEDIAN_V1,MIN_LOCAL_P_V1,1.0,1.0,0.0,False
paired300,MIX_GENERIC,0.25,LEGACY_ABSOLUTE_MEDIAN_V1,MIN_LOCAL_P_V1,0.044375,0.04625,0.0018750000000000017,False
paired300,MIX_GENERIC,0.5,LEGACY_ABSOLUTE_MEDIAN_V1,MIN_LOCAL_P_V1,0.038125,0.0765625,0.038437500000000006,False
paired300,MIX_GENERIC,1.0,LEGACY_ABSOLUTE_MEDIAN_V1,MIN_LOCAL_P_V1,0.076875,0.2903125,0.21343749999999997,False
paired300,MIX_GENERIC,2.0,LEGACY_ABSOLUTE_MEDIAN_V1,MIN_LOCAL_P_V1,0.709375,0.9784375,0.2690625,False
paired300,MIX_GENERIC,4.0,LEGACY_ABSOLUTE_MEDIAN_V1,MIN_LOCAL_P_V1,1.0,1.0,0.0,False
paired300,MIX_GENERIC,8.0,LEGACY_ABSOLUTE_MEDIAN_V1,MIN_LOCAL_P_V1,1.0,1.0,0.0,False
paired300,Q_AXIAL,0.25,LEGACY_ABSOLUTE_MEDIAN_V1,EXACT_INTEGER_FISHER_PRODUCT_FINITE_POOL_V1,0.059375,0.0703125,0.010937500000000003,False
paired300,Q_AXIAL,0.5,LEGACY_ABSOLUTE_MEDIAN_V1,EXACT_INTEGER_FISHER_PRODUCT_FINITE_POOL_V1,0.1209375,0.0715625,-0.049375,False
paired300,Q_AXIAL,1.0,LEGACY_ABSOLUTE_MEDIAN_V1,EXACT_INTEGER_FISHER_PRODUCT_FINITE_POOL_V1,0.431875,0.1309375,-0.30093749999999997,False
paired300,Q_AXIAL,2.0,LEGACY_ABSOLUTE_MEDIAN_V1,EXACT_INTEGER_FISHER_PRODUCT_FINITE_POOL_V1,0.958125,0.265625,-0.6925,False
paired300,Q_AXIAL,4.0,LEGACY_ABSOLUTE_MEDIAN_V1,EXACT_INTEGER_FISHER_PRODUCT_FINITE_POOL_V1,1.0,0.3125,-0.6875,False
paired300,Q_AXIAL,8.0,LEGACY_ABSOLUTE_MEDIAN_V1,EXACT_INTEGER_FISHER_PRODUCT_FINITE_POOL_V1,1.0,0.333125,-0.666875,False
paired300,O_PLANAR,0.25,LEGACY_ABSOLUTE_MEDIAN_V1,EXACT_INTEGER_FISHER_PRODUCT_FINITE_POOL_V1,0.0396875,0.0628125,0.023124999999999993,False
paired300,O_PLANAR,0.5,LEGACY_ABSOLUTE_MEDIAN_V1,EXACT_INTEGER_FISHER_PRODUCT_FINITE_POOL_V1,0.038125,0.09625,0.058125,False
paired300,O_PLANAR,1.0,LEGACY_ABSOLUTE_MEDIAN_V1,EXACT_INTEGER_FISHER_PRODUCT_FINITE_POOL_V1,0.04125,0.2128125,0.17156249999999998,False
paired300,O_PLANAR,2.0,LEGACY_ABSOLUTE_MEDIAN_V1,EXACT_INTEGER_FISHER_PRODUCT_FINITE_POOL_V1,0.1328125,0.290625,0.15781250000000002,False
paired300,O_PLANAR,4.0,LEGACY_ABSOLUTE_MEDIAN_V1,EXACT_INTEGER_FISHER_PRODUCT_FINITE_POOL_V1,0.3878125,0.308125,-0.07968750000000002,False
paired300,O_PLANAR,8.0,LEGACY_ABSOLUTE_MEDIAN_V1,EXACT_INTEGER_FISHER_PRODUCT_FINITE_POOL_V1,0.7709375,0.309375,-0.46156250000000004,False
paired300,MIX_AXIAL,0.25,LEGACY_ABSOLUTE_MEDIAN_V1,EXACT_INTEGER_FISHER_PRODUCT_FINITE_POOL_V1,0.050625,0.0696875,0.019062499999999996,False
paired300,MIX_AXIAL,0.5,LEGACY_ABSOLUTE_MEDIAN_V1,EXACT_INTEGER_FISHER_PRODUCT_FINITE_POOL_V1,0.08125,0.0946875,0.013437499999999991,False
paired300,MIX_AXIAL,1.0,LEGACY_ABSOLUTE_MEDIAN_V1,EXACT_INTEGER_FISHER_PRODUCT_FINITE_POOL_V1,0.1628125,0.3796875,0.216875,False
paired300,MIX_AXIAL,2.0,LEGACY_ABSOLUTE_MEDIAN_V1,EXACT_INTEGER_FISHER_PRODUCT_FINITE_POOL_V1,0.6165625,0.985625,0.36906249999999996,False
paired300,MIX_AXIAL,4.0,LEGACY_ABSOLUTE_MEDIAN_V1,EXACT_INTEGER_FISHER_PRODUCT_FINITE_POOL_V1,0.9834375,1.0,0.016562500000000036,False
paired300,MIX_AXIAL,8.0,LEGACY_ABSOLUTE_MEDIAN_V1,EXACT_INTEGER_FISHER_PRODUCT_FINITE_POOL_V1,1.0,1.0,0.0,False
paired300,MIX_PLANAR,0.25,LEGACY_ABSOLUTE_MEDIAN_V1,EXACT_INTEGER_FISHER_PRODUCT_FINITE_POOL_V1,0.045,0.0609375,0.0159375,False
paired300,MIX_PLANAR,0.5,LEGACY_ABSOLUTE_MEDIAN_V1,EXACT_INTEGER_FISHER_PRODUCT_FINITE_POOL_V1,0.07,0.08625,0.016249999999999987,False
paired300,MIX_PLANAR,1.0,LEGACY_ABSOLUTE_MEDIAN_V1,EXACT_INTEGER_FISHER_PRODUCT_FINITE_POOL_V1,0.1284375,0.2946875,0.16624999999999998,False
paired300,MIX_PLANAR,2.0,LEGACY_ABSOLUTE_MEDIAN_V1,EXACT_INTEGER_FISHER_PRODUCT_FINITE_POOL_V1,0.49125,0.9578125,0.46656249999999994,False
paired300,MIX_PLANAR,4.0,LEGACY_ABSOLUTE_MEDIAN_V1,EXACT_INTEGER_FISHER_PRODUCT_FINITE_POOL_V1,0.8934375,1.0,0.1065625,False
paired300,MIX_PLANAR,8.0,LEGACY_ABSOLUTE_MEDIAN_V1,EXACT_INTEGER_FISHER_PRODUCT_FINITE_POOL_V1,0.9928125,1.0,0.007187500000000013,False
paired300,MIX_GENERIC,0.25,LEGACY_ABSOLUTE_MEDIAN_V1,EXACT_INTEGER_FISHER_PRODUCT_FINITE_POOL_V1,0.0434375,0.0646875,0.021249999999999998,False
paired300,MIX_GENERIC,0.5,LEGACY_ABSOLUTE_MEDIAN_V1,EXACT_INTEGER_FISHER_PRODUCT_FINITE_POOL_V1,0.070625,0.0846875,0.014062500000000006,False
paired300,MIX_GENERIC,1.0,LEGACY_ABSOLUTE_MEDIAN_V1,EXACT_INTEGER_FISHER_PRODUCT_FINITE_POOL_V1,0.1465625,0.1634375,0.016875,False
paired300,MIX_GENERIC,2.0,LEGACY_ABSOLUTE_MEDIAN_V1,EXACT_INTEGER_FISHER_PRODUCT_FINITE_POOL_V1,0.396875,0.53375,0.13687499999999997,False
paired300,MIX_GENERIC,4.0,LEGACY_ABSOLUTE_MEDIAN_V1,EXACT_INTEGER_FISHER_PRODUCT_FINITE_POOL_V1,0.3446875,0.658125,0.3134375,False
paired300,MIX_GENERIC,8.0,LEGACY_ABSOLUTE_MEDIAN_V1,EXACT_INTEGER_FISHER_PRODUCT_FINITE_POOL_V1,0.259375,0.7228125,0.46343749999999995,False
paired300,Q_AXIAL,0.25,LOO_ECDF_MIDRANK_V1,MIN_LOCAL_P_V1,0.0,0.013125,0.013125,False
paired300,Q_AXIAL,0.5,LOO_ECDF_MIDRANK_V1,MIN_LOCAL_P_V1,0.0,0.010625,0.010625,False
paired300,Q_AXIAL,1.0,LOO_ECDF_MIDRANK_V1,MIN_LOCAL_P_V1,0.0,0.010625,0.010625,False
paired300,Q_AXIAL,2.0,LOO_ECDF_MIDRANK_V1,MIN_LOCAL_P_V1,0.0,0.01625,0.01625,False
paired300,Q_AXIAL,4.0,LOO_ECDF_MIDRANK_V1,MIN_LOCAL_P_V1,0.0,0.021875,0.021875,False
paired300,Q_AXIAL,8.0,LOO_ECDF_MIDRANK_V1,MIN_LOCAL_P_V1,0.0,0.0215625,0.0215625,False
paired300,O_PLANAR,0.25,LOO_ECDF_MIDRANK_V1,MIN_LOCAL_P_V1,0.0,0.0059375,0.0059375,False
paired300,O_PLANAR,0.5,LOO_ECDF_MIDRANK_V1,MIN_LOCAL_P_V1,0.0,0.0065625,0.0065625,False
paired300,O_PLANAR,1.0,LOO_ECDF_MIDRANK_V1,MIN_LOCAL_P_V1,0.0,0.011875,0.011875,False
paired300,O_PLANAR,2.0,LOO_ECDF_MIDRANK_V1,MIN_LOCAL_P_V1,0.0,0.0134375,0.0134375,False
paired300,O_PLANAR,4.0,LOO_ECDF_MIDRANK_V1,MIN_LOCAL_P_V1,0.0,0.011875,0.011875,False
paired300,O_PLANAR,8.0,LOO_ECDF_MIDRANK_V1,MIN_LOCAL_P_V1,0.0,0.0096875,0.0096875,False
paired300,MIX_AXIAL,0.25,LOO_ECDF_MIDRANK_V1,MIN_LOCAL_P_V1,0.0,0.0109375,0.0109375,False
paired300,MIX_AXIAL,0.5,LOO_ECDF_MIDRANK_V1,MIN_LOCAL_P_V1,0.0,0.015,0.015,False
paired300,MIX_AXIAL,1.0,LOO_ECDF_MIDRANK_V1,MIN_LOCAL_P_V1,0.0,0.0565625,0.0565625,False
paired300,MIX_AXIAL,2.0,LOO_ECDF_MIDRANK_V1,MIN_LOCAL_P_V1,0.0,0.435,0.435,False
paired300,MIX_AXIAL,4.0,LOO_ECDF_MIDRANK_V1,MIN_LOCAL_P_V1,0.0,0.995,0.995,False
paired300,MIX_AXIAL,8.0,LOO_ECDF_MIDRANK_V1,MIN_LOCAL_P_V1,0.0,1.0,1.0,False
paired300,MIX_PLANAR,0.25,LOO_ECDF_MIDRANK_V1,MIN_LOCAL_P_V1,0.0,0.006875,0.006875,False
paired300,MIX_PLANAR,0.5,LOO_ECDF_MIDRANK_V1,MIN_LOCAL_P_V1,0.0,0.0096875,0.0096875,False
paired300,MIX_PLANAR,1.0,LOO_ECDF_MIDRANK_V1,MIN_LOCAL_P_V1,0.0,0.0190625,0.0190625,False
paired300,MIX_PLANAR,2.0,LOO_ECDF_MIDRANK_V1,MIN_LOCAL_P_V1,0.0,0.083125,0.083125,False
paired300,MIX_PLANAR,4.0,LOO_ECDF_MIDRANK_V1,MIN_LOCAL_P_V1,0.0,0.2525,0.2525,False
paired300,MIX_PLANAR,8.0,LOO_ECDF_MIDRANK_V1,MIN_LOCAL_P_V1,0.0,0.410625,0.410625,False
paired300,MIX_GENERIC,0.25,LOO_ECDF_MIDRANK_V1,MIN_LOCAL_P_V1,0.0,0.01,0.01,False
paired300,MIX_GENERIC,0.5,LOO_ECDF_MIDRANK_V1,MIN_LOCAL_P_V1,0.0,0.0103125,0.0103125,False
paired300,MIX_GENERIC,1.0,LOO_ECDF_MIDRANK_V1,MIN_LOCAL_P_V1,0.0,0.0090625,0.0090625,False
paired300,MIX_GENERIC,2.0,LOO_ECDF_MIDRANK_V1,MIN_LOCAL_P_V1,0.0,0.0021875,0.0021875,False
paired300,MIX_GENERIC,4.0,LOO_ECDF_MIDRANK_V1,MIN_LOCAL_P_V1,0.0,0.0,0.0,False
paired300,MIX_GENERIC,8.0,LOO_ECDF_MIDRANK_V1,MIN_LOCAL_P_V1,0.0,0.0,0.0,False
paired300,Q_AXIAL,0.25,LOO_ECDF_MIDRANK_V1,EXACT_INTEGER_FISHER_PRODUCT_FINITE_POOL_V1,0.029375,0.073125,0.04375,False
paired300,Q_AXIAL,0.5,LOO_ECDF_MIDRANK_V1,EXACT_INTEGER_FISHER_PRODUCT_FINITE_POOL_V1,0.0628125,0.0665625,0.0037500000000000033,False
paired300,Q_AXIAL,1.0,LOO_ECDF_MIDRANK_V1,EXACT_INTEGER_FISHER_PRODUCT_FINITE_POOL_V1,0.2859375,0.1228125,-0.16312500000000002,False
paired300,Q_AXIAL,2.0,LOO_ECDF_MIDRANK_V1,EXACT_INTEGER_FISHER_PRODUCT_FINITE_POOL_V1,0.881875,0.2515625,-0.6303124999999999,False
paired300,Q_AXIAL,4.0,LOO_ECDF_MIDRANK_V1,EXACT_INTEGER_FISHER_PRODUCT_FINITE_POOL_V1,0.9978125,0.31625,-0.6815625000000001,False
paired300,Q_AXIAL,8.0,LOO_ECDF_MIDRANK_V1,EXACT_INTEGER_FISHER_PRODUCT_FINITE_POOL_V1,1.0,0.3571875,-0.6428125,False
paired300,O_PLANAR,0.25,LOO_ECDF_MIDRANK_V1,EXACT_INTEGER_FISHER_PRODUCT_FINITE_POOL_V1,0.036875,0.066875,0.030000000000000006,False
paired300,O_PLANAR,0.5,LOO_ECDF_MIDRANK_V1,EXACT_INTEGER_FISHER_PRODUCT_FINITE_POOL_V1,0.03875,0.0809375,0.042187499999999996,False
paired300,O_PLANAR,1.0,LOO_ECDF_MIDRANK_V1,EXACT_INTEGER_FISHER_PRODUCT_FINITE_POOL_V1,0.0478125,0.184375,0.1365625,False
paired300,O_PLANAR,2.0,LOO_ECDF_MIDRANK_V1,EXACT_INTEGER_FISHER_PRODUCT_FINITE_POOL_V1,0.155,0.2496875,0.09468750000000001,False
paired300,O_PLANAR,4.0,LOO_ECDF_MIDRANK_V1,EXACT_INTEGER_FISHER_PRODUCT_FINITE_POOL_V1,0.474375,0.2628125,-0.2115625,False
paired300,O_PLANAR,8.0,LOO_ECDF_MIDRANK_V1,EXACT_INTEGER_FISHER_PRODUCT_FINITE_POOL_V1,0.9503125,0.2671875,-0.683125,False
paired300,MIX_AXIAL,0.25,LOO_ECDF_MIDRANK_V1,EXACT_INTEGER_FISHER_PRODUCT_FINITE_POOL_V1,0.03375,0.06625,0.0325,False
paired300,MIX_AXIAL,0.5,LOO_ECDF_MIDRANK_V1,EXACT_INTEGER_FISHER_PRODUCT_FINITE_POOL_V1,0.0475,0.0796875,0.032187499999999994,False
paired300,MIX_AXIAL,1.0,LOO_ECDF_MIDRANK_V1,EXACT_INTEGER_FISHER_PRODUCT_FINITE_POOL_V1,0.090625,0.34125,0.250625,False
paired300,MIX_AXIAL,2.0,LOO_ECDF_MIDRANK_V1,EXACT_INTEGER_FISHER_PRODUCT_FINITE_POOL_V1,0.453125,0.9809375,0.5278125,False
paired300,MIX_AXIAL,4.0,LOO_ECDF_MIDRANK_V1,EXACT_INTEGER_FISHER_PRODUCT_FINITE_POOL_V1,0.9303125,1.0,0.06968750000000001,False
paired300,MIX_AXIAL,8.0,LOO_ECDF_MIDRANK_V1,EXACT_INTEGER_FISHER_PRODUCT_FINITE_POOL_V1,0.9996875,1.0,0.00031250000000004885,False
paired300,MIX_PLANAR,0.25,LOO_ECDF_MIDRANK_V1,EXACT_INTEGER_FISHER_PRODUCT_FINITE_POOL_V1,0.0315625,0.0578125,0.026250000000000002,False
paired300,MIX_PLANAR,0.5,LOO_ECDF_MIDRANK_V1,EXACT_INTEGER_FISHER_PRODUCT_FINITE_POOL_V1,0.0478125,0.0740625,0.026250000000000002,False
paired300,MIX_PLANAR,1.0,LOO_ECDF_MIDRANK_V1,EXACT_INTEGER_FISHER_PRODUCT_FINITE_POOL_V1,0.0778125,0.2434375,0.165625,False
paired300,MIX_PLANAR,2.0,LOO_ECDF_MIDRANK_V1,EXACT_INTEGER_FISHER_PRODUCT_FINITE_POOL_V1,0.410625,0.933125,0.5225,False
paired300,MIX_PLANAR,4.0,LOO_ECDF_MIDRANK_V1,EXACT_INTEGER_FISHER_PRODUCT_FINITE_POOL_V1,0.8721875,1.0,0.1278125,False
paired300,MIX_PLANAR,8.0,LOO_ECDF_MIDRANK_V1,EXACT_INTEGER_FISHER_PRODUCT_FINITE_POOL_V1,0.9928125,1.0,0.007187500000000013,False
paired300,MIX_GENERIC,0.25,LOO_ECDF_MIDRANK_V1,EXACT_INTEGER_FISHER_PRODUCT_FINITE_POOL_V1,0.0296875,0.0625,0.0328125,False
paired300,MIX_GENERIC,0.5,LOO_ECDF_MIDRANK_V1,EXACT_INTEGER_FISHER_PRODUCT_FINITE_POOL_V1,0.0475,0.07625,0.028749999999999998,False
paired300,MIX_GENERIC,1.0,LOO_ECDF_MIDRANK_V1,EXACT_INTEGER_FISHER_PRODUCT_FINITE_POOL_V1,0.08125,0.12,0.03874999999999999,False
paired300,MIX_GENERIC,2.0,LOO_ECDF_MIDRANK_V1,EXACT_INTEGER_FISHER_PRODUCT_FINITE_POOL_V1,0.28,0.3734375,0.09343749999999995,False
paired300,MIX_GENERIC,4.0,LOO_ECDF_MIDRANK_V1,EXACT_INTEGER_FISHER_PRODUCT_FINITE_POOL_V1,0.2684375,0.3903125,0.12187500000000001,False
paired300,MIX_GENERIC,8.0,LOO_ECDF_MIDRANK_V1,EXACT_INTEGER_FISHER_PRODUCT_FINITE_POOL_V1,0.19625,0.27,0.07375000000000001,False
cmbonly999,Q_AXIAL,0.25,LEGACY_ABSOLUTE_MEDIAN_V1,MIN_LOCAL_P_V1,0.03985450563204005,0.047324780976220275,0.007470275344180224,False
cmbonly999,Q_AXIAL,0.5,LEGACY_ABSOLUTE_MEDIAN_V1,MIN_LOCAL_P_V1,0.05510794743429286,0.050571026282853565,-0.004536921151439298,False
cmbonly999,Q_AXIAL,1.0,LEGACY_ABSOLUTE_MEDIAN_V1,MIN_LOCAL_P_V1,0.22391270337922403,0.13063204005006257,-0.09328066332916146,False
cmbonly999,Q_AXIAL,2.0,LEGACY_ABSOLUTE_MEDIAN_V1,MIN_LOCAL_P_V1,0.9508369837296621,0.9117255944931164,-0.03911138923654567,False
cmbonly999,Q_AXIAL,4.0,LEGACY_ABSOLUTE_MEDIAN_V1,MIN_LOCAL_P_V1,1.0,1.0,0.0,False
cmbonly999,Q_AXIAL,8.0,LEGACY_ABSOLUTE_MEDIAN_V1,MIN_LOCAL_P_V1,1.0,1.0,0.0,False
cmbonly999,O_PLANAR,0.25,LEGACY_ABSOLUTE_MEDIAN_V1,MIN_LOCAL_P_V1,0.027495306633291614,0.06073998748435545,0.03324468085106383,False
cmbonly999,O_PLANAR,0.5,LEGACY_ABSOLUTE_MEDIAN_V1,MIN_LOCAL_P_V1,0.028316645807259073,0.1309058197747184,0.10258917396745934,False
cmbonly999,O_PLANAR,1.0,LEGACY_ABSOLUTE_MEDIAN_V1,MIN_LOCAL_P_V1,0.02636107634543179,0.6388845431789737,0.6125234668335419,False
cmbonly999,O_PLANAR,2.0,LEGACY_ABSOLUTE_MEDIAN_V1,MIN_LOCAL_P_V1,0.04001095118898623,0.9999608886107635,0.9599499374217773,False
cmbonly999,O_PLANAR,4.0,LEGACY_ABSOLUTE_MEDIAN_V1,MIN_LOCAL_P_V1,0.14776282853566958,1.0,0.8522371714643304,False
cmbonly999,O_PLANAR,8.0,LEGACY_ABSOLUTE_MEDIAN_V1,MIN_LOCAL_P_V1,0.8216129536921152,1.0,0.17838704630788482,False
cmbonly999,MIX_AXIAL,0.25,LEGACY_ABSOLUTE_MEDIAN_V1,MIN_LOCAL_P_V1,0.03469180225281602,0.05029724655819775,0.01560544430538173,False
cmbonly999,MIX_AXIAL,0.5,LEGACY_ABSOLUTE_MEDIAN_V1,MIN_LOCAL_P_V1,0.03840738423028786,0.08659261576971214,0.04818523153942428,False
cmbonly999,MIX_AXIAL,1.0,LEGACY_ABSOLUTE_MEDIAN_V1,MIN_LOCAL_P_V1,0.0892130788485607,0.32509386733416773,0.23588078848560703,False
cmbonly999,MIX_AXIAL,2.0,LEGACY_ABSOLUTE_MEDIAN_V1,MIN_LOCAL_P_V1,0.6987640801001251,0.9867021276595744,0.2879380475594493,False
cmbonly999,MIX_AXIAL,4.0,LEGACY_ABSOLUTE_MEDIAN_V1,MIN_LOCAL_P_V1,1.0,1.0,0.0,False
cmbonly999,MIX_AXIAL,8.0,LEGACY_ABSOLUTE_MEDIAN_V1,MIN_LOCAL_P_V1,1.0,1.0,0.0,False
cmbonly999,MIX_PLANAR,0.25,LEGACY_ABSOLUTE_MEDIAN_V1,MIN_LOCAL_P_V1,0.03469180225281602,0.05096214017521902,0.016270337922403004,False
cmbonly999,MIX_PLANAR,0.5,LEGACY_ABSOLUTE_MEDIAN_V1,MIN_LOCAL_P_V1,0.03860294117647059,0.08217302878598248,0.04357008760951189,False
cmbonly999,MIX_PLANAR,1.0,LEGACY_ABSOLUTE_MEDIAN_V1,MIN_LOCAL_P_V1,0.08651439299123904,0.3149640175219024,0.22844962453066336,False
cmbonly999,MIX_PLANAR,2.0,LEGACY_ABSOLUTE_MEDIAN_V1,MIN_LOCAL_P_V1,0.6950093867334167,0.9829474342928661,0.2879380475594494,False
cmbonly999,MIX_PLANAR,4.0,LEGACY_ABSOLUTE_MEDIAN_V1,MIN_LOCAL_P_V1,0.9999608886107635,1.0,3.911138923651247e-05,False
cmbonly999,MIX_PLANAR,8.0,LEGACY_ABSOLUTE_MEDIAN_V1,MIN_LOCAL_P_V1,1.0,1.0,0.0,False
cmbonly999,MIX_GENERIC,0.25,LEGACY_ABSOLUTE_MEDIAN_V1,MIN_LOCAL_P_V1,0.03723404255319149,0.053230600750938675,0.015996558197747188,False
cmbonly999,MIX_GENERIC,0.5,LEGACY_ABSOLUTE_MEDIAN_V1,MIN_LOCAL_P_V1,0.040519399249061325,0.07900500625782228,0.038485607008760955,False
cmbonly999,MIX_GENERIC,1.0,LEGACY_ABSOLUTE_MEDIAN_V1,MIN_LOCAL_P_V1,0.09226376720901126,0.30326971214017523,0.21100594493116398,False
cmbonly999,MIX_GENERIC,2.0,LEGACY_ABSOLUTE_MEDIAN_V1,MIN_LOCAL_P_V1,0.7085419274092616,0.979857634543179,0.2713157071339174,False
cmbonly999,MIX_GENERIC,4.0,LEGACY_ABSOLUTE_MEDIAN_V1,MIN_LOCAL_P_V1,1.0,1.0,0.0,False
cmbonly999,MIX_GENERIC,8.0,LEGACY_ABSOLUTE_MEDIAN_V1,MIN_LOCAL_P_V1,1.0,1.0,0.0,False
cmbonly999,Q_AXIAL,0.25,LEGACY_ABSOLUTE_MEDIAN_V1,EXACT_INTEGER_FISHER_PRODUCT_FINITE_POOL_V1,0.06813204005006258,0.07309918648310389,0.004967146433041303,False
cmbonly999,Q_AXIAL,0.5,LEGACY_ABSOLUTE_MEDIAN_V1,EXACT_INTEGER_FISHER_PRODUCT_FINITE_POOL_V1,0.12566489361702127,0.0820165832290363,-0.04364831038798497,False
cmbonly999,Q_AXIAL,1.0,LEGACY_ABSOLUTE_MEDIAN_V1,EXACT_INTEGER_FISHER_PRODUCT_FINITE_POOL_V1,0.41692740926157695,0.13376095118898623,-0.2831664580725907,False
cmbonly999,Q_AXIAL,2.0,LEGACY_ABSOLUTE_MEDIAN_V1,EXACT_INTEGER_FISHER_PRODUCT_FINITE_POOL_V1,0.9654646433041302,0.26114674593241555,-0.7043178973717146,False
cmbonly999,Q_AXIAL,4.0,LEGACY_ABSOLUTE_MEDIAN_V1,EXACT_INTEGER_FISHER_PRODUCT_FINITE_POOL_V1,1.0,0.3069852941176471,-0.6930147058823529,False
cmbonly999,Q_AXIAL,8.0,LEGACY_ABSOLUTE_MEDIAN_V1,EXACT_INTEGER_FISHER_PRODUCT_FINITE_POOL_V1,1.0,0.33060857321652065,-0.6693914267834793,False
cmbonly999,O_PLANAR,0.25,LEGACY_ABSOLUTE_MEDIAN_V1,EXACT_INTEGER_FISHER_PRODUCT_FINITE_POOL_V1,0.04654255319148936,0.07763610763454318,0.03109355444305382,False
cmbonly999,O_PLANAR,0.5,LEGACY_ABSOLUTE_MEDIAN_V1,EXACT_INTEGER_FISHER_PRODUCT_FINITE_POOL_V1,0.045525657071339175,0.10047715894868586,0.05495150187734669,False
cmbonly999,O_PLANAR,1.0,LEGACY_ABSOLUTE_MEDIAN_V1,EXACT_INTEGER_FISHER_PRODUCT_FINITE_POOL_V1,0.04689455569461827,0.22403003754693368,0.17713548185231542,False
cmbonly999,O_PLANAR,2.0,LEGACY_ABSOLUTE_MEDIAN_V1,EXACT_INTEGER_FISHER_PRODUCT_FINITE_POOL_V1,0.13106226533166457,0.30710262828535667,0.1760403629536921,False
cmbonly999,O_PLANAR,4.0,LEGACY_ABSOLUTE_MEDIAN_V1,EXACT_INTEGER_FISHER_PRODUCT_FINITE_POOL_V1,0.3877503128911139,0.3160982478097622,-0.07165206508135169,False
cmbonly999,O_PLANAR,8.0,LEGACY_ABSOLUTE_MEDIAN_V1,EXACT_INTEGER_FISHER_PRODUCT_FINITE_POOL_V1,0.789346057571965,0.3201267209011264,-0.46921933667083854,False
cmbonly999,MIX_AXIAL,0.25,LEGACY_ABSOLUTE_MEDIAN_V1,EXACT_INTEGER_FISHER_PRODUCT_FINITE_POOL_V1,0.05921464330413016,0.0751720901126408,0.015957446808510634,False
cmbonly999,MIX_AXIAL,0.5,LEGACY_ABSOLUTE_MEDIAN_V1,EXACT_INTEGER_FISHER_PRODUCT_FINITE_POOL_V1,0.07704943679599499,0.1036842928660826,0.026634856070087615,False
cmbonly999,MIX_AXIAL,1.0,LEGACY_ABSOLUTE_MEDIAN_V1,EXACT_INTEGER_FISHER_PRODUCT_FINITE_POOL_V1,0.15910513141426783,0.38266583229036294,0.22356070087609511,False
cmbonly999,MIX_AXIAL,2.0,LEGACY_ABSOLUTE_MEDIAN_V1,EXACT_INTEGER_FISHER_PRODUCT_FINITE_POOL_V1,0.602784730913642,0.9833776595744681,0.38059292866082606,False
cmbonly999,MIX_AXIAL,4.0,LEGACY_ABSOLUTE_MEDIAN_V1,EXACT_INTEGER_FISHER_PRODUCT_FINITE_POOL_V1,0.9754771589486858,1.0,0.024522841051314193,False
cmbonly999,MIX_AXIAL,8.0,LEGACY_ABSOLUTE_MEDIAN_V1,EXACT_INTEGER_FISHER_PRODUCT_FINITE_POOL_V1,0.9998826658322904,1.0,0.00011733416770964844,False
cmbonly999,MIX_PLANAR,0.25,LEGACY_ABSOLUTE_MEDIAN_V1,EXACT_INTEGER_FISHER_PRODUCT_FINITE_POOL_V1,0.057180851063829786,0.07521120150187735,0.018030350438047564,False
cmbonly999,MIX_PLANAR,0.5,LEGACY_ABSOLUTE_MEDIAN_V1,EXACT_INTEGER_FISHER_PRODUCT_FINITE_POOL_V1,0.07955256570713391,0.09711357947434293,0.01756101376720902,False
cmbonly999,MIX_PLANAR,1.0,LEGACY_ABSOLUTE_MEDIAN_V1,EXACT_INTEGER_FISHER_PRODUCT_FINITE_POOL_V1,0.1444383604505632,0.31152221526908636,0.16708385481852314,False
cmbonly999,MIX_PLANAR,2.0,LEGACY_ABSOLUTE_MEDIAN_V1,EXACT_INTEGER_FISHER_PRODUCT_FINITE_POOL_V1,0.49413329161451813,0.9607321652065082,0.46659887359199004,False
cmbonly999,MIX_PLANAR,4.0,LEGACY_ABSOLUTE_MEDIAN_V1,EXACT_INTEGER_FISHER_PRODUCT_FINITE_POOL_V1,0.8857165206508135,1.0,0.11428347934918648,False
cmbonly999,MIX_PLANAR,8.0,LEGACY_ABSOLUTE_MEDIAN_V1,EXACT_INTEGER_FISHER_PRODUCT_FINITE_POOL_V1,0.9930772841051314,1.0,0.006922715894868592,False
cmbonly999,MIX_GENERIC,0.25,LEGACY_ABSOLUTE_MEDIAN_V1,EXACT_INTEGER_FISHER_PRODUCT_FINITE_POOL_V1,0.05784574468085106,0.07356852315394243,0.015722778473091364,False
cmbonly999,MIX_GENERIC,0.5,LEGACY_ABSOLUTE_MEDIAN_V1,EXACT_INTEGER_FISHER_PRODUCT_FINITE_POOL_V1,0.07751877346683354,0.08584949937421778,0.008330725907384234,False
cmbonly999,MIX_GENERIC,1.0,LEGACY_ABSOLUTE_MEDIAN_V1,EXACT_INTEGER_FISHER_PRODUCT_FINITE_POOL_V1,0.15691489361702127,0.16465894868585731,0.007744055068836048,False
cmbonly999,MIX_GENERIC,2.0,LEGACY_ABSOLUTE_MEDIAN_V1,EXACT_INTEGER_FISHER_PRODUCT_FINITE_POOL_V1,0.40218241551939926,0.523153942428035,0.12097152690863577,False
cmbonly999,MIX_GENERIC,4.0,LEGACY_ABSOLUTE_MEDIAN_V1,EXACT_INTEGER_FISHER_PRODUCT_FINITE_POOL_V1,0.3487953692115144,0.6500704005006258,0.30127503128911143,False
cmbonly999,MIX_GENERIC,8.0,LEGACY_ABSOLUTE_MEDIAN_V1,EXACT_INTEGER_FISHER_PRODUCT_FINITE_POOL_V1,0.26286764705882354,0.7227002503128911,0.45983260325406755,False
cmbonly999,Q_AXIAL,0.25,LOO_ECDF_MIDRANK_V1,MIN_LOCAL_P_V1,0.0,0.013923654568210262,0.013923654568210262,False
cmbonly999,Q_AXIAL,0.5,LOO_ECDF_MIDRANK_V1,MIN_LOCAL_P_V1,0.0,0.012085419274092615,0.012085419274092615,False
cmbonly999,Q_AXIAL,1.0,LOO_ECDF_MIDRANK_V1,MIN_LOCAL_P_V1,0.0,0.01177252816020025,0.01177252816020025,False
cmbonly999,Q_AXIAL,2.0,LOO_ECDF_MIDRANK_V1,MIN_LOCAL_P_V1,0.0,0.016387672090112642,0.016387672090112642,False
cmbonly999,Q_AXIAL,4.0,LOO_ECDF_MIDRANK_V1,MIN_LOCAL_P_V1,0.0,0.021511264080100127,0.021511264080100127,False
cmbonly999,Q_AXIAL,8.0,LOO_ECDF_MIDRANK_V1,MIN_LOCAL_P_V1,0.0,0.02319305381727159,0.02319305381727159,False
cmbonly999,O_PLANAR,0.25,LOO_ECDF_MIDRANK_V1,MIN_LOCAL_P_V1,0.0,0.012906758448060074,0.012906758448060074,False
cmbonly999,O_PLANAR,0.5,LOO_ECDF_MIDRANK_V1,MIN_LOCAL_P_V1,0.0,0.012085419274092615,0.012085419274092615,False
cmbonly999,O_PLANAR,1.0,LOO_ECDF_MIDRANK_V1,MIN_LOCAL_P_V1,0.0,0.011968085106382979,0.011968085106382979,False
cmbonly999,O_PLANAR,2.0,LOO_ECDF_MIDRANK_V1,MIN_LOCAL_P_V1,0.0,0.012359198998748435,0.012359198998748435,False
cmbonly999,O_PLANAR,4.0,LOO_ECDF_MIDRANK_V1,MIN_LOCAL_P_V1,0.0,0.012007196495619524,0.012007196495619524,False
cmbonly999,O_PLANAR,8.0,LOO_ECDF_MIDRANK_V1,MIN_LOCAL_P_V1,0.0,0.011185857321652065,0.011185857321652065,False
cmbonly999,MIX_AXIAL,0.25,LOO_ECDF_MIDRANK_V1,MIN_LOCAL_P_V1,0.0,0.013297872340425532,0.013297872340425532,False
cmbonly999,MIX_AXIAL,0.5,LOO_ECDF_MIDRANK_V1,MIN_LOCAL_P_V1,0.0,0.015605444305381726,0.015605444305381726,False
cmbonly999,MIX_AXIAL,1.0,LOO_ECDF_MIDRANK_V1,MIN_LOCAL_P_V1,0.0,0.057923967459324155,0.057923967459324155,False
cmbonly999,MIX_AXIAL,2.0,LOO_ECDF_MIDRANK_V1,MIN_LOCAL_P_V1,0.0,0.4356226533166458,0.4356226533166458,False
cmbonly999,MIX_AXIAL,4.0,LOO_ECDF_MIDRANK_V1,MIN_LOCAL_P_V1,0.0,0.9817349812265331,0.9817349812265331,False
cmbonly999,MIX_AXIAL,8.0,LOO_ECDF_MIDRANK_V1,MIN_LOCAL_P_V1,0.0,1.0,1.0,False
cmbonly999,MIX_PLANAR,0.25,LOO_ECDF_MIDRANK_V1,MIN_LOCAL_P_V1,0.0,0.012828535669586983,0.012828535669586983,False
cmbonly999,MIX_PLANAR,0.5,LOO_ECDF_MIDRANK_V1,MIN_LOCAL_P_V1,0.0,0.012906758448060074,0.012906758448060074,False
cmbonly999,MIX_PLANAR,1.0,LOO_ECDF_MIDRANK_V1,MIN_LOCAL_P_V1,0.0,0.023505944931163956,0.023505944931163956,False
cmbonly999,MIX_PLANAR,2.0,LOO_ECDF_MIDRANK_V1,MIN_LOCAL_P_V1,0.0,0.08252503128911139,0.08252503128911139,False
cmbonly999,MIX_PLANAR,4.0,LOO_ECDF_MIDRANK_V1,MIN_LOCAL_P_V1,0.0,0.25046933667083854,0.25046933667083854,False
cmbonly999,MIX_PLANAR,8.0,LOO_ECDF_MIDRANK_V1,MIN_LOCAL_P_V1,0.0,0.4111389236545682,0.4111389236545682,False
cmbonly999,MIX_GENERIC,0.25,LOO_ECDF_MIDRANK_V1,MIN_LOCAL_P_V1,0.0,0.013806320400500626,0.013806320400500626,False
cmbonly999,MIX_GENERIC,0.5,LOO_ECDF_MIDRANK_V1,MIN_LOCAL_P_V1,0.0,0.01005162703379224,0.01005162703379224,False
cmbonly999,MIX_GENERIC,1.0,LOO_ECDF_MIDRANK_V1,MIN_LOCAL_P_V1,0.0,0.008643617021276596,0.008643617021276596,False
cmbonly999,MIX_GENERIC,2.0,LOO_ECDF_MIDRANK_V1,MIN_LOCAL_P_V1,0.0,0.002346683354192741,0.002346683354192741,False
cmbonly999,MIX_GENERIC,4.0,LOO_ECDF_MIDRANK_V1,MIN_LOCAL_P_V1,0.0,3.911138923654568e-05,3.911138923654568e-05,False
cmbonly999,MIX_GENERIC,8.0,LOO_ECDF_MIDRANK_V1,MIN_LOCAL_P_V1,0.0,0.0,0.0,False
cmbonly999,Q_AXIAL,0.25,LOO_ECDF_MIDRANK_V1,EXACT_INTEGER_FISHER_PRODUCT_FINITE_POOL_V1,0.04458698372966208,0.07384230287859825,0.02925531914893617,False
cmbonly999,Q_AXIAL,0.5,LOO_ECDF_MIDRANK_V1,EXACT_INTEGER_FISHER_PRODUCT_FINITE_POOL_V1,0.07016583229036295,0.07818366708385482,0.008017834793491871,False
cmbonly999,Q_AXIAL,1.0,LOO_ECDF_MIDRANK_V1,EXACT_INTEGER_FISHER_PRODUCT_FINITE_POOL_V1,0.27452284105131414,0.12144086357947434,-0.1530819774718398,False
cmbonly999,Q_AXIAL,2.0,LOO_ECDF_MIDRANK_V1,EXACT_INTEGER_FISHER_PRODUCT_FINITE_POOL_V1,0.8883369837296621,0.24405506883604505,-0.644281914893617,False
cmbonly999,Q_AXIAL,4.0,LOO_ECDF_MIDRANK_V1,EXACT_INTEGER_FISHER_PRODUCT_FINITE_POOL_V1,0.9971057571964956,0.3089017521902378,-0.6882040050062579,False
cmbonly999,Q_AXIAL,8.0,LOO_ECDF_MIDRANK_V1,EXACT_INTEGER_FISHER_PRODUCT_FINITE_POOL_V1,1.0,0.35747809762202754,-0.6425219023779725,False
cmbonly999,O_PLANAR,0.25,LOO_ECDF_MIDRANK_V1,EXACT_INTEGER_FISHER_PRODUCT_FINITE_POOL_V1,0.03559136420525657,0.07579787234042554,0.04020650813516897,False
cmbonly999,O_PLANAR,0.5,LOO_ECDF_MIDRANK_V1,EXACT_INTEGER_FISHER_PRODUCT_FINITE_POOL_V1,0.0371558197747184,0.08913485607008761,0.051979036295369214,False
cmbonly999,O_PLANAR,1.0,LOO_ECDF_MIDRANK_V1,EXACT_INTEGER_FISHER_PRODUCT_FINITE_POOL_V1,0.044978097622027535,0.19164580725907385,0.1466677096370463,False
cmbonly999,O_PLANAR,2.0,LOO_ECDF_MIDRANK_V1,EXACT_INTEGER_FISHER_PRODUCT_FINITE_POOL_V1,0.15546777221526908,0.2643147684605757,0.10884699624530664,False
cmbonly999,O_PLANAR,4.0,LOO_ECDF_MIDRANK_V1,EXACT_INTEGER_FISHER_PRODUCT_FINITE_POOL_V1,0.48494211514392993,0.2731148310387985,-0.2118272841051314,False
cmbonly999,O_PLANAR,8.0,LOO_ECDF_MIDRANK_V1,EXACT_INTEGER_FISHER_PRODUCT_FINITE_POOL_V1,0.9500156445556946,0.27444461827284106,-0.6755710262828536,False
cmbonly999,MIX_AXIAL,0.25,LOO_ECDF_MIDRANK_V1,EXACT_INTEGER_FISHER_PRODUCT_FINITE_POOL_V1,0.04048028785982478,0.07438986232790988,0.0339095744680851,False
cmbonly999,MIX_AXIAL,0.5,LOO_ECDF_MIDRANK_V1,EXACT_INTEGER_FISHER_PRODUCT_FINITE_POOL_V1,0.047129224030037546,0.09449311639549436,0.047363892365456815,False
cmbonly999,MIX_AXIAL,1.0,LOO_ECDF_MIDRANK_V1,EXACT_INTEGER_FISHER_PRODUCT_FINITE_POOL_V1,0.09304599499374218,0.34441489361702127,0.2513688986232791,False
cmbonly999,MIX_AXIAL,2.0,LOO_ECDF_MIDRANK_V1,EXACT_INTEGER_FISHER_PRODUCT_FINITE_POOL_V1,0.44094180225281604,0.9768069461827285,0.5358651439299125,False
cmbonly999,MIX_AXIAL,4.0,LOO_ECDF_MIDRANK_V1,EXACT_INTEGER_FISHER_PRODUCT_FINITE_POOL_V1,0.9125469336670838,1.0,0.08745306633291616,False
cmbonly999,MIX_AXIAL,8.0,LOO_ECDF_MIDRANK_V1,EXACT_INTEGER_FISHER_PRODUCT_FINITE_POOL_V1,0.9994133291614519,1.0,0.0005866708385481312,False
cmbonly999,MIX_PLANAR,0.25,LOO_ECDF_MIDRANK_V1,EXACT_INTEGER_FISHER_PRODUCT_FINITE_POOL_V1,0.038720275344180224,0.07306007509386733,0.03433979974968711,False
cmbonly999,MIX_PLANAR,0.5,LOO_ECDF_MIDRANK_V1,EXACT_INTEGER_FISHER_PRODUCT_FINITE_POOL_V1,0.04869367959949938,0.08753128911138924,0.038837609511889866,False
cmbonly999,MIX_PLANAR,1.0,LOO_ECDF_MIDRANK_V1,EXACT_INTEGER_FISHER_PRODUCT_FINITE_POOL_V1,0.0837374843554443,0.25899561952440553,0.17525813516896122,False
cmbonly999,MIX_PLANAR,2.0,LOO_ECDF_MIDRANK_V1,EXACT_INTEGER_FISHER_PRODUCT_FINITE_POOL_V1,0.4051548811013767,0.9326892991239049,0.5275344180225281,False
cmbonly999,MIX_PLANAR,4.0,LOO_ECDF_MIDRANK_V1,EXACT_INTEGER_FISHER_PRODUCT_FINITE_POOL_V1,0.8559136420525657,1.0,0.1440863579474343,False
cmbonly999,MIX_PLANAR,8.0,LOO_ECDF_MIDRANK_V1,EXACT_INTEGER_FISHER_PRODUCT_FINITE_POOL_V1,0.9923732790988736,1.0,0.0076267209011263715,False
cmbonly999,MIX_GENERIC,0.25,LOO_ECDF_MIDRANK_V1,EXACT_INTEGER_FISHER_PRODUCT_FINITE_POOL_V1,0.03868116395494368,0.0725125156445557,0.03383135168961202,False
cmbonly999,MIX_GENERIC,0.5,LOO_ECDF_MIDRANK_V1,EXACT_INTEGER_FISHER_PRODUCT_FINITE_POOL_V1,0.04740300375469337,0.07626720901126408,0.028864205256570706,False
cmbonly999,MIX_GENERIC,1.0,LOO_ECDF_MIDRANK_V1,EXACT_INTEGER_FISHER_PRODUCT_FINITE_POOL_V1,0.092029098873592,0.12065863579474342,0.02862953692115143,False
cmbonly999,MIX_GENERIC,2.0,LOO_ECDF_MIDRANK_V1,EXACT_INTEGER_FISHER_PRODUCT_FINITE_POOL_V1,0.28125,0.3611545682102628,0.07990456821026282,False
cmbonly999,MIX_GENERIC,4.0,LOO_ECDF_MIDRANK_V1,EXACT_INTEGER_FISHER_PRODUCT_FINITE_POOL_V1,0.2728801627033792,0.37769868585732164,0.10481852315394241,False
cmbonly999,MIX_GENERIC,8.0,LOO_ECDF_MIDRANK_V1,EXACT_INTEGER_FISHER_PRODUCT_FINITE_POOL_V1,0.19907697121401752,0.2533244680851064,0.054247496871088874,False
