source_case_id,control_case_id,direction_id,source_cutoff,control_safety_factor,rank_status,low_rank,high_rank,surviving_rank,augmented_rank_increment,rank_identity_holds,containment_witness,surviving_frobenius_fraction,high_threshold,control_operator_norm,cutsky_operator_norm,control_to_cutsky_operator_ratio,analysis_content_id
WIDE_N16_IDENTITY,MATCHED_FULLSKY_FOR_WIDE_N16_IDENTITY,X,9,2.0,AMBIGUOUS,32,22,,,,,,0.06037431191167865,0.030187155955839325,26.204247124710733,0.001151994782073807,sha256:d17d080c09dd72573c1a5077a867ea80e02617d33260d4c27c82477ad6ba72bb
WIDE_N16_IDENTITY,MATCHED_FULLSKY_FOR_WIDE_N16_IDENTITY,X,9,5.0,AMBIGUOUS,32,16,,,,,,0.15093577977919662,0.030187155955839325,26.204247124710733,0.001151994782073807,sha256:fee57e52bb96ef98f36da0d6d599d1fd591d2deb539ed29b3b3bdd18d7dee798
WIDE_N16_IDENTITY,MATCHED_FULLSKY_FOR_WIDE_N16_IDENTITY,X,9,10.0,AMBIGUOUS,32,16,,,,,,0.30187155955839323,0.030187155955839325,26.204247124710733,0.001151994782073807,sha256:f65b68f2fa4da0da747482e07f30b5942b1f036bc6368af721a5e7e7ab1fe632
WIDE_N16_IDENTITY,MATCHED_FULLSKY_FOR_WIDE_N16_IDENTITY,Y,9,2.0,AMBIGUOUS,32,22,,,,,,0.06037431191167638,0.03018715595583819,26.204247124710747,0.001151994782073763,sha256:2d7a972a75417c343458ef84ba81a32d9ccdf76467cde82754e37600eb24ff48
WIDE_N16_IDENTITY,MATCHED_FULLSKY_FOR_WIDE_N16_IDENTITY,Y,9,5.0,AMBIGUOUS,32,16,,,,,,0.15093577977919095,0.03018715595583819,26.204247124710747,0.001151994782073763,sha256:76d904d46f7358cfbff6bca831c70f1f9bc3bd91cfc5036ac74083d461f3390b
WIDE_N16_IDENTITY,MATCHED_FULLSKY_FOR_WIDE_N16_IDENTITY,Y,9,10.0,AMBIGUOUS,32,16,,,,,,0.3018715595583819,0.03018715595583819,26.204247124710747,0.001151994782073763,sha256:a8ad5763e05d05423d7dd885dc2e307cb8a3cda592d45a185e6e3168ddce57a6
WIDE_N16_IDENTITY,MATCHED_FULLSKY_FOR_WIDE_N16_IDENTITY,Z,9,2.0,AMBIGUOUS,32,23,,,,,,0.009625187439886987,0.004812593719943493,57.354126861316495,8.391015578670473e-05,sha256:1564ff642a6b0dd104e9a68a03a1b690ee77710cb7ba6aa88ea8eb00f4b25926
WIDE_N16_IDENTITY,MATCHED_FULLSKY_FOR_WIDE_N16_IDENTITY,Z,9,5.0,RESOLVED,32,21,11,11,True,False,0.18127109460557095,0.024062968599717467,0.004812593719943493,57.354126861316495,8.391015578670473e-05,sha256:29c4d3f0eab0006cade4c555af9140e442048d2fa80d1ba6470091ee8c058cc2
WIDE_N16_IDENTITY,MATCHED_FULLSKY_FOR_WIDE_N16_IDENTITY,Z,9,10.0,AMBIGUOUS,32,21,,,,,,0.048125937199434934,0.004812593719943493,57.354126861316495,8.391015578670473e-05,sha256:61112a4d84999dbdf0c35b4b66d6e1dc4825804b7f5dc12399ea3f4823347728
WIDE_N16_IDENTITY,MATCHED_FULLSKY_FOR_WIDE_N16_IDENTITY,D111,9,2.0,AMBIGUOUS,32,24,,,,,,0.04967454397050188,0.02483727198525094,39.40646503654648,0.0006302841922566836,sha256:d20f5b4a9ccde8068a1c88a7db227b676d9fec9b828af137d17c03c762831b3a
WIDE_N16_IDENTITY,MATCHED_FULLSKY_FOR_WIDE_N16_IDENTITY,D111,9,5.0,AMBIGUOUS,32,16,,,,,,0.12418635992625471,0.02483727198525094,39.40646503654648,0.0006302841922566836,sha256:f1792ce0d095e76e7691b4692add99510d0e75f16ea82bf921c958b197a0cad5
WIDE_N16_IDENTITY,MATCHED_FULLSKY_FOR_WIDE_N16_IDENTITY,D111,9,10.0,AMBIGUOUS,32,16,,,,,,0.24837271985250942,0.02483727198525094,39.40646503654648,0.0006302841922566836,sha256:db29a387599819b752721688b70cf7a8a632461021ee96dc45caeb5dcce72c2c
WIDE_N16_IDENTITY,MATCHED_FULLSKY_FOR_WIDE_N16_IDENTITY,D1M11,9,2.0,AMBIGUOUS,32,24,,,,,,0.049674543970501875,0.024837271985250937,39.40646503654649,0.0006302841922566833,sha256:a808aeb40f93e4cbe01deb699e9d76427d1d6da0dbbfdca7946b50230e6df5e7
WIDE_N16_IDENTITY,MATCHED_FULLSKY_FOR_WIDE_N16_IDENTITY,D1M11,9,5.0,AMBIGUOUS,32,16,,,,,,0.12418635992625468,0.024837271985250937,39.40646503654649,0.0006302841922566833,sha256:05794052dccb67c9dfc3b8e258aa4963f16cb66127dc9da7cc4f777f918382c8
WIDE_N16_IDENTITY,MATCHED_FULLSKY_FOR_WIDE_N16_IDENTITY,D1M11,9,10.0,AMBIGUOUS,32,16,,,,,,0.24837271985250936,0.024837271985250937,39.40646503654649,0.0006302841922566833,sha256:048511c5ca967685778523ff2e9d4219db892b32362abd60a897cf7d82de1308
WIDE_N16_IDENTITY,MATCHED_FULLSKY_FOR_WIDE_N16_IDENTITY,D11M1,9,2.0,AMBIGUOUS,32,24,,,,,,0.0496745439705019,0.02483727198525095,39.40646503654649,0.0006302841922566836,sha256:456c94eb772e25f62b03da5b3f394f7c818f7e2bea09b14286b294b05dcac0d1
WIDE_N16_IDENTITY,MATCHED_FULLSKY_FOR_WIDE_N16_IDENTITY,D11M1,9,5.0,AMBIGUOUS,32,16,,,,,,0.12418635992625476,0.02483727198525095,39.40646503654649,0.0006302841922566836,sha256:fc74014226a42d2d9ad071586771b1ea13e348e4de1a2e7ff6698fe5706ece34
WIDE_N16_IDENTITY,MATCHED_FULLSKY_FOR_WIDE_N16_IDENTITY,D11M1,9,10.0,AMBIGUOUS,32,16,,,,,,0.24837271985250953,0.02483727198525095,39.40646503654649,0.0006302841922566836,sha256:1e381fb9693461768f56c6fba9a1a59ae6680b910a3a3030823e57f83a7fb37a
WIDE_N16_IDENTITY,MATCHED_FULLSKY_FOR_WIDE_N16_IDENTITY,X,12,2.0,AMBIGUOUS,32,20,,,,,,0.1117963063954571,0.05589815319772855,28.707669990403502,0.0019471504729019935,sha256:22992700a79bf87dda95e76f5982d77813ed451c1a1dfebc396620e5f425d1d5
WIDE_N16_IDENTITY,MATCHED_FULLSKY_FOR_WIDE_N16_IDENTITY,X,12,5.0,AMBIGUOUS,32,16,,,,,,0.27949076598864275,0.05589815319772855,28.707669990403502,0.0019471504729019935,sha256:d6c06d25cf46c84e432279ecea2d5df33a84bce8b0604f5bcdead82adb293161
WIDE_N16_IDENTITY,MATCHED_FULLSKY_FOR_WIDE_N16_IDENTITY,X,12,10.0,AMBIGUOUS,32,14,,,,,,0.5589815319772855,0.05589815319772855,28.707669990403502,0.0019471504729019935,sha256:91f6455ff38220cfc5e8fc3cddc99fb739f9097220d82fb21e6c326e61ac9e77
WIDE_N16_IDENTITY,MATCHED_FULLSKY_FOR_WIDE_N16_IDENTITY,Y,12,2.0,AMBIGUOUS,32,20,,,,,,0.11179630639545941,0.05589815319772971,28.70766999040349,0.0019471504729020345,sha256:74559c568ed2a2379bc84ec7368b48e16afe19a3f4f9b391ec8e539925e2e7a3
WIDE_N16_IDENTITY,MATCHED_FULLSKY_FOR_WIDE_N16_IDENTITY,Y,12,5.0,AMBIGUOUS,32,16,,,,,,0.2794907659886485,0.05589815319772971,28.70766999040349,0.0019471504729020345,sha256:93bf107d493540f43088a25c94d351d24071af498c9bcf992f6eed5bb3fd2fcb
WIDE_N16_IDENTITY,MATCHED_FULLSKY_FOR_WIDE_N16_IDENTITY,Y,12,10.0,AMBIGUOUS,32,14,,,,,,0.558981531977297,0.05589815319772971,28.70766999040349,0.0019471504729020345,sha256:5de2eb311a0b5695cf887ee8856aa565f89be89f5c3a5343fb4927a36772962c
WIDE_N16_IDENTITY,MATCHED_FULLSKY_FOR_WIDE_N16_IDENTITY,Z,12,2.0,AMBIGUOUS,32,28,,,,,,0.014043079009934206,0.007021539504967103,58.60370464491878,0.00011981391871914541,sha256:b8c907818034c595b775d4c9b178a16b282a595e52a9394548de410935fbc8ce
WIDE_N16_IDENTITY,MATCHED_FULLSKY_FOR_WIDE_N16_IDENTITY,Z,12,5.0,AMBIGUOUS,32,26,,,,,,0.035107697524835516,0.007021539504967103,58.60370464491878,0.00011981391871914541,sha256:64db987b5845095cf450c9fd123db96e74c73762e863bd399ef93c8dbc0db6c0
WIDE_N16_IDENTITY,MATCHED_FULLSKY_FOR_WIDE_N16_IDENTITY,Z,12,10.0,AMBIGUOUS,32,24,,,,,,0.07021539504967103,0.007021539504967103,58.60370464491878,0.00011981391871914541,sha256:20a4ae82f6ee93848d99779bda87cb3bf08a222eddf12045ee9cb7902cd386de
WIDE_N16_IDENTITY,MATCHED_FULLSKY_FOR_WIDE_N16_IDENTITY,D111,12,2.0,AMBIGUOUS,32,20,,,,,,0.09167036253310608,0.04583518126655304,41.16460992307608,0.0011134608429960787,sha256:c1842a866d4e27b39aedcc6e493b6f74b6ec3297e47e124b86ad4486c7f2d60f
WIDE_N16_IDENTITY,MATCHED_FULLSKY_FOR_WIDE_N16_IDENTITY,D111,12,5.0,AMBIGUOUS,32,16,,,,,,0.2291759063327652,0.04583518126655304,41.16460992307608,0.0011134608429960787,sha256:95ca6db57671d6aa9f7d05d2b2f204af67394f9f5bdfa2f6c4f5a39f57d111e7
WIDE_N16_IDENTITY,MATCHED_FULLSKY_FOR_WIDE_N16_IDENTITY,D111,12,10.0,AMBIGUOUS,32,14,,,,,,0.4583518126655304,0.04583518126655304,41.16460992307608,0.0011134608429960787,sha256:211eb628d86cc17ec00d5cbf4896842f620fc8eb589c541afa249716869f75b1
WIDE_N16_IDENTITY,MATCHED_FULLSKY_FOR_WIDE_N16_IDENTITY,D1M11,12,2.0,AMBIGUOUS,32,20,,,,,,0.09167036253310584,0.04583518126655292,41.164609923076085,0.0011134608429960757,sha256:d8e6956506095abccbc53d873e43c473469c46b075f7a0b0b7e2248999f09a8b
WIDE_N16_IDENTITY,MATCHED_FULLSKY_FOR_WIDE_N16_IDENTITY,D1M11,12,5.0,AMBIGUOUS,32,16,,,,,,0.2291759063327646,0.04583518126655292,41.164609923076085,0.0011134608429960757,sha256:130debfdd2d79231ce0b24506ea8823e19fabec63c2ad4f189c50e76860b8cc1
WIDE_N16_IDENTITY,MATCHED_FULLSKY_FOR_WIDE_N16_IDENTITY,D1M11,12,10.0,AMBIGUOUS,32,14,,,,,,0.4583518126655292,0.04583518126655292,41.164609923076085,0.0011134608429960757,sha256:97e0d097cbd58f1c42e6a00cf058f1164ff73c52958e3e25a43f9eadd3a926b5
WIDE_N16_IDENTITY,MATCHED_FULLSKY_FOR_WIDE_N16_IDENTITY,D11M1,12,2.0,AMBIGUOUS,32,20,,,,,,0.09167036253310604,0.04583518126655302,41.164609923076085,0.001113460842996078,sha256:04aff5f96b923dae2a16af708b1a0c0a4221d13d055c409809188c8b57c983d9
WIDE_N16_IDENTITY,MATCHED_FULLSKY_FOR_WIDE_N16_IDENTITY,D11M1,12,5.0,AMBIGUOUS,32,16,,,,,,0.22917590633276508,0.04583518126655302,41.164609923076085,0.001113460842996078,sha256:b33c42f517767deef56f3f47de76073646e4edf816da393941fb53e34197a048
WIDE_N16_IDENTITY,MATCHED_FULLSKY_FOR_WIDE_N16_IDENTITY,D11M1,12,10.0,AMBIGUOUS,32,14,,,,,,0.45835181266553016,0.04583518126655302,41.164609923076085,0.001113460842996078,sha256:61b2c0c7eff29fd5c30663a1d1410861bc4a560b151fafdf08f53fafece68ee0
WIDE_N16_IDENTITY,MATCHED_FULLSKY_FOR_WIDE_N16_IDENTITY,X,16,2.0,AMBIGUOUS,32,17,,,,,,0.2024261252809503,0.10121306264047515,29.627463143329223,0.0034161906522618963,sha256:6b5fe57aa1cede30bf02fbf68cd35c6d63934157e7b2393bf042f75ab769e7eb
WIDE_N16_IDENTITY,MATCHED_FULLSKY_FOR_WIDE_N16_IDENTITY,X,16,5.0,AMBIGUOUS,32,16,,,,,,0.5060653132023758,0.10121306264047515,29.627463143329223,0.0034161906522618963,sha256:e710c6ac39c5fa8ec9c9472a03574a4d2a1afc06450569cd32107a4f03901142
WIDE_N16_IDENTITY,MATCHED_FULLSKY_FOR_WIDE_N16_IDENTITY,X,16,10.0,AMBIGUOUS,32,13,,,,,,1.0121306264047516,0.10121306264047515,29.627463143329223,0.0034161906522618963,sha256:c3c6185a4d7facb0cbbec609346c514eda9150264cb14e16caf4a7abb3d560e6
WIDE_N16_IDENTITY,MATCHED_FULLSKY_FOR_WIDE_N16_IDENTITY,Y,16,2.0,AMBIGUOUS,32,17,,,,,,0.20242612528095272,0.10121306264047636,29.627463143329216,0.003416190652261938,sha256:2a7eb2fa48924bed6da581fed4b951bedc777797e316d6ebcecc477901c52226
WIDE_N16_IDENTITY,MATCHED_FULLSKY_FOR_WIDE_N16_IDENTITY,Y,16,5.0,AMBIGUOUS,32,16,,,,,,0.5060653132023818,0.10121306264047636,29.627463143329216,0.003416190652261938,sha256:f19802359e3a375cecb12e08182af6ee1983ae7e4eb422a5399b369037393c5e
WIDE_N16_IDENTITY,MATCHED_FULLSKY_FOR_WIDE_N16_IDENTITY,Y,16,10.0,AMBIGUOUS,32,13,,,,,,1.0121306264047636,0.10121306264047636,29.627463143329216,0.003416190652261938,sha256:3f13a595112706a28c4cdcb4f60c583567d944aa1b17d7c33b17d8236cdb7f75
WIDE_N16_IDENTITY,MATCHED_FULLSKY_FOR_WIDE_N16_IDENTITY,Z,16,2.0,AMBIGUOUS,32,28,,,,,,0.023743476390155793,0.011871738195077896,59.488101830824284,0.00019956491852504278,sha256:1b0f060ed78370316e8031924053316e67eb7a23ff351d7bbc893091722609c5
WIDE_N16_IDENTITY,MATCHED_FULLSKY_FOR_WIDE_N16_IDENTITY,Z,16,5.0,AMBIGUOUS,32,26,,,,,,0.05935869097538948,0.011871738195077896,59.488101830824284,0.00019956491852504278,sha256:7339c97d44f0da21c5bf3ba51113613a4ec0063b9fe1f89c48fc41dab761d246
WIDE_N16_IDENTITY,MATCHED_FULLSKY_FOR_WIDE_N16_IDENTITY,Z,16,10.0,AMBIGUOUS,32,17,,,,,,0.11871738195077897,0.011871738195077896,59.488101830824284,0.00019956491852504278,sha256:2a5a125c9d54c5bc1707e1596ac4fea8a0e8583a085189346efc8b78601a96e9
WIDE_N16_IDENTITY,MATCHED_FULLSKY_FOR_WIDE_N16_IDENTITY,D111,16,2.0,AMBIGUOUS,32,17,,,,,,0.16587150608244883,0.08293575304122441,42.027857759787196,0.0019733519018563547,sha256:2be55e6bd9cdbad592b22ce7bce3658b87a241c02415445b0ac0695d63cc32ac
WIDE_N16_IDENTITY,MATCHED_FULLSKY_FOR_WIDE_N16_IDENTITY,D111,16,5.0,AMBIGUOUS,32,16,,,,,,0.41467876520612207,0.08293575304122441,42.027857759787196,0.0019733519018563547,sha256:f3461a7e2caadb3b9f9d9647bfab4fecb398b2204ccd31cdd2d2246dbd24b324
WIDE_N16_IDENTITY,MATCHED_FULLSKY_FOR_WIDE_N16_IDENTITY,D111,16,10.0,AMBIGUOUS,32,14,,,,,,0.8293575304122441,0.08293575304122441,42.027857759787196,0.0019733519018563547,sha256:a45425b8a10236d0142498818768b7f07f5ff06f526cad8d63df48c0b04949d3
WIDE_N16_IDENTITY,MATCHED_FULLSKY_FOR_WIDE_N16_IDENTITY,D1M11,16,2.0,AMBIGUOUS,32,17,,,,,,0.16587150608244877,0.08293575304122439,42.0278577597872,0.0019733519018563534,sha256:97d3f05b2cca7db229bd25040200032159b6f2719d6bac01c875b350022f60bd
WIDE_N16_IDENTITY,MATCHED_FULLSKY_FOR_WIDE_N16_IDENTITY,D1M11,16,5.0,AMBIGUOUS,32,16,,,,,,0.4146787652061219,0.08293575304122439,42.0278577597872,0.0019733519018563534,sha256:5fd815bbf98df4b9869571e1f2db159ab926ad26e296c2663ea87d0b25d13004
WIDE_N16_IDENTITY,MATCHED_FULLSKY_FOR_WIDE_N16_IDENTITY,D1M11,16,10.0,AMBIGUOUS,32,14,,,,,,0.8293575304122438,0.08293575304122439,42.0278577597872,0.0019733519018563534,sha256:5551081c28da6b2df71f1c45f01018167ef60bd99f304c9813f2993ddba6e087
WIDE_N16_IDENTITY,MATCHED_FULLSKY_FOR_WIDE_N16_IDENTITY,D11M1,16,2.0,AMBIGUOUS,32,17,,,,,,0.16587150608244877,0.08293575304122439,42.02785775978718,0.0019733519018563547,sha256:b37fd0facd7029a35ecc014573e415faa9d03a6ff71b9befbb8dff0d8c2a4bf0
WIDE_N16_IDENTITY,MATCHED_FULLSKY_FOR_WIDE_N16_IDENTITY,D11M1,16,5.0,AMBIGUOUS,32,16,,,,,,0.4146787652061219,0.08293575304122439,42.02785775978718,0.0019733519018563547,sha256:9c88e344397d20e7baaee4a75cb2fc37ae7e2854231ebf6173335b070aa11a1c
WIDE_N16_IDENTITY,MATCHED_FULLSKY_FOR_WIDE_N16_IDENTITY,D11M1,16,10.0,AMBIGUOUS,32,14,,,,,,0.8293575304122438,0.08293575304122439,42.02785775978718,0.0019733519018563547,sha256:2b80762af8f15d2ff3db288cd68cff200470da93586dd25c1705cbe1ffea9f83
