amplitude,mask,inverse_F_residual,inverse_B_bias,direct_B_bias,direct_T_rms_residual,model_validated
0,full,4.593843539356073e-16,4.075012772050085e-16,1.3860972486817703e-16,2.5837806366656916e-16,False
0,cut,5.154532193328967e-16,2.6205307809249186e-16,2.6194468089792913e-16,3.2543529782873045e-16,False
0.003,full,0.002635656155933971,0.0005370297535184638,0.0008656764396117796,0.0012420654166419491,False
0.003,cut,0.0027656799663958124,0.0005025647426516805,0.0010354980547415578,0.0013036811804973242,False
0.01,full,0.008789317034798369,0.0018146947631555214,0.002892324609139588,0.004139516816877109,False
0.01,cut,0.009221685228859472,0.001725883602130847,0.0034707815734919714,0.004344000680581335,False
0.03,full,0.02639983241316086,0.005667332274007917,0.008744787907274579,0.012411767617902558,False
0.03,cut,0.0276858383526743,0.005620216092305571,0.010598328468830319,0.013016510412303593,False
0.1,full,0.08834500602035811,0.021950475561681736,0.030318488560770622,0.04126344796819386,False
0.1,cut,0.0924173889570007,0.024243511911258425,0.03825883389039852,0.04314061770650688,False
