absent_feature_ids,krylov_plane_status,krylov_rank,mixed_vector_status,primary_family_disposition,q_spectrum_status,row_id,row_index
[],AVAILABLE,3,AVAILABLE,COMPLETE,SIMPLE,PLANCK-PR3-SMICA-OBSERVED,0
[],AVAILABLE,3,AVAILABLE,COMPLETE,SIMPLE,FFP10-SMICA-CMBNOISE-00000,1
[],AVAILABLE,3,AVAILABLE,COMPLETE,SIMPLE,FFP10-SMICA-CMBNOISE-00001,2
[],AVAILABLE,3,AVAILABLE,COMPLETE,SIMPLE,FFP10-SMICA-CMBNOISE-00002,3
[],AVAILABLE,3,AVAILABLE,COMPLETE,SIMPLE,FFP10-SMICA-CMBNOISE-00003,4
[],AVAILABLE,3,AVAILABLE,COMPLETE,SIMPLE,FFP10-SMICA-CMBNOISE-00004,5
[],AVAILABLE,3,AVAILABLE,COMPLETE,SIMPLE,FFP10-SMICA-CMBNOISE-00005,6
[],AVAILABLE,3,AVAILABLE,COMPLETE,SIMPLE,FFP10-SMICA-CMBNOISE-00006,7
[],AVAILABLE,3,AVAILABLE,COMPLETE,SIMPLE,FFP10-SMICA-CMBNOISE-00007,8
[],AVAILABLE,3,AVAILABLE,COMPLETE,SIMPLE,FFP10-SMICA-CMBNOISE-00008,9
[],AVAILABLE,3,AVAILABLE,COMPLETE,SIMPLE,FFP10-SMICA-CMBNOISE-00009,10
[],AVAILABLE,3,AVAILABLE,COMPLETE,SIMPLE,FFP10-SMICA-CMBNOISE-00010,11
[],AVAILABLE,3,AVAILABLE,COMPLETE,SIMPLE,FFP10-SMICA-CMBNOISE-00011,12
[],AVAILABLE,3,AVAILABLE,COMPLETE,SIMPLE,FFP10-SMICA-CMBNOISE-00012,13
[],AVAILABLE,3,AVAILABLE,COMPLETE,SIMPLE,FFP10-SMICA-CMBNOISE-00013,14
[],AVAILABLE,3,AVAILABLE,COMPLETE,SIMPLE,FFP10-SMICA-CMBNOISE-00014,15
[],AVAILABLE,3,AVAILABLE,COMPLETE,SIMPLE,FFP10-SMICA-CMBNOISE-00015,16
[],AVAILABLE,3,AVAILABLE,COMPLETE,SIMPLE,FFP10-SMICA-CMBNOISE-00016,17
[],AVAILABLE,3,AVAILABLE,COMPLETE,SIMPLE,FFP10-SMICA-CMBNOISE-00017,18
[],AVAILABLE,3,AVAILABLE,COMPLETE,SIMPLE,FFP10-SMICA-CMBNOISE-00018,19
[],AVAILABLE,3,AVAILABLE,COMPLETE,SIMPLE,FFP10-SMICA-CMBNOISE-00019,20
[],AVAILABLE,3,AVAILABLE,COMPLETE,SIMPLE,FFP10-SMICA-CMBNOISE-00020,21
[],AVAILABLE,3,AVAILABLE,COMPLETE,SIMPLE,FFP10-SMICA-CMBNOISE-00021,22
[],AVAILABLE,3,AVAILABLE,COMPLETE,SIMPLE,FFP10-SMICA-CMBNOISE-00022,23
[],AVAILABLE,3,AVAILABLE,COMPLETE,SIMPLE,FFP10-SMICA-CMBNOISE-00023,24
[],AVAILABLE,3,AVAILABLE,COMPLETE,SIMPLE,FFP10-SMICA-CMBNOISE-00024,25
[],AVAILABLE,3,AVAILABLE,COMPLETE,SIMPLE,FFP10-SMICA-CMBNOISE-00025,26
[],AVAILABLE,3,AVAILABLE,COMPLETE,SIMPLE,FFP10-SMICA-CMBNOISE-00026,27
[],AVAILABLE,3,AVAILABLE,COMPLETE,SIMPLE,FFP10-SMICA-CMBNOISE-00027,28
[],AVAILABLE,3,AVAILABLE,COMPLETE,SIMPLE,FFP10-SMICA-CMBNOISE-00028,29
[],AVAILABLE,3,AVAILABLE,COMPLETE,SIMPLE,FFP10-SMICA-CMBNOISE-00029,30
[],AVAILABLE,3,AVAILABLE,COMPLETE,SIMPLE,FFP10-SMICA-CMBNOISE-00030,31
[],AVAILABLE,3,AVAILABLE,COMPLETE,SIMPLE,FFP10-SMICA-CMBNOISE-00031,32
[],AVAILABLE,3,AVAILABLE,COMPLETE,SIMPLE,FFP10-SMICA-CMBNOISE-00032,33
[],AVAILABLE,3,AVAILABLE,COMPLETE,SIMPLE,FFP10-SMICA-CMBNOISE-00033,34
[],AVAILABLE,3,AVAILABLE,COMPLETE,SIMPLE,FFP10-SMICA-CMBNOISE-00034,35
[],AVAILABLE,3,AVAILABLE,COMPLETE,SIMPLE,FFP10-SMICA-CMBNOISE-00035,36
[],AVAILABLE,3,AVAILABLE,COMPLETE,SIMPLE,FFP10-SMICA-CMBNOISE-00036,37
[],AVAILABLE,3,AVAILABLE,COMPLETE,SIMPLE,FFP10-SMICA-CMBNOISE-00037,38
[],AVAILABLE,3,AVAILABLE,COMPLETE,SIMPLE,FFP10-SMICA-CMBNOISE-00038,39
[],AVAILABLE,3,AVAILABLE,COMPLETE,SIMPLE,FFP10-SMICA-CMBNOISE-00039,40
[],AVAILABLE,3,AVAILABLE,COMPLETE,SIMPLE,FFP10-SMICA-CMBNOISE-00040,41
[],AVAILABLE,3,AVAILABLE,COMPLETE,SIMPLE,FFP10-SMICA-CMBNOISE-00041,42
[],AVAILABLE,3,AVAILABLE,COMPLETE,SIMPLE,FFP10-SMICA-CMBNOISE-00042,43
[],AVAILABLE,3,AVAILABLE,COMPLETE,SIMPLE,FFP10-SMICA-CMBNOISE-00043,44
[],AVAILABLE,3,AVAILABLE,COMPLETE,SIMPLE,FFP10-SMICA-CMBNOISE-00044,45
[],AVAILABLE,3,AVAILABLE,COMPLETE,SIMPLE,FFP10-SMICA-CMBNOISE-00045,46
[],AVAILABLE,3,AVAILABLE,COMPLETE,SIMPLE,FFP10-SMICA-CMBNOISE-00046,47
[],AVAILABLE,3,AVAILABLE,COMPLETE,SIMPLE,FFP10-SMICA-CMBNOISE-00047,48
[],AVAILABLE,3,AVAILABLE,COMPLETE,SIMPLE,FFP10-SMICA-CMBNOISE-00048,49
[],AVAILABLE,3,AVAILABLE,COMPLETE,SIMPLE,FFP10-SMICA-CMBNOISE-00049,50
[],AVAILABLE,3,AVAILABLE,COMPLETE,SIMPLE,FFP10-SMICA-CMBNOISE-00050,51
[],AVAILABLE,3,AVAILABLE,COMPLETE,SIMPLE,FFP10-SMICA-CMBNOISE-00051,52
[],AVAILABLE,3,AVAILABLE,COMPLETE,SIMPLE,FFP10-SMICA-CMBNOISE-00052,53
[],AVAILABLE,3,AVAILABLE,COMPLETE,SIMPLE,FFP10-SMICA-CMBNOISE-00053,54
[],AVAILABLE,3,AVAILABLE,COMPLETE,SIMPLE,FFP10-SMICA-CMBNOISE-00054,55
[],AVAILABLE,3,AVAILABLE,COMPLETE,SIMPLE,FFP10-SMICA-CMBNOISE-00055,56
[],AVAILABLE,3,AVAILABLE,COMPLETE,SIMPLE,FFP10-SMICA-CMBNOISE-00056,57
[],AVAILABLE,3,AVAILABLE,COMPLETE,SIMPLE,FFP10-SMICA-CMBNOISE-00057,58
[],AVAILABLE,3,AVAILABLE,COMPLETE,SIMPLE,FFP10-SMICA-CMBNOISE-00058,59
[],AVAILABLE,3,AVAILABLE,COMPLETE,SIMPLE,FFP10-SMICA-CMBNOISE-00059,60
[],AVAILABLE,3,AVAILABLE,COMPLETE,SIMPLE,FFP10-SMICA-CMBNOISE-00060,61
[],AVAILABLE,3,AVAILABLE,COMPLETE,SIMPLE,FFP10-SMICA-CMBNOISE-00061,62
[],AVAILABLE,3,AVAILABLE,COMPLETE,SIMPLE,FFP10-SMICA-CMBNOISE-00062,63
[],AVAILABLE,3,AVAILABLE,COMPLETE,SIMPLE,FFP10-SMICA-CMBNOISE-00063,64
[],AVAILABLE,3,AVAILABLE,COMPLETE,SIMPLE,FFP10-SMICA-CMBNOISE-00064,65
[],AVAILABLE,3,AVAILABLE,COMPLETE,SIMPLE,FFP10-SMICA-CMBNOISE-00065,66
[],AVAILABLE,3,AVAILABLE,COMPLETE,SIMPLE,FFP10-SMICA-CMBNOISE-00066,67
[],AVAILABLE,3,AVAILABLE,COMPLETE,SIMPLE,FFP10-SMICA-CMBNOISE-00067,68
[],AVAILABLE,3,AVAILABLE,COMPLETE,SIMPLE,FFP10-SMICA-CMBNOISE-00068,69
[],AVAILABLE,3,AVAILABLE,COMPLETE,SIMPLE,FFP10-SMICA-CMBNOISE-00069,70
[],AVAILABLE,3,AVAILABLE,COMPLETE,SIMPLE,FFP10-SMICA-CMBNOISE-00070,71
[],AVAILABLE,3,AVAILABLE,COMPLETE,SIMPLE,FFP10-SMICA-CMBNOISE-00071,72
[],AVAILABLE,3,AVAILABLE,COMPLETE,SIMPLE,FFP10-SMICA-CMBNOISE-00072,73
[],AVAILABLE,3,AVAILABLE,COMPLETE,SIMPLE,FFP10-SMICA-CMBNOISE-00073,74
[],AVAILABLE,3,AVAILABLE,COMPLETE,SIMPLE,FFP10-SMICA-CMBNOISE-00074,75
[],AVAILABLE,3,AVAILABLE,COMPLETE,SIMPLE,FFP10-SMICA-CMBNOISE-00075,76
[],AVAILABLE,3,AVAILABLE,COMPLETE,SIMPLE,FFP10-SMICA-CMBNOISE-00076,77
[],AVAILABLE,3,AVAILABLE,COMPLETE,SIMPLE,FFP10-SMICA-CMBNOISE-00077,78
[],AVAILABLE,3,AVAILABLE,COMPLETE,SIMPLE,FFP10-SMICA-CMBNOISE-00078,79
[],AVAILABLE,3,AVAILABLE,COMPLETE,SIMPLE,FFP10-SMICA-CMBNOISE-00079,80
[],AVAILABLE,3,AVAILABLE,COMPLETE,SIMPLE,FFP10-SMICA-CMBNOISE-00080,81
[],AVAILABLE,3,AVAILABLE,COMPLETE,SIMPLE,FFP10-SMICA-CMBNOISE-00081,82
[],AVAILABLE,3,AVAILABLE,COMPLETE,SIMPLE,FFP10-SMICA-CMBNOISE-00082,83
[],AVAILABLE,3,AVAILABLE,COMPLETE,SIMPLE,FFP10-SMICA-CMBNOISE-00083,84
[],AVAILABLE,3,AVAILABLE,COMPLETE,SIMPLE,FFP10-SMICA-CMBNOISE-00084,85
[],AVAILABLE,3,AVAILABLE,COMPLETE,SIMPLE,FFP10-SMICA-CMBNOISE-00085,86
[],AVAILABLE,3,AVAILABLE,COMPLETE,SIMPLE,FFP10-SMICA-CMBNOISE-00086,87
[],AVAILABLE,3,AVAILABLE,COMPLETE,SIMPLE,FFP10-SMICA-CMBNOISE-00087,88
[],AVAILABLE,3,AVAILABLE,COMPLETE,SIMPLE,FFP10-SMICA-CMBNOISE-00088,89
[],AVAILABLE,3,AVAILABLE,COMPLETE,SIMPLE,FFP10-SMICA-CMBNOISE-00089,90
[],AVAILABLE,3,AVAILABLE,COMPLETE,SIMPLE,FFP10-SMICA-CMBNOISE-00090,91
[],AVAILABLE,3,AVAILABLE,COMPLETE,SIMPLE,FFP10-SMICA-CMBNOISE-00091,92
[],AVAILABLE,3,AVAILABLE,COMPLETE,SIMPLE,FFP10-SMICA-CMBNOISE-00092,93
[],AVAILABLE,3,AVAILABLE,COMPLETE,SIMPLE,FFP10-SMICA-CMBNOISE-00093,94
[],AVAILABLE,3,AVAILABLE,COMPLETE,SIMPLE,FFP10-SMICA-CMBNOISE-00094,95
[],AVAILABLE,3,AVAILABLE,COMPLETE,SIMPLE,FFP10-SMICA-CMBNOISE-00095,96
[],AVAILABLE,3,AVAILABLE,COMPLETE,SIMPLE,FFP10-SMICA-CMBNOISE-00096,97
[],AVAILABLE,3,AVAILABLE,COMPLETE,SIMPLE,FFP10-SMICA-CMBNOISE-00097,98
[],AVAILABLE,3,AVAILABLE,COMPLETE,SIMPLE,FFP10-SMICA-CMBNOISE-00098,99
[],AVAILABLE,3,AVAILABLE,COMPLETE,SIMPLE,FFP10-SMICA-CMBNOISE-00099,100
[],AVAILABLE,3,AVAILABLE,COMPLETE,SIMPLE,FFP10-SMICA-CMBNOISE-00100,101
[],AVAILABLE,3,AVAILABLE,COMPLETE,SIMPLE,FFP10-SMICA-CMBNOISE-00101,102
[],AVAILABLE,3,AVAILABLE,COMPLETE,SIMPLE,FFP10-SMICA-CMBNOISE-00102,103
[],AVAILABLE,3,AVAILABLE,COMPLETE,SIMPLE,FFP10-SMICA-CMBNOISE-00103,104
[],AVAILABLE,3,AVAILABLE,COMPLETE,SIMPLE,FFP10-SMICA-CMBNOISE-00104,105
[],AVAILABLE,3,AVAILABLE,COMPLETE,SIMPLE,FFP10-SMICA-CMBNOISE-00105,106
[],AVAILABLE,3,AVAILABLE,COMPLETE,SIMPLE,FFP10-SMICA-CMBNOISE-00106,107
[],AVAILABLE,3,AVAILABLE,COMPLETE,SIMPLE,FFP10-SMICA-CMBNOISE-00107,108
[],AVAILABLE,3,AVAILABLE,COMPLETE,SIMPLE,FFP10-SMICA-CMBNOISE-00108,109
[],AVAILABLE,3,AVAILABLE,COMPLETE,SIMPLE,FFP10-SMICA-CMBNOISE-00109,110
[],AVAILABLE,3,AVAILABLE,COMPLETE,SIMPLE,FFP10-SMICA-CMBNOISE-00110,111
[],AVAILABLE,3,AVAILABLE,COMPLETE,SIMPLE,FFP10-SMICA-CMBNOISE-00111,112
[],AVAILABLE,3,AVAILABLE,COMPLETE,SIMPLE,FFP10-SMICA-CMBNOISE-00112,113
[],AVAILABLE,3,AVAILABLE,COMPLETE,SIMPLE,FFP10-SMICA-CMBNOISE-00113,114
[],AVAILABLE,3,AVAILABLE,COMPLETE,SIMPLE,FFP10-SMICA-CMBNOISE-00114,115
[],AVAILABLE,3,AVAILABLE,COMPLETE,SIMPLE,FFP10-SMICA-CMBNOISE-00115,116
[],AVAILABLE,3,AVAILABLE,COMPLETE,SIMPLE,FFP10-SMICA-CMBNOISE-00116,117
[],AVAILABLE,3,AVAILABLE,COMPLETE,SIMPLE,FFP10-SMICA-CMBNOISE-00117,118
[],AVAILABLE,3,AVAILABLE,COMPLETE,SIMPLE,FFP10-SMICA-CMBNOISE-00118,119
[],AVAILABLE,3,AVAILABLE,COMPLETE,SIMPLE,FFP10-SMICA-CMBNOISE-00119,120
[],AVAILABLE,3,AVAILABLE,COMPLETE,SIMPLE,FFP10-SMICA-CMBNOISE-00120,121
[],AVAILABLE,3,AVAILABLE,COMPLETE,SIMPLE,FFP10-SMICA-CMBNOISE-00121,122
[],AVAILABLE,3,AVAILABLE,COMPLETE,SIMPLE,FFP10-SMICA-CMBNOISE-00122,123
[],AVAILABLE,3,AVAILABLE,COMPLETE,SIMPLE,FFP10-SMICA-CMBNOISE-00123,124
[],AVAILABLE,3,AVAILABLE,COMPLETE,SIMPLE,FFP10-SMICA-CMBNOISE-00124,125
[],AVAILABLE,3,AVAILABLE,COMPLETE,SIMPLE,FFP10-SMICA-CMBNOISE-00125,126
[],AVAILABLE,3,AVAILABLE,COMPLETE,SIMPLE,FFP10-SMICA-CMBNOISE-00126,127
[],AVAILABLE,3,AVAILABLE,COMPLETE,SIMPLE,FFP10-SMICA-CMBNOISE-00127,128
[],AVAILABLE,3,AVAILABLE,COMPLETE,SIMPLE,FFP10-SMICA-CMBNOISE-00128,129
[],AVAILABLE,3,AVAILABLE,COMPLETE,SIMPLE,FFP10-SMICA-CMBNOISE-00129,130
[],AVAILABLE,3,AVAILABLE,COMPLETE,SIMPLE,FFP10-SMICA-CMBNOISE-00130,131
[],AVAILABLE,3,AVAILABLE,COMPLETE,SIMPLE,FFP10-SMICA-CMBNOISE-00131,132
[],AVAILABLE,3,AVAILABLE,COMPLETE,SIMPLE,FFP10-SMICA-CMBNOISE-00132,133
[],AVAILABLE,3,AVAILABLE,COMPLETE,SIMPLE,FFP10-SMICA-CMBNOISE-00133,134
[],AVAILABLE,3,AVAILABLE,COMPLETE,SIMPLE,FFP10-SMICA-CMBNOISE-00134,135
[],AVAILABLE,3,AVAILABLE,COMPLETE,SIMPLE,FFP10-SMICA-CMBNOISE-00135,136
[],AVAILABLE,3,AVAILABLE,COMPLETE,SIMPLE,FFP10-SMICA-CMBNOISE-00136,137
[],AVAILABLE,3,AVAILABLE,COMPLETE,SIMPLE,FFP10-SMICA-CMBNOISE-00137,138
[],AVAILABLE,3,AVAILABLE,COMPLETE,SIMPLE,FFP10-SMICA-CMBNOISE-00138,139
[],AVAILABLE,3,AVAILABLE,COMPLETE,SIMPLE,FFP10-SMICA-CMBNOISE-00139,140
[],AVAILABLE,3,AVAILABLE,COMPLETE,SIMPLE,FFP10-SMICA-CMBNOISE-00140,141
[],AVAILABLE,3,AVAILABLE,COMPLETE,SIMPLE,FFP10-SMICA-CMBNOISE-00141,142
[],AVAILABLE,3,AVAILABLE,COMPLETE,SIMPLE,FFP10-SMICA-CMBNOISE-00142,143
[],AVAILABLE,3,AVAILABLE,COMPLETE,SIMPLE,FFP10-SMICA-CMBNOISE-00143,144
[],AVAILABLE,3,AVAILABLE,COMPLETE,SIMPLE,FFP10-SMICA-CMBNOISE-00144,145
[],AVAILABLE,3,AVAILABLE,COMPLETE,SIMPLE,FFP10-SMICA-CMBNOISE-00145,146
[],AVAILABLE,3,AVAILABLE,COMPLETE,SIMPLE,FFP10-SMICA-CMBNOISE-00146,147
[],AVAILABLE,3,AVAILABLE,COMPLETE,SIMPLE,FFP10-SMICA-CMBNOISE-00147,148
[],AVAILABLE,3,AVAILABLE,COMPLETE,SIMPLE,FFP10-SMICA-CMBNOISE-00148,149
[],AVAILABLE,3,AVAILABLE,COMPLETE,SIMPLE,FFP10-SMICA-CMBNOISE-00149,150
[],AVAILABLE,3,AVAILABLE,COMPLETE,SIMPLE,FFP10-SMICA-CMBNOISE-00150,151
[],AVAILABLE,3,AVAILABLE,COMPLETE,SIMPLE,FFP10-SMICA-CMBNOISE-00151,152
[],AVAILABLE,3,AVAILABLE,COMPLETE,SIMPLE,FFP10-SMICA-CMBNOISE-00152,153
[],AVAILABLE,3,AVAILABLE,COMPLETE,SIMPLE,FFP10-SMICA-CMBNOISE-00153,154
[],AVAILABLE,3,AVAILABLE,COMPLETE,SIMPLE,FFP10-SMICA-CMBNOISE-00154,155
[],AVAILABLE,3,AVAILABLE,COMPLETE,SIMPLE,FFP10-SMICA-CMBNOISE-00155,156
[],AVAILABLE,3,AVAILABLE,COMPLETE,SIMPLE,FFP10-SMICA-CMBNOISE-00156,157
[],AVAILABLE,3,AVAILABLE,COMPLETE,SIMPLE,FFP10-SMICA-CMBNOISE-00157,158
[],AVAILABLE,3,AVAILABLE,COMPLETE,SIMPLE,FFP10-SMICA-CMBNOISE-00158,159
[],AVAILABLE,3,AVAILABLE,COMPLETE,SIMPLE,FFP10-SMICA-CMBNOISE-00159,160
[],AVAILABLE,3,AVAILABLE,COMPLETE,SIMPLE,FFP10-SMICA-CMBNOISE-00160,161
[],AVAILABLE,3,AVAILABLE,COMPLETE,SIMPLE,FFP10-SMICA-CMBNOISE-00161,162
[],AVAILABLE,3,AVAILABLE,COMPLETE,SIMPLE,FFP10-SMICA-CMBNOISE-00162,163
[],AVAILABLE,3,AVAILABLE,COMPLETE,SIMPLE,FFP10-SMICA-CMBNOISE-00163,164
[],AVAILABLE,3,AVAILABLE,COMPLETE,SIMPLE,FFP10-SMICA-CMBNOISE-00164,165
[],AVAILABLE,3,AVAILABLE,COMPLETE,SIMPLE,FFP10-SMICA-CMBNOISE-00165,166
[],AVAILABLE,3,AVAILABLE,COMPLETE,SIMPLE,FFP10-SMICA-CMBNOISE-00166,167
[],AVAILABLE,3,AVAILABLE,COMPLETE,SIMPLE,FFP10-SMICA-CMBNOISE-00167,168
[],AVAILABLE,3,AVAILABLE,COMPLETE,SIMPLE,FFP10-SMICA-CMBNOISE-00168,169
[],AVAILABLE,3,AVAILABLE,COMPLETE,SIMPLE,FFP10-SMICA-CMBNOISE-00169,170
[],AVAILABLE,3,AVAILABLE,COMPLETE,SIMPLE,FFP10-SMICA-CMBNOISE-00170,171
[],AVAILABLE,3,AVAILABLE,COMPLETE,SIMPLE,FFP10-SMICA-CMBNOISE-00171,172
[],AVAILABLE,3,AVAILABLE,COMPLETE,SIMPLE,FFP10-SMICA-CMBNOISE-00172,173
[],AVAILABLE,3,AVAILABLE,COMPLETE,SIMPLE,FFP10-SMICA-CMBNOISE-00173,174
[],AVAILABLE,3,AVAILABLE,COMPLETE,SIMPLE,FFP10-SMICA-CMBNOISE-00174,175
[],AVAILABLE,3,AVAILABLE,COMPLETE,SIMPLE,FFP10-SMICA-CMBNOISE-00175,176
[],AVAILABLE,3,AVAILABLE,COMPLETE,SIMPLE,FFP10-SMICA-CMBNOISE-00176,177
[],AVAILABLE,3,AVAILABLE,COMPLETE,SIMPLE,FFP10-SMICA-CMBNOISE-00177,178
[],AVAILABLE,3,AVAILABLE,COMPLETE,SIMPLE,FFP10-SMICA-CMBNOISE-00178,179
[],AVAILABLE,3,AVAILABLE,COMPLETE,SIMPLE,FFP10-SMICA-CMBNOISE-00179,180
[],AVAILABLE,3,AVAILABLE,COMPLETE,SIMPLE,FFP10-SMICA-CMBNOISE-00180,181
[],AVAILABLE,3,AVAILABLE,COMPLETE,SIMPLE,FFP10-SMICA-CMBNOISE-00181,182
[],AVAILABLE,3,AVAILABLE,COMPLETE,SIMPLE,FFP10-SMICA-CMBNOISE-00182,183
[],AVAILABLE,3,AVAILABLE,COMPLETE,SIMPLE,FFP10-SMICA-CMBNOISE-00183,184
[],AVAILABLE,3,AVAILABLE,COMPLETE,SIMPLE,FFP10-SMICA-CMBNOISE-00184,185
[],AVAILABLE,3,AVAILABLE,COMPLETE,SIMPLE,FFP10-SMICA-CMBNOISE-00185,186
[],AVAILABLE,3,AVAILABLE,COMPLETE,SIMPLE,FFP10-SMICA-CMBNOISE-00186,187
[],AVAILABLE,3,AVAILABLE,COMPLETE,SIMPLE,FFP10-SMICA-CMBNOISE-00187,188
[],AVAILABLE,3,AVAILABLE,COMPLETE,SIMPLE,FFP10-SMICA-CMBNOISE-00188,189
[],AVAILABLE,3,AVAILABLE,COMPLETE,SIMPLE,FFP10-SMICA-CMBNOISE-00189,190
[],AVAILABLE,3,AVAILABLE,COMPLETE,SIMPLE,FFP10-SMICA-CMBNOISE-00190,191
[],AVAILABLE,3,AVAILABLE,COMPLETE,SIMPLE,FFP10-SMICA-CMBNOISE-00191,192
[],AVAILABLE,3,AVAILABLE,COMPLETE,SIMPLE,FFP10-SMICA-CMBNOISE-00192,193
[],AVAILABLE,3,AVAILABLE,COMPLETE,SIMPLE,FFP10-SMICA-CMBNOISE-00193,194
[],AVAILABLE,3,AVAILABLE,COMPLETE,SIMPLE,FFP10-SMICA-CMBNOISE-00194,195
[],AVAILABLE,3,AVAILABLE,COMPLETE,SIMPLE,FFP10-SMICA-CMBNOISE-00195,196
[],AVAILABLE,3,AVAILABLE,COMPLETE,SIMPLE,FFP10-SMICA-CMBNOISE-00196,197
[],AVAILABLE,3,AVAILABLE,COMPLETE,SIMPLE,FFP10-SMICA-CMBNOISE-00197,198
[],AVAILABLE,3,AVAILABLE,COMPLETE,SIMPLE,FFP10-SMICA-CMBNOISE-00198,199
[],AVAILABLE,3,AVAILABLE,COMPLETE,SIMPLE,FFP10-SMICA-CMBNOISE-00199,200
[],AVAILABLE,3,AVAILABLE,COMPLETE,SIMPLE,FFP10-SMICA-CMBNOISE-00200,201
[],AVAILABLE,3,AVAILABLE,COMPLETE,SIMPLE,FFP10-SMICA-CMBNOISE-00201,202
[],AVAILABLE,3,AVAILABLE,COMPLETE,SIMPLE,FFP10-SMICA-CMBNOISE-00202,203
[],AVAILABLE,3,AVAILABLE,COMPLETE,SIMPLE,FFP10-SMICA-CMBNOISE-00203,204
[],AVAILABLE,3,AVAILABLE,COMPLETE,SIMPLE,FFP10-SMICA-CMBNOISE-00204,205
[],AVAILABLE,3,AVAILABLE,COMPLETE,SIMPLE,FFP10-SMICA-CMBNOISE-00205,206
[],AVAILABLE,3,AVAILABLE,COMPLETE,SIMPLE,FFP10-SMICA-CMBNOISE-00206,207
[],AVAILABLE,3,AVAILABLE,COMPLETE,SIMPLE,FFP10-SMICA-CMBNOISE-00207,208
[],AVAILABLE,3,AVAILABLE,COMPLETE,SIMPLE,FFP10-SMICA-CMBNOISE-00208,209
[],AVAILABLE,3,AVAILABLE,COMPLETE,SIMPLE,FFP10-SMICA-CMBNOISE-00209,210
[],AVAILABLE,3,AVAILABLE,COMPLETE,SIMPLE,FFP10-SMICA-CMBNOISE-00210,211
[],AVAILABLE,3,AVAILABLE,COMPLETE,SIMPLE,FFP10-SMICA-CMBNOISE-00211,212
[],AVAILABLE,3,AVAILABLE,COMPLETE,SIMPLE,FFP10-SMICA-CMBNOISE-00212,213
[],AVAILABLE,3,AVAILABLE,COMPLETE,SIMPLE,FFP10-SMICA-CMBNOISE-00213,214
[],AVAILABLE,3,AVAILABLE,COMPLETE,SIMPLE,FFP10-SMICA-CMBNOISE-00214,215
[],AVAILABLE,3,AVAILABLE,COMPLETE,SIMPLE,FFP10-SMICA-CMBNOISE-00215,216
[],AVAILABLE,3,AVAILABLE,COMPLETE,SIMPLE,FFP10-SMICA-CMBNOISE-00216,217
[],AVAILABLE,3,AVAILABLE,COMPLETE,SIMPLE,FFP10-SMICA-CMBNOISE-00217,218
[],AVAILABLE,3,AVAILABLE,COMPLETE,SIMPLE,FFP10-SMICA-CMBNOISE-00218,219
[],AVAILABLE,3,AVAILABLE,COMPLETE,SIMPLE,FFP10-SMICA-CMBNOISE-00219,220
[],AVAILABLE,3,AVAILABLE,COMPLETE,SIMPLE,FFP10-SMICA-CMBNOISE-00220,221
[],AVAILABLE,3,AVAILABLE,COMPLETE,SIMPLE,FFP10-SMICA-CMBNOISE-00221,222
[],AVAILABLE,3,AVAILABLE,COMPLETE,SIMPLE,FFP10-SMICA-CMBNOISE-00222,223
[],AVAILABLE,3,AVAILABLE,COMPLETE,SIMPLE,FFP10-SMICA-CMBNOISE-00223,224
[],AVAILABLE,3,AVAILABLE,COMPLETE,SIMPLE,FFP10-SMICA-CMBNOISE-00224,225
[],AVAILABLE,3,AVAILABLE,COMPLETE,SIMPLE,FFP10-SMICA-CMBNOISE-00225,226
[],AVAILABLE,3,AVAILABLE,COMPLETE,SIMPLE,FFP10-SMICA-CMBNOISE-00226,227
[],AVAILABLE,3,AVAILABLE,COMPLETE,SIMPLE,FFP10-SMICA-CMBNOISE-00227,228
[],AVAILABLE,3,AVAILABLE,COMPLETE,SIMPLE,FFP10-SMICA-CMBNOISE-00228,229
[],AVAILABLE,3,AVAILABLE,COMPLETE,SIMPLE,FFP10-SMICA-CMBNOISE-00229,230
[],AVAILABLE,3,AVAILABLE,COMPLETE,SIMPLE,FFP10-SMICA-CMBNOISE-00230,231
[],AVAILABLE,3,AVAILABLE,COMPLETE,SIMPLE,FFP10-SMICA-CMBNOISE-00231,232
[],AVAILABLE,3,AVAILABLE,COMPLETE,SIMPLE,FFP10-SMICA-CMBNOISE-00232,233
[],AVAILABLE,3,AVAILABLE,COMPLETE,SIMPLE,FFP10-SMICA-CMBNOISE-00233,234
[],AVAILABLE,3,AVAILABLE,COMPLETE,SIMPLE,FFP10-SMICA-CMBNOISE-00234,235
[],AVAILABLE,3,AVAILABLE,COMPLETE,SIMPLE,FFP10-SMICA-CMBNOISE-00235,236
[],AVAILABLE,3,AVAILABLE,COMPLETE,SIMPLE,FFP10-SMICA-CMBNOISE-00236,237
[],AVAILABLE,3,AVAILABLE,COMPLETE,SIMPLE,FFP10-SMICA-CMBNOISE-00237,238
[],AVAILABLE,3,AVAILABLE,COMPLETE,SIMPLE,FFP10-SMICA-CMBNOISE-00238,239
[],AVAILABLE,3,AVAILABLE,COMPLETE,SIMPLE,FFP10-SMICA-CMBNOISE-00239,240
[],AVAILABLE,3,AVAILABLE,COMPLETE,SIMPLE,FFP10-SMICA-CMBNOISE-00240,241
[],AVAILABLE,3,AVAILABLE,COMPLETE,SIMPLE,FFP10-SMICA-CMBNOISE-00241,242
[],AVAILABLE,3,AVAILABLE,COMPLETE,SIMPLE,FFP10-SMICA-CMBNOISE-00242,243
[],AVAILABLE,3,AVAILABLE,COMPLETE,SIMPLE,FFP10-SMICA-CMBNOISE-00243,244
[],AVAILABLE,3,AVAILABLE,COMPLETE,SIMPLE,FFP10-SMICA-CMBNOISE-00244,245
[],AVAILABLE,3,AVAILABLE,COMPLETE,SIMPLE,FFP10-SMICA-CMBNOISE-00245,246
[],AVAILABLE,3,AVAILABLE,COMPLETE,SIMPLE,FFP10-SMICA-CMBNOISE-00246,247
[],AVAILABLE,3,AVAILABLE,COMPLETE,SIMPLE,FFP10-SMICA-CMBNOISE-00247,248
[],AVAILABLE,3,AVAILABLE,COMPLETE,SIMPLE,FFP10-SMICA-CMBNOISE-00248,249
[],AVAILABLE,3,AVAILABLE,COMPLETE,SIMPLE,FFP10-SMICA-CMBNOISE-00249,250
[],AVAILABLE,3,AVAILABLE,COMPLETE,SIMPLE,FFP10-SMICA-CMBNOISE-00250,251
[],AVAILABLE,3,AVAILABLE,COMPLETE,SIMPLE,FFP10-SMICA-CMBNOISE-00251,252
[],AVAILABLE,3,AVAILABLE,COMPLETE,SIMPLE,FFP10-SMICA-CMBNOISE-00252,253
[],AVAILABLE,3,AVAILABLE,COMPLETE,SIMPLE,FFP10-SMICA-CMBNOISE-00253,254
[],AVAILABLE,3,AVAILABLE,COMPLETE,SIMPLE,FFP10-SMICA-CMBNOISE-00254,255
[],AVAILABLE,3,AVAILABLE,COMPLETE,SIMPLE,FFP10-SMICA-CMBNOISE-00255,256
[],AVAILABLE,3,AVAILABLE,COMPLETE,SIMPLE,FFP10-SMICA-CMBNOISE-00256,257
[],AVAILABLE,3,AVAILABLE,COMPLETE,SIMPLE,FFP10-SMICA-CMBNOISE-00257,258
[],AVAILABLE,3,AVAILABLE,COMPLETE,SIMPLE,FFP10-SMICA-CMBNOISE-00258,259
[],AVAILABLE,3,AVAILABLE,COMPLETE,SIMPLE,FFP10-SMICA-CMBNOISE-00259,260
[],AVAILABLE,3,AVAILABLE,COMPLETE,SIMPLE,FFP10-SMICA-CMBNOISE-00260,261
[],AVAILABLE,3,AVAILABLE,COMPLETE,SIMPLE,FFP10-SMICA-CMBNOISE-00261,262
[],AVAILABLE,3,AVAILABLE,COMPLETE,SIMPLE,FFP10-SMICA-CMBNOISE-00262,263
[],AVAILABLE,3,AVAILABLE,COMPLETE,SIMPLE,FFP10-SMICA-CMBNOISE-00263,264
[],AVAILABLE,3,AVAILABLE,COMPLETE,SIMPLE,FFP10-SMICA-CMBNOISE-00264,265
[],AVAILABLE,3,AVAILABLE,COMPLETE,SIMPLE,FFP10-SMICA-CMBNOISE-00265,266
[],AVAILABLE,3,AVAILABLE,COMPLETE,SIMPLE,FFP10-SMICA-CMBNOISE-00266,267
[],AVAILABLE,3,AVAILABLE,COMPLETE,SIMPLE,FFP10-SMICA-CMBNOISE-00267,268
[],AVAILABLE,3,AVAILABLE,COMPLETE,SIMPLE,FFP10-SMICA-CMBNOISE-00268,269
[],AVAILABLE,3,AVAILABLE,COMPLETE,SIMPLE,FFP10-SMICA-CMBNOISE-00269,270
[],AVAILABLE,3,AVAILABLE,COMPLETE,SIMPLE,FFP10-SMICA-CMBNOISE-00270,271
[],AVAILABLE,3,AVAILABLE,COMPLETE,SIMPLE,FFP10-SMICA-CMBNOISE-00271,272
[],AVAILABLE,3,AVAILABLE,COMPLETE,SIMPLE,FFP10-SMICA-CMBNOISE-00272,273
[],AVAILABLE,3,AVAILABLE,COMPLETE,SIMPLE,FFP10-SMICA-CMBNOISE-00273,274
[],AVAILABLE,3,AVAILABLE,COMPLETE,SIMPLE,FFP10-SMICA-CMBNOISE-00274,275
[],AVAILABLE,3,AVAILABLE,COMPLETE,SIMPLE,FFP10-SMICA-CMBNOISE-00275,276
[],AVAILABLE,3,AVAILABLE,COMPLETE,SIMPLE,FFP10-SMICA-CMBNOISE-00276,277
[],AVAILABLE,3,AVAILABLE,COMPLETE,SIMPLE,FFP10-SMICA-CMBNOISE-00277,278
[],AVAILABLE,3,AVAILABLE,COMPLETE,SIMPLE,FFP10-SMICA-CMBNOISE-00278,279
[],AVAILABLE,3,AVAILABLE,COMPLETE,SIMPLE,FFP10-SMICA-CMBNOISE-00279,280
[],AVAILABLE,3,AVAILABLE,COMPLETE,SIMPLE,FFP10-SMICA-CMBNOISE-00280,281
[],AVAILABLE,3,AVAILABLE,COMPLETE,SIMPLE,FFP10-SMICA-CMBNOISE-00281,282
[],AVAILABLE,3,AVAILABLE,COMPLETE,SIMPLE,FFP10-SMICA-CMBNOISE-00282,283
[],AVAILABLE,3,AVAILABLE,COMPLETE,SIMPLE,FFP10-SMICA-CMBNOISE-00283,284
[],AVAILABLE,3,AVAILABLE,COMPLETE,SIMPLE,FFP10-SMICA-CMBNOISE-00284,285
[],AVAILABLE,3,AVAILABLE,COMPLETE,SIMPLE,FFP10-SMICA-CMBNOISE-00285,286
[],AVAILABLE,3,AVAILABLE,COMPLETE,SIMPLE,FFP10-SMICA-CMBNOISE-00286,287
[],AVAILABLE,3,AVAILABLE,COMPLETE,SIMPLE,FFP10-SMICA-CMBNOISE-00287,288
[],AVAILABLE,3,AVAILABLE,COMPLETE,SIMPLE,FFP10-SMICA-CMBNOISE-00288,289
[],AVAILABLE,3,AVAILABLE,COMPLETE,SIMPLE,FFP10-SMICA-CMBNOISE-00289,290
[],AVAILABLE,3,AVAILABLE,COMPLETE,SIMPLE,FFP10-SMICA-CMBNOISE-00290,291
[],AVAILABLE,3,AVAILABLE,COMPLETE,SIMPLE,FFP10-SMICA-CMBNOISE-00291,292
[],AVAILABLE,3,AVAILABLE,COMPLETE,SIMPLE,FFP10-SMICA-CMBNOISE-00292,293
[],AVAILABLE,3,AVAILABLE,COMPLETE,SIMPLE,FFP10-SMICA-CMBNOISE-00293,294
[],AVAILABLE,3,AVAILABLE,COMPLETE,SIMPLE,FFP10-SMICA-CMBNOISE-00294,295
[],AVAILABLE,3,AVAILABLE,COMPLETE,SIMPLE,FFP10-SMICA-CMBNOISE-00295,296
[],AVAILABLE,3,AVAILABLE,COMPLETE,SIMPLE,FFP10-SMICA-CMBNOISE-00296,297
[],AVAILABLE,3,AVAILABLE,COMPLETE,SIMPLE,FFP10-SMICA-CMBNOISE-00297,298
[],AVAILABLE,3,AVAILABLE,COMPLETE,SIMPLE,FFP10-SMICA-CMBNOISE-00298,299
[],AVAILABLE,3,AVAILABLE,COMPLETE,SIMPLE,FFP10-SMICA-CMBNOISE-00299,300
