id	kind	item	status	reason
GAP-CHAT-001	conversation	Full user/assistant dialogue from the thread start, including Skipped ... messages segments	NOT_AVAILABLE	No platform export was supplied or returned by available tools. Current visible snippets are not the full transcript.
GAP-CHAT-002	conversation	Original timestamps, message IDs, and full user-visible tool-response transcript	NOT_AVAILABLE	Not present in the provided full-export form; not inferred from remount timestamps.
GAP-FILE-001	reported_archive	Earlier Planck MES global-formalism overlay ZIP, user-reported SHA256 809ab46564a654c2f5d1398664db4d3f2a8661a3e8eac274735391ceede30871	ORIGINAL_BYTES_NOT_MOUNTED	
GAP-FILE-002	host_local_report	MES_BOUND_CURRENT_RESEARCH_REPORT.pdf / .tex / MES_BOUND_CURRENT_RESEARCH_REPORT_ASSETS	REFERENCE_ONLY	Reported in conversation and Git references; original bytes are not among this runtime file snapshot.
GAP-FILE-003	host_local_document	EXTERNAL_FUSION_INSTALL_STATUS_20260829.md / CODEX_EXTERNAL_FUSION_RESOLUTION_20260829.md / MES_EXTERNAL_REFEREE_ADJUDICATION_20260829.json	REFERENCE_ONLY	
GAP-FILE-004	map_free_scientific_inputs	Committed Planck paired300 carrier.npz, PR315 replay NPZ, WU007 carrier_rows/observable_irreps NPZ	REFERENCE_ONLY	Not regenerated from ranks, PDFs, or wrong projection outputs.
GAP-FILE-005	host_local_evidence	.agent-harness execution ledgers, complete inventory JSON, host-only reports and checkpoints	REFERENCE_ONLY	
GAP-DATA-001	host_local_data_and_environments	Planck/FFP10, DESI, ACT, HSC, KiDS, CF4, JWST, WebSky and isolated venv roots	NOT_INCLUDED	User host storage is not mounted here; this archive is not a TB-scale data transfer.
GAP-TOOLCHAIN-001	runtime_distribution	rust-1.94.1-x86_64-unknown-linux-gnu.tar.xz	EXCLUDED	Contains standalone font assets; bounded font-free repack did not finish. Original fingerprint, detached signature and environment script retained. No partial repack delivered.
GAP-DELIVERY-001	pending_development	New MES tensor research integration code and Codex handoff push	NOT_YET_CREATED_OR_PUSHED	Branch still at its creation base when archival request took precedence; connector smoke is not the research delivery.
GAP-ENUM-001	unknown_historical_attachments	Additional attachments/files mentioned only in inaccessible conversation segments	UNKNOWN	Neither retrieval search nor the local inventory proves enumeration of every historical attachment.
