id,source_id,path,operation,status,detail
6e53b12aad54ca9dcc75e9d695622ca0,e2e_assets,TENSOR-JOINT-R8-20260909/R8-FULL-CONTINUATION-20260912/publication/remote_readback/docs/generated/tensor_joint_r8/orbit_continuation/checkpoints/mock1_M31_0.json,extract,oversized_text,"{""mtime_ns"":1789210285777330328,""version_kind"":""local_observation""}"
b80b8f273e68b1ac9ce8ab1c6140e35a,e2e_assets,TENSOR-JOINT-R8-20260909/R8-FULL-CONTINUATION-20260912/publication/remote_readback/docs/generated/tensor_joint_r8/orbit_continuation/checkpoints/mock1_M31_1.json,extract,oversized_text,"{""mtime_ns"":1789210288251358499,""version_kind"":""local_observation""}"
248b6f643366032ad8871d336b665246,e2e_assets,TENSOR-JOINT-R8-20260909/R8-FULL-CONTINUATION-20260912/publication/remote_readback/docs/generated/tensor_joint_r8/orbit_continuation/checkpoints/mock1_M31_2.json,extract,oversized_text,"{""mtime_ns"":1789210291127391237,""version_kind"":""local_observation""}"
2471d7fdd459f18996582adac95fb857,e2e_assets,TENSOR-JOINT-R8-20260909/R8-FULL-CONTINUATION-20260912/publication/remote_readback/docs/generated/tensor_joint_r8/orbit_continuation/checkpoints/mock1_M31_3.json,extract,oversized_text,"{""mtime_ns"":1789210294041424398,""version_kind"":""local_observation""}"
317ba2f6b1731fbb52edff922cb92527,e2e_assets,TENSOR-JOINT-R8-20260909/R8-FULL-CONTINUATION-20260912/publication/remote_readback/docs/generated/tensor_joint_r8/orbit_continuation/checkpoints/mock1_M31_4.json,extract,oversized_text,"{""mtime_ns"":1789210296837456207,""version_kind"":""local_observation""}"
5779e68309eff69030ff1f1d5f05cae5,e2e_assets,TENSOR-JOINT-R8-20260909/R8-FULL-CONTINUATION-20260912/publication/remote_readback/docs/generated/tensor_joint_r8/orbit_continuation/checkpoints/mock1_M31_5.json,extract,oversized_text,"{""mtime_ns"":1789210299143482434,""version_kind"":""local_observation""}"
6f17c483199d333f9b24aecd6ee0206d,e2e_assets,TENSOR-JOINT-R8-20260909/R8-FULL-CONTINUATION-20260912/publication/remote_readback/docs/generated/tensor_joint_r8/orbit_continuation/checkpoints/mock1_M31_6.json,extract,oversized_text,"{""mtime_ns"":1789210301954514395,""version_kind"":""local_observation""}"
91194e9ec50c31390b516f4069545b0b,e2e_assets,TENSOR-JOINT-R8-20260909/R8-FULL-CONTINUATION-20260912/publication/remote_readback/docs/generated/tensor_joint_r8/orbit_continuation/checkpoints/mock1_M31_7.json,extract,oversized_text,"{""mtime_ns"":1789210304715545778,""version_kind"":""local_observation""}"
212294b9579d0c0118dbff614e1a8358,e2e_assets,TENSOR-JOINT-R8-20260909/R8-FULL-CONTINUATION-20260912/publication/remote_readback/docs/generated/tensor_joint_r8/orbit_continuation/checkpoints/mock1_M31_8.json,extract,oversized_text,"{""mtime_ns"":1789210307482577221,""version_kind"":""local_observation""}"
07d37c0da424f6289915be10deba235d,e2e_assets,TENSOR-JOINT-R8-20260909/R8-FULL-CONTINUATION-20260912/publication/remote_readback/docs/generated/tensor_joint_r8/orbit_continuation/checkpoints/mock1_M31_9.json,extract,oversized_text,"{""mtime_ns"":1789210310382610166,""version_kind"":""local_observation""}"
f045d9449ef2dd9cf87cadf90db97392,e2e_assets,workdir/pr151_desi_tmux.log,extract,oversized_text,"{""mtime_ns"":1786451989832865593,""version_kind"":""local_observation""}"
629c4487f4b9b3b93e4b161ce40bf962,external_b325ef8edc49,python/clik/__init__.py,extract,parse_error,"{""content_sha256"":""49960a51159dc5d88c1d26139bcc1263e133493c8c8a75e2fc145c2be78379e4"",""limitations"":[""SyntaxError: multiple exception types must be parenthesized (<unknown>, line 9)"",""Python AST failed; lexical declarations retained""]}"
3f96726631ab25faf5a6ed9c613ab0c5,external_b325ef8edc49,python/clik/miniparse.py,extract,parse_error,"{""content_sha256"":""a63d7dd57c2bcd678a16e97198f0f19f3702e8770eb8e222f2a36dab7e93f3f2"",""limitations"":[""SyntaxError: multiple exception types must be parenthesized (<unknown>, line 21)"",""Python AST failed; lexical declarations retained""]}"
06858ed3b3d3bf3a27891d1691274b3c,external_b325ef8edc49,python/clik/parobject.py,extract,parse_error,"{""content_sha256"":""facbb1bb590bc517cf0ed1e0db6ed4ae39023766191ae788167a28cdae9a1dcf"",""limitations"":[""SyntaxError: Missing parentheses in call to 'print'. Did you mean print(...)? (<unknown>, line 67)"",""Python AST failed; lexical declarations retained""]}"
a87daa603a05b5d804ba043e98ee366e,external_b325ef8edc49,python/clik_add_egfs_single.py,extract,parse_error,"{""content_sha256"":""245b5e901198f3083f597387042d69e02a0ea9b3c2069dd3187bd1d0dfa004c4"",""limitations"":[""SyntaxError: expected ':' (<unknown>, line 99)"",""Python AST failed; lexical declarations retained""]}"
481d5e3b2f8bca772fe55a32067545a1,external_b325ef8edc49,python/clik_disjoin.py,extract,parse_error,"{""content_sha256"":""7c49ffd0c76da45b79fc62047175482aa50ad51a2c88954beb52f471aeb9c1f4"",""limitations"":[""SyntaxError: Missing parentheses in call to 'print'. Did you mean print(...)? (<unknown>, line 12)"",""Python AST failed; lexical declarations retained""]}"
7494f7cfb27ceb6c4653fe5a16caea9f,external_b325ef8edc49,python/clik_example_py.py,extract,parse_error,"{""content_sha256"":""d1aa9fc9c006375a1fa97208e0449eebe337b12d1d09427b36e63bf5a51eb901"",""limitations"":[""SyntaxError: Missing parentheses in call to 'print'. Did you mean print(...)? (<unknown>, line 14)"",""Python AST failed; lexical declarations retained""]}"
61a882a710a103fc5c293845f25161df,external_b325ef8edc49,python/clik_join.py,extract,parse_error,"{""content_sha256"":""e492bfb3bfde0057313d588f7eb930dd85dc8453eeac849e95d19335e97c9eba"",""limitations"":[""SyntaxError: Missing parentheses in call to 'print'. Did you mean print(...)? (<unknown>, line 11)"",""Python AST failed; lexical declarations retained""]}"
a0e14a96ed11bee5828ce2acbb6bb0ee,external_b325ef8edc49,python/clik_print.py,extract,parse_error,"{""content_sha256"":""e8d23f29d53e0535c39712b7738fd36545cbd54e9f6b126f512822e0413e2373"",""limitations"":[""SyntaxError: Missing parentheses in call to 'print'. Did you mean print(...)? (<unknown>, line 11)"",""Python AST failed; lexical declarations retained""]}"
7df10d793e3998bc6c7e0fcdad8a6f50,external_b325ef8edc49,python/create_lowl_problem.py,extract,parse_error,"{""content_sha256"":""9c29cf871da9d97c924fd276f92da1bd72b9cc1c3656c280abfc221bcbf487b8"",""limitations"":[""SyntaxError: Missing parentheses in call to 'print'. Did you mean print(...)? (<unknown>, line 42)"",""Python AST failed; lexical declarations retained""]}"
7ecb1ca752809b388110424d05060a2c,external_b325ef8edc49,python/prepare_bopix.py,extract,parse_error,"{""content_sha256"":""e4d079b3bd9cc13e1f66b7a9d45c214e0ca285d53d9e9771712f0e30266eab93"",""limitations"":[""SyntaxError: Missing parentheses in call to 'print'. Did you mean print(...)? (<unknown>, line 68)"",""Python AST failed; lexical declarations retained""]}"
1b03d0f66605d3eba833581c37dd2fa4,external_b325ef8edc49,python/prepare_lowl.py,extract,parse_error,"{""content_sha256"":""ec1a82dfc08eea5ee62a4bf4fc101d9a04f2b2e0f83f44e0153d6b4e74018c43"",""limitations"":[""SyntaxError: Missing parentheses in call to 'print'. Did you mean print(...)? (<unknown>, line 337)"",""Python AST failed; lexical declarations retained""]}"
60b551fbc4c60eb92df6fc7ada2a0c24,external_b325ef8edc49,python/prepare_wmap.py,extract,parse_error,"{""content_sha256"":""91ecfe001412f896067333de59966066240778d9a3c801208b91c9fb4f00641f"",""limitations"":[""SyntaxError: Missing parentheses in call to 'print'. Did you mean print(...)? (<unknown>, line 67)"",""Python AST failed; lexical declarations retained""]}"
145c1d8bdbc6ef4d2d3f0415a197b764,external_b325ef8edc49,python/synthetic_smica.py,extract,parse_error,"{""content_sha256"":""6c572e43afac2bed7d155627d65b139d3d93bc3a78a2258ae9158a2faf56d5c7"",""limitations"":[""SyntaxError: Missing parentheses in call to 'print'. Did you mean print(...)? (<unknown>, line 156)"",""Python AST failed; lexical declarations retained""]}"
72cc87316aca523425f5ad4465458d41,external_b325ef8edc49,src/attic/bicep/bicep_main.py,extract,parse_error,"{""content_sha256"":""7291e7c49c169118299fd56164be27b3b5c32e308a98e6d1ce91c8198c69b155"",""limitations"":[""SyntaxError: Missing parentheses in call to 'print'. Did you mean print(...)? (<unknown>, line 37)"",""Python AST failed; lexical declarations retained""]}"
19606c4b5754951d9a47cebf90c38e87,external_b325ef8edc49,src/attic/bicep/bicep_r_wrapper.py,extract,parse_error,"{""content_sha256"":""94fbf9c15a360b2aff01a217d00e651b4df66a3cd83f2ff0b0761b2cb1eab6a8"",""limitations"":[""SyntaxError: Missing parentheses in call to 'print'. Did you mean print(...)? (<unknown>, line 68)"",""Python AST failed; lexical declarations retained""]}"
b9376f197803b02b2529394df927259a,external_b325ef8edc49,src/attic/bicep/bicep_util.py,extract,parse_error,"{""content_sha256"":""cf1afc651892e25749c470262a348bfa4e6b06b1270f4e2410d57739f88f9c4d"",""limitations"":[""SyntaxError: Missing parentheses in call to 'print'. Did you mean print(...)? (<unknown>, line 38)"",""Python AST failed; lexical declarations retained""]}"
23e5675cbf5e2d9accc53d1ee45f20e6,external_b325ef8edc49,src/attic/momento/momento_main.py,extract,parse_error,"{""content_sha256"":""be3ed5d382fc99d4cd465de3e4b2cbcd6247dcb88b2d984fdefd582709dcc6a3"",""limitations"":[""SyntaxError: Missing parentheses in call to 'print'. Did you mean print(...)? (<unknown>, line 39)"",""Python AST failed; lexical declarations retained""]}"
9deb0a6f3257a5cb8223550696050905,external_b325ef8edc49,src/bicep/bicep_main.py,extract,parse_error,"{""content_sha256"":""7291e7c49c169118299fd56164be27b3b5c32e308a98e6d1ce91c8198c69b155"",""limitations"":[""SyntaxError: Missing parentheses in call to 'print'. Did you mean print(...)? (<unknown>, line 37)"",""Python AST failed; lexical declarations retained""]}"
504819a8a4c779315749abcba79975fd,external_b325ef8edc49,src/bicep/bicep_r_wrapper.py,extract,parse_error,"{""content_sha256"":""94fbf9c15a360b2aff01a217d00e651b4df66a3cd83f2ff0b0761b2cb1eab6a8"",""limitations"":[""SyntaxError: Missing parentheses in call to 'print'. Did you mean print(...)? (<unknown>, line 68)"",""Python AST failed; lexical declarations retained""]}"
b77a3cd36d5b1c00f0f5d51774ff642d,external_b325ef8edc49,src/bicep/bicep_util.py,extract,parse_error,"{""content_sha256"":""cf1afc651892e25749c470262a348bfa4e6b06b1270f4e2410d57739f88f9c4d"",""limitations"":[""SyntaxError: Missing parentheses in call to 'print'. Did you mean print(...)? (<unknown>, line 38)"",""Python AST failed; lexical declarations retained""]}"
a3f7e15481396caecd6db365602ba31b,external_b325ef8edc49,src/lenslike/plenslike/__init__.py,extract,parse_error,"{""content_sha256"":""e3fe425ebc2baf0b330cb7c7200141da9072bff1d445d02a110d0bb0e2921a1e"",""limitations"":[""SyntaxError: Missing parentheses in call to 'print'. Did you mean print(...)? (<unknown>, line 48)"",""Python AST failed; lexical declarations retained""]}"
bb51f883998c9985cf44b67c32b67c54,external_b325ef8edc49,src/lenslike/test/test_mono.py,extract,parse_error,"{""content_sha256"":""507fa55fd72e440e0973f813a3d1ece46225778299c5a95edc1729d702a08d6b"",""limitations"":[""SyntaxError: Missing parentheses in call to 'print'. Did you mean print(...)? (<unknown>, line 12)"",""Python AST failed; lexical declarations retained""]}"
06ab53341dc901a3d5534db6fa7f1572,external_b325ef8edc49,src/lenslike/test/test_quad.py,extract,parse_error,"{""content_sha256"":""8d2de734c9155b35a2771813494ee3c4740ac677aee22c1fbf2e7dbc432d6d23"",""limitations"":[""SyntaxError: Missing parentheses in call to 'print'. Did you mean print(...)? (<unknown>, line 18)"",""Python AST failed; lexical declarations retained""]}"
57af30f5094794ee70bc88144455aab9,external_b325ef8edc49,src/momento/momento.py,extract,parse_error,"{""content_sha256"":""4624c91a5f3f28c512868936cfa2876585f013486e1488de02a32a030babe871"",""limitations"":[""SyntaxError: Missing parentheses in call to 'print'. Did you mean print(...)? (<unknown>, line 22)"",""Python AST failed; lexical declarations retained""]}"
7b1058e4f9828c3250542c40ea919ef9,external_b325ef8edc49,src/momento/momento_main.py,extract,parse_error,"{""content_sha256"":""be3ed5d382fc99d4cd465de3e4b2cbcd6247dcb88b2d984fdefd582709dcc6a3"",""limitations"":[""SyntaxError: Missing parentheses in call to 'print'. Did you mean print(...)? (<unknown>, line 39)"",""Python AST failed; lexical declarations retained""]}"
094f1ee3d8b7a36f16caecf509a6efc3,external_b325ef8edc49,src/mspec/mspec_main.py,extract,parse_error,"{""content_sha256"":""91594f84f632fb0b7bd724324104bb5b4cbb2ec0b57692cadc07566e25ce20f9"",""limitations"":[""SyntaxError: Missing parentheses in call to 'print'. Did you mean print(...)? (<unknown>, line 89)"",""Python AST failed; lexical declarations retained""]}"
567ecfc26176f73d678f0611c16b3c39,external_b325ef8edc49,src/python/attic/clik_extract_external.py,extract,parse_error,"{""content_sha256"":""63bc00567bd2c4a2687c864f3de4b113993abc94818b16e60b6e1f62c5b43540"",""limitations"":[""SyntaxError: multiple exception types must be parenthesized (<unknown>, line 38)"",""Python AST failed; lexical declarations retained""]}"
b8a6bcf2939d10289cb15ec432cd5296,external_b325ef8edc49,src/python/attic/clik_smica_changelmax.py,extract,parse_error,"{""content_sha256"":""4db42f693555e304728600360618bf056de0141ff8028d60c94ca24fbe82ea1e"",""limitations"":[""SyntaxError: Missing parentheses in call to 'print'. Did you mean print(...)? (<unknown>, line 35)"",""Python AST failed; lexical declarations retained""]}"
c63d22cf8a4237daa12fd684853b30ca,external_b325ef8edc49,src/python/attic/create_lowl_problem.py,extract,parse_error,"{""content_sha256"":""1652501267e815995ce16a09971d27720819b1097b1d3bb0f2a7415ac61642b4"",""limitations"":[""SyntaxError: Missing parentheses in call to 'print'. Did you mean print(...)? (<unknown>, line 42)"",""Python AST failed; lexical declarations retained""]}"
a5c6232862effbaffe30fb971ea6171f,external_b325ef8edc49,src/python/attic/prepare_bopix.py,extract,parse_error,"{""content_sha256"":""5af58bd2f5f47e8436f8e0e5d8aceea452ef6d8f1a944876262f3dcc04fd64f4"",""limitations"":[""SyntaxError: Missing parentheses in call to 'print'. Did you mean print(...)? (<unknown>, line 83)"",""Python AST failed; lexical declarations retained""]}"
b3fc38d88c73a99ee53ace9727e027f4,external_b325ef8edc49,src/python/attic/prepare_momento.py,extract,parse_error,"{""content_sha256"":""f570c1e71d44cb0bb027da8ac172336fbd564c29292fe02d396ed9a9ea234b63"",""limitations"":[""SyntaxError: Missing parentheses in call to 'print'. Did you mean print(...)? (<unknown>, line 33)"",""Python AST failed; lexical declarations retained""]}"
13ad7469e6bb11a5010db1f0d903c9df,external_b325ef8edc49,src/python/attic/prepare_simlow.py,extract,parse_error,"{""content_sha256"":""039f1b749706f10275a43ed0454ff8d8f950482bf1591be68817ede583a1c1bb"",""limitations"":[""SyntaxError: Missing parentheses in call to 'print'. Did you mean print(...)? (<unknown>, line 19)"",""Python AST failed; lexical declarations retained""]}"
54a8a42e847ca2b1fb2f6c0cd3bbe00c,external_b325ef8edc49,src/python/attic/simu_plig.py,extract,parse_error,"{""content_sha256"":""7831985b193c8f4f9313fd79b4faf7a6aecea9fdf32d1aef80332a6e3908a8d1"",""limitations"":[""SyntaxError: closing parenthesis ')' does not match opening parenthesis '[' (<unknown>, line 37)"",""Python AST failed; lexical declarations retained""]}"
2375e4f4bc1271133811cb512e146ff1,external_b325ef8edc49,src/python/attic/synthetic_smica.py,extract,parse_error,"{""content_sha256"":""1ca1a6a2bb7eae2dcd3626694d9f9883f1b6f9b82914df7970ea222f100e9f39"",""limitations"":[""SyntaxError: Missing parentheses in call to 'print'. Did you mean print(...)? (<unknown>, line 156)"",""Python AST failed; lexical declarations retained""]}"
cd4c8dba241ad15db93f79efbd4834d0,external_b325ef8edc49,src/python/clik/__init__.py,extract,parse_error,"{""content_sha256"":""ea657e60e4d0cf1f85ca3375a2eab36a470445fc88a2d290d94fe50132aeb9b4"",""limitations"":[""SyntaxError: multiple exception types must be parenthesized (<unknown>, line 9)"",""Python AST failed; lexical declarations retained""]}"
488c4e978b38603c3a59a433717ecb06,external_b325ef8edc49,src/python/clik/cldf.py,extract,parse_error,"{""content_sha256"":""2590b1c43eba47eeec8b10df2f56796268c6380587336e75785fa1fad9a6d9bd"",""limitations"":[""SyntaxError: multiple exception types must be parenthesized (<unknown>, line 6)"",""Python AST failed; lexical declarations retained""]}"
ff1602ccf7315e8bc9c9a9b5e6a77b54,external_b325ef8edc49,src/python/clik/fakedf.py,extract,parse_error,"{""content_sha256"":""284121ac779ac568e19f06048f45527ad276d9c7f64ab194a3eb204fd118eb37"",""limitations"":[""SyntaxError: multiple exception types must be parenthesized (<unknown>, line 190)"",""Python AST failed; lexical declarations retained""]}"
49ef37367d57326f72b3c2b2a3f1cff4,external_b325ef8edc49,src/python/clik/hpy.py,extract,parse_error,"{""content_sha256"":""33df89b10df617500d1b3bce18b7bf3563304d71fbd03cf246e8de8d80efeedc"",""limitations"":[""SyntaxError: multiple exception types must be parenthesized (<unknown>, line 5)"",""Python AST failed; lexical declarations retained""]}"
4fe4a1869096ab6c7c17bb0b2d476038,external_b325ef8edc49,src/python/clik/miniparse.py,extract,parse_error,"{""content_sha256"":""4b0c22f398e6f268c04fc9b5e0ece4a492a52346d63edb6939f9c6f6a34ff36c"",""limitations"":[""SyntaxError: multiple exception types must be parenthesized (<unknown>, line 45)"",""Python AST failed; lexical declarations retained""]}"
757bf4c1f4fefe6cc52392d0caa3d4ca,external_b325ef8edc49,src/python/clik/parobject.py,extract,parse_error,"{""content_sha256"":""a4868f56da795b43787679e2c09cb7df630a1494ea05ff867a01099468afdbc4"",""limitations"":[""SyntaxError: leading zeros in decimal integer literals are not permitted; use an 0o prefix for octal integers (<unknown>, line 49)"",""Python AST failed; lexical declarations retained""]}"
feb7fb4786c3750b753873ca49b2dc96,external_b325ef8edc49,src/python/clik/smicahlp.py,extract,parse_error,"{""content_sha256"":""041efb622e816af7cd2a3557d3c2d11b7f732eee4608790b488d06e9b81091de"",""limitations"":[""SyntaxError: multiple exception types must be parenthesized (<unknown>, line 675)"",""Python AST failed; lexical declarations retained""]}"
d6cf04cc40b99ae6b71f48031aaaa6b8,external_b325ef8edc49,src/python/clik_add_default.py,extract,parse_error,"{""content_sha256"":""1b9c3c013686c75e5e9367cb98af129399d259df8eddf98805134c824b2adef1"",""limitations"":[""SyntaxError: Missing parentheses in call to 'print'. Did you mean print(...)? (<unknown>, line 32)"",""Python AST failed; lexical declarations retained""]}"
0c72ac1615d8d49b0ad12074c2dc0bd3,external_b325ef8edc49,src/python/clik_add_plugin_component.py,extract,parse_error,"{""content_sha256"":""a65de7665b78e58c7476c6cdecdf4a6419b6992270be647fa6daf4411479a3e3"",""limitations"":[""SyntaxError: invalid syntax. Perhaps you forgot a comma? (<unknown>, line 61)"",""Python AST failed; lexical declarations retained""]}"
8552575597718f1693b177804a58e0b3,external_b325ef8edc49,src/python/clik_add_prior.py,extract,parse_error,"{""content_sha256"":""6893113b7a64ca71ce54b401b46ac0e673fe91f863dabf6decb032af84119347"",""limitations"":[""SyntaxError: closing parenthesis ')' does not match opening parenthesis '[' (<unknown>, line 30)"",""Python AST failed; lexical declarations retained""]}"
e3e09683c5db345fd2cf618ef17fefd5,external_b325ef8edc49,src/python/clik_add_selfcheck.py,extract,parse_error,"{""content_sha256"":""7a7edfa54c856f6f57e2aed7ac9752d5d1952f3444b32861c2b069efdbc0d501"",""limitations"":[""SyntaxError: Missing parentheses in call to 'print'. Did you mean print(...)? (<unknown>, line 19)"",""Python AST failed; lexical declarations retained""]}"
2442c4a3940f7db28690b644ab21592a,external_b325ef8edc49,src/python/clik_cldf_dump.py,extract,parse_error,"{""content_sha256"":""a27602b2aba09b329b01476170ae182491c63d9a0b469e500923e70ebe047edd"",""limitations"":[""SyntaxError: Missing parentheses in call to 'print'. Did you mean print(...)? (<unknown>, line 13)"",""Python AST failed; lexical declarations retained""]}"
cf8dac4d6ead547eed2e162714f72111,external_b325ef8edc49,src/python/clik_cldf_ls.py,extract,parse_error,"{""content_sha256"":""a19878f7d6b286299a641dff6c9c5dd705bcf7e672e20bbca3200694b672e9e5"",""limitations"":[""SyntaxError: multiple exception types must be parenthesized (<unknown>, line 16)"",""Python AST failed; lexical declarations retained""]}"
1f8a352c9bd4097a9e1a66839ba16b11,external_b325ef8edc49,src/python/clik_disjoin.py,extract,parse_error,"{""content_sha256"":""351ed431578f8b0206d5c6fee678c53807298f3b0c3b1812bd8eeec91cd491dc"",""limitations"":[""SyntaxError: Missing parentheses in call to 'print'. Did you mean print(...)? (<unknown>, line 12)"",""Python AST failed; lexical declarations retained""]}"
3e34249063371d2a9559e564217f1107,external_b325ef8edc49,src/python/clik_example_py.py,extract,parse_error,"{""content_sha256"":""9e8127134c8d8c8c28db87e01b4297a5400e3c7b0ff9ed7ef2a1033172e924cf"",""limitations"":[""SyntaxError: Missing parentheses in call to 'print'. Did you mean print(...)? (<unknown>, line 20)"",""Python AST failed; lexical declarations retained""]}"
85e69d6e776ac60a9d7e2fc0d9b6d7f5,external_b325ef8edc49,src/python/clik_extract_external.py,extract,parse_error,"{""content_sha256"":""63bc00567bd2c4a2687c864f3de4b113993abc94818b16e60b6e1f62c5b43540"",""limitations"":[""SyntaxError: multiple exception types must be parenthesized (<unknown>, line 38)"",""Python AST failed; lexical declarations retained""]}"
b70becbb3a8e249e46a8d053ca4800bf,external_b325ef8edc49,src/python/clik_join.py,extract,parse_error,"{""content_sha256"":""41b1b7ecaf9ae8224fbe41431e93f86e6092d385c51d4511b61791abcc3afd98"",""limitations"":[""SyntaxError: Missing parentheses in call to 'print'. Did you mean print(...)? (<unknown>, line 13)"",""Python AST failed; lexical declarations retained""]}"
9a61b906054bbc0bb49e88b2dd888f45,external_b325ef8edc49,src/python/clik_print.py,extract,parse_error,"{""content_sha256"":""443cc35041a5c9e3a69a5182196d5d9b1c9de44fb9867f7f0eb91e616d944386"",""limitations"":[""SyntaxError: Missing parentheses in call to 'print'. Did you mean print(...)? (<unknown>, line 11)"",""Python AST failed; lexical declarations retained""]}"
21dd9e573e5dcb4df39381d2f8e10048,external_b325ef8edc49,src/python/clik_smica_change_criterion.py,extract,parse_error,"{""content_sha256"":""a617c05a7bec066a6ea288216bac2a8feca5a18bce8fd04c8973a0e4359874c3"",""limitations"":[""SyntaxError: Missing parentheses in call to 'print'. Did you mean print(...)? (<unknown>, line 31)"",""Python AST failed; lexical declarations retained""]}"
914f4f0eb29430e1a5d46d5d236e58ad,external_b325ef8edc49,src/python/clik_smica_changelmax.py,extract,parse_error,"{""content_sha256"":""4db42f693555e304728600360618bf056de0141ff8028d60c94ca24fbe82ea1e"",""limitations"":[""SyntaxError: Missing parentheses in call to 'print'. Did you mean print(...)? (<unknown>, line 35)"",""Python AST failed; lexical declarations retained""]}"
23f6be50b8934b85f2356ae557d8e576,external_b325ef8edc49,src/python/create_lowl_problem.py,extract,parse_error,"{""content_sha256"":""1652501267e815995ce16a09971d27720819b1097b1d3bb0f2a7415ac61642b4"",""limitations"":[""SyntaxError: Missing parentheses in call to 'print'. Did you mean print(...)? (<unknown>, line 42)"",""Python AST failed; lexical declarations retained""]}"
ea0b865a6dc4be19f163b0e22dababbf,external_b325ef8edc49,src/python/prepare_CAMspec.py,extract,parse_error,"{""content_sha256"":""7da5df7e9f9d7f606d98086bb85e416af0a5cce5e2c48d2128d7c62584e960e5"",""limitations"":[""SyntaxError: Missing parentheses in call to 'print'. Did you mean print(...)? (<unknown>, line 153)"",""Python AST failed; lexical declarations retained""]}"
c40efeb449827aabfb02f9b387280b90,external_b325ef8edc49,src/python/prepare_actspt.py,extract,parse_error,"{""content_sha256"":""45f02e524c028a8b916a3a7099c4db8ef134a718101ae4619733a80ef508dac2"",""limitations"":[""SyntaxError: Missing parentheses in call to 'print'. Did you mean print(...)? (<unknown>, line 43)"",""Python AST failed; lexical declarations retained""]}"
008913e68b07c6c057be74180598e751,external_b325ef8edc49,src/python/prepare_bflike.py,extract,parse_error,"{""content_sha256"":""5463a4cd345e00c523c74822990d251e35f0d3e51992d46e99f93fa4efa74c2b"",""limitations"":[""SyntaxError: Missing parentheses in call to 'print'. Did you mean print(...)? (<unknown>, line 21)"",""Python AST failed; lexical declarations retained""]}"
ca8781bdfe9878a3a0c4a23921535500,external_b325ef8edc49,src/python/prepare_bicep.py,extract,parse_error,"{""content_sha256"":""8dba04c9cdc43b22f5ff0a8e660bbc96e0c54b65982dc1b6a5a3ad5cbaadfa55"",""limitations"":[""SyntaxError: Missing parentheses in call to 'print'. Did you mean print(...)? (<unknown>, line 26)"",""Python AST failed; lexical declarations retained""]}"
5c821dc1190b590ccc6a1971af1ea2de,external_b325ef8edc49,src/python/prepare_bopix.py,extract,parse_error,"{""content_sha256"":""5af58bd2f5f47e8436f8e0e5d8aceea452ef6d8f1a944876262f3dcc04fd64f4"",""limitations"":[""SyntaxError: Missing parentheses in call to 'print'. Did you mean print(...)? (<unknown>, line 83)"",""Python AST failed; lexical declarations retained""]}"
25e00fb959241a9f2deb770fed8bc108,external_b325ef8edc49,src/python/prepare_comm_lowl.py,extract,parse_error,"{""content_sha256"":""8d68866db912ff218cdf02e498fd0e4ef5a090c5c3c88b9c3641c88c72911921"",""limitations"":[""SyntaxError: Missing parentheses in call to 'print'. Did you mean print(...)? (<unknown>, line 34)"",""Python AST failed; lexical declarations retained""]}"
e9cdd1856b52b8c3578aaf997dfa1f42,external_b325ef8edc49,src/python/prepare_gibbs.py,extract,parse_error,"{""content_sha256"":""7223f0ee060839c3a3f294230e47d866402b9efee209f5ec82dfe9eb19ccd691"",""limitations"":[""SyntaxError: Missing parentheses in call to 'print'. Did you mean print(...)? (<unknown>, line 50)"",""Python AST failed; lexical declarations retained""]}"
eabe9bb831ac223625fb48330d0b669e,external_b325ef8edc49,src/python/prepare_lensing_quick.py,extract,parse_error,"{""content_sha256"":""ee445a4893930accd3b1d19f056102d7b36071b5f86908522cc8b857a33d754f"",""limitations"":[""SyntaxError: Missing parentheses in call to 'print'. Did you mean print(...)? (<unknown>, line 30)"",""Python AST failed; lexical declarations retained""]}"
7f753d3afee444797a31ccd99e5dfefb,external_b325ef8edc49,src/python/prepare_lollipop.py,extract,parse_error,"{""content_sha256"":""22858c5ec5e96d54a2094ce552dc9ca33d087f25cf39ef02740fc7ed165cd5b6"",""limitations"":[""SyntaxError: Missing parentheses in call to 'print'. Did you mean print(...)? (<unknown>, line 21)"",""Python AST failed; lexical declarations retained""]}"
a81d6b0c6abe938bfbd30f9874c0d151,external_b325ef8edc49,src/python/prepare_lowl.py,extract,parse_error,"{""content_sha256"":""3db1adb2e42c0a8c674f627ce8069d0aeda02599be4a68304a08125820fd1e0e"",""limitations"":[""SyntaxError: Missing parentheses in call to 'print'. Did you mean print(...)? (<unknown>, line 337)"",""Python AST failed; lexical declarations retained""]}"
9e550fbf71317affe06e388bcf534df2,external_b325ef8edc49,src/python/prepare_lowlike.py,extract,parse_error,"{""content_sha256"":""e30b354103bf67307daf3ac808c6a56bba81ade677cfe62fa4ed4d3500c34826"",""limitations"":[""SyntaxError: Missing parentheses in call to 'print'. Did you mean print(...)? (<unknown>, line 53)"",""Python AST failed; lexical declarations retained""]}"
151a94ba4cfb719b4159d579966fcef8,external_b325ef8edc49,src/python/prepare_mspec.py,extract,parse_error,"{""content_sha256"":""d347c7179d7783cdf594c25f3e11f5714114a56584b91f6d675ea4f5e508de08"",""limitations"":[""SyntaxError: Missing parentheses in call to 'print'. Did you mean print(...)? (<unknown>, line 18)"",""Python AST failed; lexical declarations retained""]}"
eb353b5451b71cf339b5984a57e10815,external_b325ef8edc49,src/python/prepare_plig.py,extract,parse_error,"{""content_sha256"":""533acf6145b742e6b34600dc4fdcb06f3ef2de81b923b667d9a700feb8a748bd"",""limitations"":[""SyntaxError: Missing parentheses in call to 'print'. Did you mean print(...)? (<unknown>, line 210)"",""Python AST failed; lexical declarations retained""]}"
0600ba7d824705fcd116c467be3538bd,external_b325ef8edc49,src/python/prepare_wmap.py,extract,parse_error,"{""content_sha256"":""b70c74236ca4f3368fb11777ecd41ab9bc16a2c9507fdf35350c3a16f7f939ed"",""limitations"":[""SyntaxError: multiple exception types must be parenthesized (<unknown>, line 15)"",""Python AST failed; lexical declarations retained""]}"
a2db38c9805b23500b08f4a8ecb41b98,external_b325ef8edc49,src/python/simu_plig.py,extract,parse_error,"{""content_sha256"":""7831985b193c8f4f9313fd79b4faf7a6aecea9fdf32d1aef80332a6e3908a8d1"",""limitations"":[""SyntaxError: closing parenthesis ')' does not match opening parenthesis '[' (<unknown>, line 37)"",""Python AST failed; lexical declarations retained""]}"
9a017ff8401a13d6c98e3333e810ced6,external_b325ef8edc49,src/python/synthetic_smica.py,extract,parse_error,"{""content_sha256"":""77e63d21a669e578e3753f72206af8bb0a6c7237f3191225299d60cc5636eab4"",""limitations"":[""SyntaxError: Missing parentheses in call to 'print'. Did you mean print(...)? (<unknown>, line 156)"",""Python AST failed; lexical declarations retained""]}"
e62fceb7868bb8359cc185bfc85a798c,external_b325ef8edc49,src/python/tools/clik_add_selfcheck.py,extract,parse_error,"{""content_sha256"":""7a7edfa54c856f6f57e2aed7ac9752d5d1952f3444b32861c2b069efdbc0d501"",""limitations"":[""SyntaxError: Missing parentheses in call to 'print'. Did you mean print(...)? (<unknown>, line 19)"",""Python AST failed; lexical declarations retained""]}"
5bb85c20d977a3bd300fa789179020a8,external_b325ef8edc49,src/python/tools/clik_change_lrange.py,extract,parse_error,"{""content_sha256"":""7af6cedd18a24502e326f86254a817f400e82ae867398ae18b5f0c898c35b5bd"",""limitations"":[""SyntaxError: Missing parentheses in call to 'print'. Did you mean print(...)? (<unknown>, line 33)"",""Python AST failed; lexical declarations retained""]}"
a7ee14728d64b464dce8ff044f0f6575,external_b325ef8edc49,src/python/tools/clik_change_lrange_bychannel.py,extract,parse_error,"{""content_sha256"":""8441ed5bd86c0348ed0a516010bf8f64de711098972e2fa757c1a6d08d08aac5"",""limitations"":[""SyntaxError: Missing parentheses in call to 'print'. Did you mean print(...)? (<unknown>, line 44)"",""Python AST failed; lexical declarations retained""]}"
5f4203392a73fb58e9827e45c70644da,external_b325ef8edc49,src/python/tools/clik_change_lrange_bychannel_pol.py,extract,parse_error,"{""content_sha256"":""09c954632cac6cf39977db590dc6e6d4ae5ea3c679cf014d7baf4b0470fe7abd"",""limitations"":[""SyntaxError: Missing parentheses in call to 'print'. Did you mean print(...)? (<unknown>, line 66)"",""Python AST failed; lexical declarations retained""]}"
fca1753a151e49689c384a3abc02e6df,external_b325ef8edc49,src/python/tools/clik_change_range_bychannel.py,extract,parse_error,"{""content_sha256"":""8441ed5bd86c0348ed0a516010bf8f64de711098972e2fa757c1a6d08d08aac5"",""limitations"":[""SyntaxError: Missing parentheses in call to 'print'. Did you mean print(...)? (<unknown>, line 44)"",""Python AST failed; lexical declarations retained""]}"
0b79a3de7a3ff5592318ce7f3cc3808a,external_b325ef8edc49,src/python/tools/clik_cldf_dump.py,extract,parse_error,"{""content_sha256"":""a27602b2aba09b329b01476170ae182491c63d9a0b469e500923e70ebe047edd"",""limitations"":[""SyntaxError: Missing parentheses in call to 'print'. Did you mean print(...)? (<unknown>, line 13)"",""Python AST failed; lexical declarations retained""]}"
cfaeb94d5775e8368fd7055c323051cf,external_b325ef8edc49,src/python/tools/clik_cldf_ls.py,extract,parse_error,"{""content_sha256"":""a19878f7d6b286299a641dff6c9c5dd705bcf7e672e20bbca3200694b672e9e5"",""limitations"":[""SyntaxError: multiple exception types must be parenthesized (<unknown>, line 16)"",""Python AST failed; lexical declarations retained""]}"
2f688cac523ea720db387cb1e964bf44,external_b325ef8edc49,src/python/tools/clik_disjoin.py,extract,parse_error,"{""content_sha256"":""351ed431578f8b0206d5c6fee678c53807298f3b0c3b1812bd8eeec91cd491dc"",""limitations"":[""SyntaxError: Missing parentheses in call to 'print'. Did you mean print(...)? (<unknown>, line 12)"",""Python AST failed; lexical declarations retained""]}"
8fb0459eeddf2d494b2f6796b1f713bb,external_b325ef8edc49,src/python/tools/clik_example_py.py,extract,parse_error,"{""content_sha256"":""9e8127134c8d8c8c28db87e01b4297a5400e3c7b0ff9ed7ef2a1033172e924cf"",""limitations"":[""SyntaxError: Missing parentheses in call to 'print'. Did you mean print(...)? (<unknown>, line 20)"",""Python AST failed; lexical declarations retained""]}"
16d6539700a3391af01cc8471d45b3ae,external_b325ef8edc49,src/python/tools/clik_join.py,extract,parse_error,"{""content_sha256"":""41b1b7ecaf9ae8224fbe41431e93f86e6092d385c51d4511b61791abcc3afd98"",""limitations"":[""SyntaxError: Missing parentheses in call to 'print'. Did you mean print(...)? (<unknown>, line 13)"",""Python AST failed; lexical declarations retained""]}"
7e15f0b4c24eeec44a98f5a83355fb5c,external_b325ef8edc49,src/python/tools/clik_print.py,extract,parse_error,"{""content_sha256"":""b7dc9c5e8643c286b17595cc5ac6536f8b697717ef2ab1e3026723ac65fd73f8"",""limitations"":[""SyntaxError: Missing parentheses in call to 'print'. Did you mean print(...)? (<unknown>, line 11)"",""Python AST failed; lexical declarations retained""]}"
3879184afce9bac8111790df509692e1,external_b325ef8edc49,src/python/tools/clik_smica_change_criterion.py,extract,parse_error,"{""content_sha256"":""a617c05a7bec066a6ea288216bac2a8feca5a18bce8fd04c8973a0e4359874c3"",""limitations"":[""SyntaxError: Missing parentheses in call to 'print'. Did you mean print(...)? (<unknown>, line 31)"",""Python AST failed; lexical declarations retained""]}"
d306ced14df4e77bf81131df732c2447,external_b325ef8edc49,src/python/tools/prepare_CAMspec.py,extract,parse_error,"{""content_sha256"":""71601818253a7579f63ef0e4c81399e3e2f3dbd72655fb8d4ca3c8a98c130c11"",""limitations"":[""SyntaxError: Missing parentheses in call to 'print'. Did you mean print(...)? (<unknown>, line 153)"",""Python AST failed; lexical declarations retained""]}"
f58c73fbb2e8f68332dc0839650f80ad,external_b325ef8edc49,src/python/tools/prepare_actspt.py,extract,parse_error,"{""content_sha256"":""45f02e524c028a8b916a3a7099c4db8ef134a718101ae4619733a80ef508dac2"",""limitations"":[""SyntaxError: Missing parentheses in call to 'print'. Did you mean print(...)? (<unknown>, line 43)"",""Python AST failed; lexical declarations retained""]}"
ba37d55fec8494ceec7071276b45bfa6,external_b325ef8edc49,src/python/tools/prepare_bflike.py,extract,parse_error,"{""content_sha256"":""5463a4cd345e00c523c74822990d251e35f0d3e51992d46e99f93fa4efa74c2b"",""limitations"":[""SyntaxError: Missing parentheses in call to 'print'. Did you mean print(...)? (<unknown>, line 21)"",""Python AST failed; lexical declarations retained""]}"
f56750a7c9cfa9add91a80b1402e83e9,external_b325ef8edc49,src/python/tools/prepare_bicep.py,extract,parse_error,"{""content_sha256"":""8dba04c9cdc43b22f5ff0a8e660bbc96e0c54b65982dc1b6a5a3ad5cbaadfa55"",""limitations"":[""SyntaxError: Missing parentheses in call to 'print'. Did you mean print(...)? (<unknown>, line 26)"",""Python AST failed; lexical declarations retained""]}"
b5f1c85a029a0a5be05f98cf14c7e5da,external_b325ef8edc49,src/python/tools/prepare_comm_lowl.py,extract,parse_error,"{""content_sha256"":""8d68866db912ff218cdf02e498fd0e4ef5a090c5c3c88b9c3641c88c72911921"",""limitations"":[""SyntaxError: Missing parentheses in call to 'print'. Did you mean print(...)? (<unknown>, line 34)"",""Python AST failed; lexical declarations retained""]}"
8ea838621cc92070a75062df9ca8ff0d,external_b325ef8edc49,src/python/tools/prepare_gibbs.py,extract,parse_error,"{""content_sha256"":""d89b85fe84489d4a16093aa198c00cb983001943f718114cace26a93819a7f11"",""limitations"":[""SyntaxError: Missing parentheses in call to 'print'. Did you mean print(...)? (<unknown>, line 50)"",""Python AST failed; lexical declarations retained""]}"
5c8e9eac499b18f542f3da561540bbfd,external_b325ef8edc49,src/python/tools/prepare_lensing_quick.py,extract,parse_error,"{""content_sha256"":""3ee22a521a33fbf89de3f0329e6662f53f276efd9dd02929fa8a8e344f89e047"",""limitations"":[""SyntaxError: Missing parentheses in call to 'print'. Did you mean print(...)? (<unknown>, line 30)"",""Python AST failed; lexical declarations retained""]}"
afb8915f2cf9bc3717dc773043759564,external_b325ef8edc49,src/python/tools/prepare_lollipop.py,extract,parse_error,"{""content_sha256"":""22858c5ec5e96d54a2094ce552dc9ca33d087f25cf39ef02740fc7ed165cd5b6"",""limitations"":[""SyntaxError: Missing parentheses in call to 'print'. Did you mean print(...)? (<unknown>, line 21)"",""Python AST failed; lexical declarations retained""]}"
ab2886cdb778c2f0ead467d225649a78,external_b325ef8edc49,src/python/tools/prepare_lowl.py,extract,parse_error,"{""content_sha256"":""3db1adb2e42c0a8c674f627ce8069d0aeda02599be4a68304a08125820fd1e0e"",""limitations"":[""SyntaxError: Missing parentheses in call to 'print'. Did you mean print(...)? (<unknown>, line 337)"",""Python AST failed; lexical declarations retained""]}"
ba8cf5ef10b74867ce61bf19eb1d5993,external_b325ef8edc49,src/python/tools/prepare_lowlike.py,extract,parse_error,"{""content_sha256"":""e30b354103bf67307daf3ac808c6a56bba81ade677cfe62fa4ed4d3500c34826"",""limitations"":[""SyntaxError: Missing parentheses in call to 'print'. Did you mean print(...)? (<unknown>, line 53)"",""Python AST failed; lexical declarations retained""]}"
f8a288502efa6a952e585d362e9203a0,external_b325ef8edc49,src/python/tools/prepare_momento.py,extract,parse_error,"{""content_sha256"":""f570c1e71d44cb0bb027da8ac172336fbd564c29292fe02d396ed9a9ea234b63"",""limitations"":[""SyntaxError: Missing parentheses in call to 'print'. Did you mean print(...)? (<unknown>, line 33)"",""Python AST failed; lexical declarations retained""]}"
6ccde31245443a8b3ba1472180c91329,external_b325ef8edc49,src/python/tools/prepare_mspec.py,extract,parse_error,"{""content_sha256"":""d347c7179d7783cdf594c25f3e11f5714114a56584b91f6d675ea4f5e508de08"",""limitations"":[""SyntaxError: Missing parentheses in call to 'print'. Did you mean print(...)? (<unknown>, line 18)"",""Python AST failed; lexical declarations retained""]}"
658d18b4a29a34cdc809e95625ebcfc4,external_b325ef8edc49,src/python/tools/prepare_plig.py,extract,parse_error,"{""content_sha256"":""46a442988dc3edf68ab61507f3590b30285c09f0d9f0add928997eb62e21bde4"",""limitations"":[""SyntaxError: Missing parentheses in call to 'print'. Did you mean print(...)? (<unknown>, line 325)"",""Python AST failed; lexical declarations retained""]}"
df46eb77defe7874773592585dd4f510,external_b325ef8edc49,src/python/tools/prepare_simall.py,extract,parse_error,"{""content_sha256"":""b887e0e4b7b9f609ff6e6db0cb13b2aa8a5ed96f6f599e3796b77fac633548a2"",""limitations"":[""SyntaxError: Missing parentheses in call to 'print'. Did you mean print(...)? (<unknown>, line 16)"",""Python AST failed; lexical declarations retained""]}"
e956bfaf3513cbad604c848523b244be,external_b325ef8edc49,src/python/tools/prepare_simlow.py,extract,parse_error,"{""content_sha256"":""039f1b749706f10275a43ed0454ff8d8f950482bf1591be68817ede583a1c1bb"",""limitations"":[""SyntaxError: Missing parentheses in call to 'print'. Did you mean print(...)? (<unknown>, line 19)"",""Python AST failed; lexical declarations retained""]}"
64a4bc08caae7bcc0237ce758ed79ce5,external_b325ef8edc49,src/python/tools/prepare_slik.py,extract,parse_error,"{""content_sha256"":""3316260422e0be6df3934f82a8dd6d5d4d8145a77654d03ddc239e5109468dc9"",""limitations"":[""SyntaxError: Missing parentheses in call to 'print'. Did you mean print(...)? (<unknown>, line 35)"",""Python AST failed; lexical declarations retained""]}"
ba08761dc0310943d2f1ec27f70f9f01,external_b325ef8edc49,src/python/tools/prepare_wmap.py,extract,parse_error,"{""content_sha256"":""b70c74236ca4f3368fb11777ecd41ab9bc16a2c9507fdf35350c3a16f7f939ed"",""limitations"":[""SyntaxError: multiple exception types must be parenthesized (<unknown>, line 15)"",""Python AST failed; lexical declarations retained""]}"
f3d60e29bebf1fede0ec9a7ae42ea7f7,external_b325ef8edc49,src/slik/slik.py,extract,parse_error,"{""content_sha256"":""e6b6482fbf78193b1e0163e412268e1f2e6a0b503722a81ce990a203783f3333"",""limitations"":[""SyntaxError: Missing parentheses in call to 'print'. Did you mean print(...)? (<unknown>, line 22)"",""Python AST failed; lexical declarations retained""]}"
a30a0fa5f928b8bbe8aa7767e1a8df31,external_b325ef8edc49,src/slik/slik_main.py,extract,parse_error,"{""content_sha256"":""2e7de2402df7910dc584458ce8e041316a01483d0919ffac0253b71e6b3c406c"",""limitations"":[""SyntaxError: Missing parentheses in call to 'print'. Did you mean print(...)? (<unknown>, line 37)"",""Python AST failed; lexical declarations retained""]}"
47e78d76c02a8a6c69f14f1d771adf35,external_b325ef8edc49,waf_tools/attic/autoinstall_h5py.py,extract,parse_error,"{""content_sha256"":""3ef5b0341d564e524c1598de8518de647b7c878be50d031e72e2b51e7e95c944"",""limitations"":[""SyntaxError: multiple exception types must be parenthesized (<unknown>, line 17)"",""Python AST failed; lexical declarations retained""]}"
f2d1738551e2c13b5f2449472c7d0d1e,external_b325ef8edc49,waf_tools/attic/autoinstall_hdf5.py,extract,parse_error,"{""content_sha256"":""b5e336692d4a0cf6a8496f956d62c7be4e4b9bd9c725c5b31fed5d9462f2d64c"",""limitations"":[""SyntaxError: multiple exception types must be parenthesized (<unknown>, line 34)"",""Python AST failed; lexical declarations retained""]}"
ca2c84885fafabe6037bc1459ac34709,external_b325ef8edc49,waf_tools/attic/autoinstall_lua.py,extract,parse_error,"{""content_sha256"":""5417b0d3e0053c770e2184c71258afe43371bf303e900617f67b08af3e143114"",""limitations"":[""SyntaxError: Missing parentheses in call to 'print'. Did you mean print(...)? (<unknown>, line 7)"",""Python AST failed; lexical declarations retained""]}"
8994d51c7ac4fb88c9468ddd9a609d92,external_b325ef8edc49,waf_tools/attic/chealpix.py,extract,parse_error,"{""content_sha256"":""939dbd3b38cb420012b52d08e5659b3596f65055b9cee6d9c124dd563fcdfff5"",""limitations"":[""SyntaxError: multiple exception types must be parenthesized (<unknown>, line 89)"",""Python AST failed; lexical declarations retained""]}"
26a8258bf7ff218cfdadb0aba8039cd0,external_b325ef8edc49,waf_tools/autoinstall_fftw3.py,extract,parse_error,"{""content_sha256"":""aea8b09ddd2d9844e7b86c5c8199f7f66d68015bc78e555286d22a78141bd1a0"",""limitations"":[""SyntaxError: Missing parentheses in call to 'print'. Did you mean print(...)? (<unknown>, line 6)"",""Python AST failed; lexical declarations retained""]}"
d5e57cb1fe4f37c14c58d6448dea085e,external_b325ef8edc49,waf_tools/autoinstall_h5py.py,extract,parse_error,"{""content_sha256"":""3ef5b0341d564e524c1598de8518de647b7c878be50d031e72e2b51e7e95c944"",""limitations"":[""SyntaxError: multiple exception types must be parenthesized (<unknown>, line 17)"",""Python AST failed; lexical declarations retained""]}"
90074f33ee06dbb44c424a88478e236e,external_b325ef8edc49,waf_tools/autoinstall_hdf5.py,extract,parse_error,"{""content_sha256"":""b5e336692d4a0cf6a8496f956d62c7be4e4b9bd9c725c5b31fed5d9462f2d64c"",""limitations"":[""SyntaxError: multiple exception types must be parenthesized (<unknown>, line 34)"",""Python AST failed; lexical declarations retained""]}"
28e5056266a2c6d987c07091a3604ae9,external_b325ef8edc49,waf_tools/autoinstall_lib.py,extract,parse_error,"{""content_sha256"":""e3af24b2087697ea57e7cdfeef912a65a9454d5c5cb87f3132322a6385bf6981"",""limitations"":[""SyntaxError: multiple exception types must be parenthesized (<unknown>, line 158)"",""Python AST failed; lexical declarations retained""]}"
f5c1c0b18f6318b387a8e243623d1de4,external_b325ef8edc49,waf_tools/autoinstall_lua.py,extract,parse_error,"{""content_sha256"":""0b9e680f55add2cdd74a2d30f7d3baa660507add53c8641064e62f8f7ef93cd8"",""limitations"":[""SyntaxError: Missing parentheses in call to 'print'. Did you mean print(...)? (<unknown>, line 7)"",""Python AST failed; lexical declarations retained""]}"
d4c2db40dea5b06ab6cef8a99e92568c,external_b325ef8edc49,waf_tools/c_openmp.py,extract,parse_error,"{""content_sha256"":""95334a63a09ea5ac3e45ea465ac6ae69b62067dcb8bc3e2ffb988eb1e7404ec9"",""limitations"":[""SyntaxError: Missing parentheses in call to 'print'. Did you mean print(...)? (<unknown>, line 47)"",""Python AST failed; lexical declarations retained""]}"
d01b497e9f81f15f938de35eac4320aa,external_b325ef8edc49,waf_tools/chealpix.py,extract,parse_error,"{""content_sha256"":""939dbd3b38cb420012b52d08e5659b3596f65055b9cee6d9c124dd563fcdfff5"",""limitations"":[""SyntaxError: multiple exception types must be parenthesized (<unknown>, line 89)"",""Python AST failed; lexical declarations retained""]}"
960dd358257c9bdb5c2e333002fe6802,external_b325ef8edc49,waf_tools/execconfig.py,extract,parse_error,"{""content_sha256"":""e3abdaedec562d7c0989d35fcd8d16cd9bff034036aed52e9df76f3b433c57f2"",""limitations"":[""SyntaxError: Missing parentheses in call to 'print'. Did you mean print(...)? (<unknown>, line 48)"",""Python AST failed; lexical declarations retained""]}"
60cea5fa4b16a9472944913c36e6e6ef,external_b325ef8edc49,waf_tools/pmclib.py,extract,parse_error,"{""content_sha256"":""a306eea3a831f6ade96a2f2cf9f4ec9d6e790348e8eaabdea9710de5bb0d1adf"",""limitations"":[""SyntaxError: multiple exception types must be parenthesized (<unknown>, line 15)"",""Python AST failed; lexical declarations retained""]}"
dead2fff9bf93af51e0f5c1903051d68,external_b325ef8edc49,waf_tools/try_icc.py,extract,parse_error,"{""content_sha256"":""473ef0c372552b65d52152ecf5a0fd84847464ca1669b49961809f11eb061ef3"",""limitations"":[""SyntaxError: multiple exception types must be parenthesized (<unknown>, line 130)"",""Python AST failed; lexical declarations retained""]}"
dce81c6a2f1c24b8d8699caceef07eaa,external_b325ef8edc49,waf_tools/try_ifort.py,extract,parse_error,"{""content_sha256"":""ec9c3c1756018481ab1f76f6d900e627dd0f9c1758d52d17c4b11471583940b8"",""limitations"":[""SyntaxError: multiple exception types must be parenthesized (<unknown>, line 75)"",""Python AST failed; lexical declarations retained""]}"
ff5b6c109f38a4e879de223f9a09a28c,external_fff8a5f83550,attic/cobaya_files/SPT3G_Y1/TEEE.yaml,extract,parse_error,"{""content_sha256"":""d3590a4bf14e0425d800c520da7470ac6b8ffc61f07ee6e22590db0a20ae6595"",""limitations"":[""ConstructorError: could not determine a constructor for the tag '!defaults'\n  in \""<unicode string>\"", line 8, column 9:\n    params: !defaults [params_TEEE]\n            ^""]}"
8da378d702f7396a29af070869a5f819,external_fff8a5f83550,cobaya_files/SPT3G_Y1/TEEE.yaml,extract,parse_error,"{""content_sha256"":""d3590a4bf14e0425d800c520da7470ac6b8ffc61f07ee6e22590db0a20ae6595"",""limitations"":[""ConstructorError: could not determine a constructor for the tag '!defaults'\n  in \""<unicode string>\"", line 8, column 9:\n    params: !defaults [params_TEEE]\n            ^""]}"
74ec51bf13f303bd9353304c0a209960,external_fff8a5f83550,cobaya_files/SPT3G_Y1/TTTEEE.yaml,extract,parse_error,"{""content_sha256"":""26cceaf88efce6442d2e79bac1af85a6795ba1fc6b29ea349f2a8f6695edf6d2"",""limitations"":[""ConstructorError: could not determine a constructor for the tag '!defaults'\n  in \""<unicode string>\"", line 8, column 9:\n    params: !defaults [params_TTTEEE]\n            ^""]}"
d66f56d266f0b8f8843cab00c34b69c3,htt_base,.github/workflows/pr315-covariance-replay-integrate.yml,extract,parse_error,"{""content_sha256"":""65dd2df0dbafe63ff1beaac5830c481916a0df3c7205cd79750f2e4b4117439b"",""limitations"":[""ScannerError: while scanning a simple key\n  in \""<unicode string>\"", line 60, column 5:\n        )'''\n        ^\ncould not find expected ':'\n  in \""<unicode string>\"", line 61, column 34:\n              if text.count(old) != 1:\n                                     ^""]}"
f1e7046599c458bf11c965d743fa4820,htt_base,docs/codex_handoff/htt_tensorized_report_first_20260903/REPORT_A_CITATION_PROVENANCE_MATRIX_V1.yaml,extract,parse_error,"{""content_sha256"":""b385ce53135c2998011e65151cdd4f98a5269fafad307bc5456003f0a2f7d4ad"",""limitations"":[""ScannerError: mapping values are not allowed here\n  in \""<unicode string>\"", line 32, column 35:\n        title: Randomization Inference: Theory and Applications\n                                      ^""]}"
fe72e08ba7ac221e6992921d65180675,htt_base,docs/codex_handoff/htt_tensorized_report_first_20260903/REPORT_A_CITATION_PROVENANCE_MATRIX_V2.yaml,extract,parse_error,"{""content_sha256"":""a159d132abcd243ce24dfc01709319cfb931b90ef2bc250004293d0c732b78e6"",""limitations"":[""ScannerError: mapping values are not allowed here\n  in \""<unicode string>\"", line 42, column 35:\n        title: Randomization Inference: Theory and Applications\n                                      ^""]}"
f7d2912390ae8064e05e8249ecd367bc,htt_base,docs/codex_handoff/pr315_audit_compiled_exec_plan.yaml,extract,parse_error,"{""content_sha256"":""aa62d29c9c3f338d8746f9637b58a619f75f4de62f8d93293d142dfba510dff7"",""limitations"":[""ScannerError: mapping values are not allowed here\n  in \""<unicode string>\"", line 217, column 50:\n     ...  sensitivity branches separately: delivered full-sky/inpainted m ... \n                                         ^""]}"
8c7f246f9ce707ea80afd3d0b32bc0fb,htt_base,docs/codex_handoff/pr408_final/PACKAGE_INDEX.yaml,extract,parse_error,"{""content_sha256"":""d95d7aee47cc824be411048237f90de2daf06e0e91bb65a80ec540cd37a637df"",""limitations"":[""ParserError: while parsing a block collection\n  in \""<unicode string>\"", line 133, column 3:\n      - WU-001\n      ^\nexpected <block end>, but found '?'\n  in \""<unicode string>\"", line 140, column 3:\n      rule: canonical IDs are allocate ... \n      ^""]}"
b5b9407dca4613e183e09b3e8a4ba198,htt_base,docs/generated/tensor_joint_r8/orbit_continuation/checkpoints/mock1_M31_0.json,extract,oversized_text,{}
27ba1cb08285015b10472364b091c3a0,htt_base,docs/generated/tensor_joint_r8/orbit_continuation/checkpoints/mock1_M31_1.json,extract,oversized_text,{}
4a8c459b9c0a9b4e7a9839bf3d43624c,htt_base,docs/generated/tensor_joint_r8/orbit_continuation/checkpoints/mock1_M31_2.json,extract,oversized_text,{}
8b2e2ceb280be8013fb603f50db31dd6,htt_base,docs/generated/tensor_joint_r8/orbit_continuation/checkpoints/mock1_M31_3.json,extract,oversized_text,{}
8f5a7e81b367df268c76bab6ec83ee6c,htt_base,docs/generated/tensor_joint_r8/orbit_continuation/checkpoints/mock1_M31_4.json,extract,oversized_text,{}
20ed78f1156f96bb8e49e65f1c051fde,htt_base,docs/generated/tensor_joint_r8/orbit_continuation/checkpoints/mock1_M31_5.json,extract,oversized_text,{}
579a2fd9b0283bd9572cd988175bca4c,htt_base,docs/generated/tensor_joint_r8/orbit_continuation/checkpoints/mock1_M31_6.json,extract,oversized_text,{}
33f78cec9510b9086b07958c7f0ec599,htt_base,docs/generated/tensor_joint_r8/orbit_continuation/checkpoints/mock1_M31_7.json,extract,oversized_text,{}
3169aa56f71593d1f5eba32fd5098351,htt_base,docs/generated/tensor_joint_r8/orbit_continuation/checkpoints/mock1_M31_8.json,extract,oversized_text,{}
27cc7ced9047294dd931a74690bcc6c2,htt_base,docs/generated/tensor_joint_r8/orbit_continuation/checkpoints/mock1_M31_9.json,extract,oversized_text,{}
5475d227f53852d9f9a3837049b35989,htt_base,docs/research_program/egs3/CLAIM_LEDGER.yaml,extract,parse_error,"{""content_sha256"":""cf7b3390f9dd72b9c270851ff86a7dcd144b2308dadde8d1b7946ead805833d6"",""limitations"":[""ParserError: while parsing a flow sequence\n  in \""<unicode string>\"", line 72, column 14:\n        caveats: [real single-sky SI descriptor;  ... \n                 ^\nexpected ',' or ']', but got '{'\n  in \""<unicode string>\"", line 72, column 150:\n     ... SSING_PR4_E2E_ACCESS); theory A^{LM}(g) fail-closed; consistent  ... \n                                         ^""]}"
51dbb23bfdb517ffde8a3030d0248948,htt_base,docs/research_program/egs3/tickets/mes_full_rederivation.yaml,extract,parse_error,"{""content_sha256"":""a8827dd34727040db3a6a6381f635648718a9ae5411be80ab63c4d6270988251"",""limitations"":[""ScannerError: mapping values are not allowed here\n  in \""<unicode string>\"", line 14, column 23:\n      theorem (MES Thm 3.4: B_sigma > B_omega > B_accel on ... \n                          ^""]}"
116186f429f058c538977bd7156b37ce,htt_base,docs/research_program/egs3/tickets/teff_representative_nonclaims.yaml,extract,parse_error,"{""content_sha256"":""f9e176ea361d8b871b85ea720a9aba8de299458848264a2d1128bc6680b22e94"",""limitations"":[""ScannerError: while scanning a simple key\n  in \""<unicode string>\"", line 17, column 5:\n        time-propagated error bar; it is ... \n        ^\ncould not find expected ':'\n  in \""<unicode string>\"", line 18, column 5:\n        account (draft Sec. X).\n        ^""]}"
b25679db83bcb8a27f94400325955b5b,htt_base,docs/research_program/post_pr275/pr304_spec.yaml,extract,parse_error,"{""content_sha256"":""942bcc756dcc73e156ca7eafef920f0207ad38133265548f8074070057004d5f"",""limitations"":[""ParserError: while parsing a block collection\n  in \""<unicode string>\"", line 56, column 3:\n      - BLOCKED_DATA_ADMISSION_UNBOUND\n      ^\nexpected <block end>, but found '?'\n  in \""<unicode string>\"", line 61, column 3:\n      compatibility_serialization:\n      ^""]}"
8b6a299a38f351b2410f796c5b278894,htt_base,docs/research_program/strengthening/pr186_spec.yaml,extract,parse_error,"{""content_sha256"":""21c95db9fb2fd6099e02f94e0363a6c6057081674ac9116ce6d12b60c743b480"",""limitations"":[""ScannerError: mapping values are not allowed here\n  in \""<unicode string>\"", line 35, column 40:\n     ... < 1e-12 AND exact symbolic sympy: registered form, ratio 3, ceiling\n                                         ^""]}"
05d0a4fd094cdc59e0b5a76c30907d2e,htt_base,docs/research_program/strengthening/pr188_spec.yaml,extract,parse_error,"{""content_sha256"":""3b958935d4e7a6e934d33c4b26b1b39b179f0c3b6e112d4e4e3d0d61cf5701b9"",""limitations"":[""ScannerError: while scanning a block scalar\n  in \""<unicode string>\"", line 36, column 5:\n      - >=15 load-bearing mutations each ... \n        ^\nexpected chomping or indentation indicators, but found '='\n  in \""<unicode string>\"", line 36, column 6:\n      - >=15 load-bearing mutations each  ... \n         ^""]}"
e13767d371e0ff780c1cb2dbb531dbe9,htt_base,docs/research_program/strengthening/pr197_spec.yaml,extract,parse_error,"{""content_sha256"":""5bc4d056530a44ada0f46c47fb2fd16206b154b7edc407a246930fe192d64b2d"",""limitations"":[""ScannerError: while scanning a simple key\n  in \""<unicode string>\"", line 34, column 5:\n        <= alpha for every tie pattern.\n        ^\ncould not find expected ':'\n  in \""<unicode string>\"", line 35, column 3:\n      - a moderate reproducible Monte- ... \n      ^""]}"
197931fa44436c7355b226aeee78c41c,htt_base,htt/docs/Kolb-Turner - The Early Universe.pdf,extract,oversized_text,{}
5b72e52a587a8b81a26165e9186f50d3,htt_base,refs/codex/turn-diffs/captures/1789212269454/30c8c827-192a-4f67-b7cc-5dc86219aba2/base,git_ref,non_commit_ref,Ref does not point to a commit
e562f8391cceade78f02594398ab408d,htt_base,refs/codex/turn-diffs/checkpoints/2710d5e30a78d0a577b123d2bf41f03313598b6b2adfe2808a3de46d581d742b/f80181bad311d58fa8e1d0847e809d1631a38ce3f687fb83aa316db325145aee/1788708403065/ec5567ac-70ba-410d-82e8-69169d938f30,git_ref,non_commit_ref,Ref does not point to a commit
f27755bcfdf23218b2da238eaa008c17,htt_base,refs/codex/turn-diffs/checkpoints/6e7385e920a17fc95297830bb225734ccea4a14a7e09482548e5e235a2245d1f/4c817cdf328337b7c052023c9b57fe2d964ee77d6059ceaebb600200d2b20653/1788975747830/0c36b4e3-9862-4415-8a7e-f4a9008897be,git_ref,non_commit_ref,Ref does not point to a commit
a39d9a8ad271be59225116d93a145bcb,htt_base,refs/codex/turn-diffs/checkpoints/8b998f459827757b797e6e0fa444496ddd9d8e16e1a3cb5a4286478fd1e935d0/c61b7c19c9fc00973efe2876d0f8ecf33e6c51967d652df7fb25459c4d3fcc46/1788766546925/19cdfbc2-93e1-4bf7-b3fc-d2cbc543d5b6,git_ref,non_commit_ref,Ref does not point to a commit
8032865dbfd40d97ecc4ddbc0efc2804,htt_base,refs/codex/turn-diffs/checkpoints/8fc0704627030b19194049c8d219ff420292cf2d2c27f2ae8fd2db911df471ac/ad86a2dd00bb74d98bad8bac37b85778fed6cd5ccc8833cc09a7cfcf42eaf391/1789212264857/b959f5fa-bf39-48b2-9283-28f22926ed9e,git_ref,non_commit_ref,Ref does not point to a commit
95642a5ddac3d7094d81437005af741d,htt_base,refs/codex/turn-diffs/checkpoints/bf120216fc3573219477e1c878ee9d4611f203a124bdea54dd4cc24c72de619e/13a54df1ccf5865929b660a01cb4d6add2e450565736f055c8468566f381b9ac/1788739001619/57a12d1e-b8f9-4a01-b7c3-59587684f25b,git_ref,non_commit_ref,Ref does not point to a commit
0e4dcb1ff22da9f1334f27d19cde143e,htt_pre_rewrite,docs/Kolb-Turner - The Early Universe.pdf,extract,oversized_text,{}
db09219556a02efd3f93c0a6d21bfd27,htt_pre_rewrite,docs/generated/external_audit_package.zip!/manuscript/htt_base_research_report.pdf,extract,oversized_text,{}
3e33bbd2470124cb0a6eca9f84db7a80,htt_pre_rewrite,docs/generated/manuscript_pdf/htt_base_research_report.pdf,extract,oversized_text,{}
20466044f1c96a8af2a86d05abb33179,htt_pre_rewrite,docs/research_program/egs3/CLAIM_LEDGER.yaml,extract,parse_error,"{""content_sha256"":""0d3a1186cc3e707a64f963651c598a4acec695617e236106d2d49c94461d8073"",""limitations"":[""ParserError: while parsing a flow sequence\n  in \""<unicode string>\"", line 72, column 14:\n        caveats: [real single-sky SI descriptor;  ... \n                 ^\nexpected ',' or ']', but got '{'\n  in \""<unicode string>\"", line 72, column 150:\n     ... SSING_PR4_E2E_ACCESS); theory A^{LM}(g) fail-closed; consistent  ... \n                                         ^""]}"
b5bc8aa829c4143b30d5163a39b83633,htt_pre_rewrite,docs/research_program/egs3/tickets/mes_full_rederivation.yaml,extract,parse_error,"{""content_sha256"":""a8827dd34727040db3a6a6381f635648718a9ae5411be80ab63c4d6270988251"",""limitations"":[""ScannerError: mapping values are not allowed here\n  in \""<unicode string>\"", line 14, column 23:\n      theorem (MES Thm 3.4: B_sigma > B_omega > B_accel on ... \n                          ^""]}"
945ba0451d2e9b0a5aec93d75a4bd600,htt_pre_rewrite,docs/research_program/egs3/tickets/teff_representative_nonclaims.yaml,extract,parse_error,"{""content_sha256"":""f9e176ea361d8b871b85ea720a9aba8de299458848264a2d1128bc6680b22e94"",""limitations"":[""ScannerError: while scanning a simple key\n  in \""<unicode string>\"", line 17, column 5:\n        time-propagated error bar; it is ... \n        ^\ncould not find expected ':'\n  in \""<unicode string>\"", line 18, column 5:\n        account (draft Sec. X).\n        ^""]}"
7c76b3846685b3ab50a2b4098e65cc37,htt_pre_rewrite,docs/research_program/pr04/htt_pr04_research_audit_package.zip!/pr04_research_audit/docs/research_program/egs3/CLAIM_LEDGER.yaml,extract,parse_error,"{""content_sha256"":""72ededbf16b8ae2276ce2c92d242bdfd7f781f701a11daba65fe3e18170819bd"",""limitations"":[""ParserError: while parsing a flow sequence\n  in \""<unicode string>\"", line 72, column 14:\n        caveats: [real single-sky SI descriptor;  ... \n                 ^\nexpected ',' or ']', but got '{'\n  in \""<unicode string>\"", line 72, column 150:\n     ... SSING_PR4_E2E_ACCESS); theory A^{LM}(g) fail-closed; consistent  ... \n                                         ^""]}"
913b94eeed65f8f60b99595d920f9821,htt_pre_rewrite,figures/paper/ch02_dipole/fig_ch02e_cf4_velocity_field.pdf,extract,oversized_text,{}
9063799095a27ebf09720a780468da28,htt_pre_rewrite,figures/paper/ch02_dipole/fig_ch02l_cf4_bulk_flow_depth.pdf,extract,oversized_text,{}
d8b0fadd104278c56f6fd33b518560ac,htt_pre_rewrite,htt.zip!/htt/docs/Kolb-Turner - The Early Universe.pdf,extract,oversized_text,{}
dbad53940b57a096d9bdf9bd03d21dd8,htt_pre_rewrite,htt/docs/Kolb-Turner - The Early Universe.pdf,extract,oversized_text,{}
e7d733a9503497016783432d4a2358e1,htt_pre_rewrite,legacy/bass_htt_mio_github_ready_PR28_20260416.zip!/data/external_recovery/external_data_recovery_v2/scripts/extract_cmb_like_products.py,extract,parse_error,"{""content_sha256"":""e7ad7a0d8d7726bd4ef291017895096017245fdf6306680ba338ce4d9c04b810"",""limitations"":[""SyntaxError: unterminated string literal (detected at line 28) (<unknown>, line 28)"",""Python AST failed; lexical declarations retained""]}"
a57a44f0f0ca6c3dc90a6a89c89e648f,htt_pre_rewrite,legacy/cf4_p0/packages/external_audit/external_audit_package.zip!/manuscript/htt_base_research_report.pdf,extract,oversized_text,{}
fdcf132453fe04209fdc59fc349d788a,htt_pre_rewrite,legacy/cf4_p0/packages/manuscript_pdf/htt_base_research_report.pdf,extract,oversized_text,{}
83a3850859b07fbba2fa7cbf440aab0f,htt_pre_rewrite,legacy/mz_cmb_truncation_artifacts.zip!/mz_cmb_truncation/summary.json,extract,parse_error,"{""content_sha256"":""6325c533ce5cfe711fe837c2e6d44f28952f97970be4c622e1e5369b537c06f1"",""limitations"":[""JSONDecodeError: Expecting value: line 80 column 34 (char 2774)""]}"
7ced54f64fd608b87f29b1eb55e23492,htt_pre_rewrite,refs/codex/turn-diffs/checkpoints/6c7af56d12c77465ae08c944eec99b183b85e3423f6320280f12465bdc5399d4/5608c6e54fa2dd79cfa90d77e74f0eb7c91f09e640b82aaba4080a6dcea7948f/1783996982253/0795d42a-716a-427e-b094-a3d3e20d730d,git_ref,non_commit_ref,Ref does not point to a commit
cf29003a2ae90e3a2b681bee86b7e4e0,htt_pre_rewrite,refs/codex/turn-diffs/checkpoints/c39760b4405775c81f9787a26da23272323ac0a9127f2a023058cd3b1d8366f8/bf1dedb92e439de4334760b5c3cd5b5916d58569d68d651bb2835134756edb2e/1784262063804/d67643ae-bd5f-4d4a-a1a8-3c2af44efecb,git_ref,non_commit_ref,Ref does not point to a commit
0781b5d63e867fa9f717b6c4b6f63126,main_overlay,HTT_T2_REPAIR_LOCAL_CODEX_HANDOFF_20260905.zip!/recovered_baseline/HTT_AUTHORITY_REPLAY_REVIEW_PACKAGE_20260905.zip!/historical_citation.yaml,extract,parse_error,"{""content_sha256"":""a159d132abcd243ce24dfc01709319cfb931b90ef2bc250004293d0c732b78e6"",""limitations"":[""ScannerError: mapping values are not allowed here\n  in \""<unicode string>\"", line 42, column 35:\n        title: Randomization Inference: Theory and Applications\n                                      ^""]}"
e397353e3b9eee327bca33b4fa1da6e1,main_overlay,docs/Kolb-Turner - The Early Universe.pdf,extract,oversized_text,"{""mtime_ns"":1776512650824002615,""version_kind"":""local_observation""}"
9506cf47313181022d4ae904367750e1,main_overlay,docs/research_program/pr04/htt_pr04_research_audit_package.zip!/pr04_research_audit/docs/research_program/egs3/CLAIM_LEDGER.yaml,extract,parse_error,"{""content_sha256"":""72ededbf16b8ae2276ce2c92d242bdfd7f781f701a11daba65fe3e18170819bd"",""limitations"":[""ParserError: while parsing a flow sequence\n  in \""<unicode string>\"", line 72, column 14:\n        caveats: [real single-sky SI descriptor;  ... \n                 ^\nexpected ',' or ']', but got '{'\n  in \""<unicode string>\"", line 72, column 150:\n     ... SSING_PR4_E2E_ACCESS); theory A^{LM}(g) fail-closed; consistent  ... \n                                         ^""]}"
61f718cb50468bb9541f5e8921dce5e1,main_overlay,htt_legacy_revival_round2_20260721.zip!/htt_legacy_revival_round2_20260721/legacy_sources/monograph/main_FINAL_20260314.pdf,extract,oversized_text,{}
b60be6c42fa9c626c653304eb6f62b42,main_overlay,htt_legacy_revival_round2_20260721/legacy_sources/monograph/main_FINAL_20260314.pdf,extract,oversized_text,"{""mtime_ns"":1784632142000000000,""version_kind"":""local_observation""}"
e7e0e1b8a9cb9e7b036dcc574aa80678,main_overlay,legacy/bass_htt_mio_github_ready_PR28_20260416.zip!/data/external_recovery/external_data_recovery_v2/scripts/extract_cmb_like_products.py,extract,parse_error,"{""content_sha256"":""e7ad7a0d8d7726bd4ef291017895096017245fdf6306680ba338ce4d9c04b810"",""limitations"":[""SyntaxError: unterminated string literal (detected at line 28) (<unknown>, line 28)"",""Python AST failed; lexical declarations retained""]}"
2875e737f3ba035884ef511c89a87171,main_overlay,legacy/cf4_p0/packages/external_audit/external_audit_package.zip!/manuscript/htt_base_research_report.pdf,extract,oversized_text,{}
eb29c747a931a3a92a55fbea65f727b1,main_overlay,legacy/cf4_p0/packages/manuscript_pdf/htt_base_research_report.pdf,extract,oversized_text,"{""mtime_ns"":1782467226939479651,""version_kind"":""local_observation""}"
57f86dc2c2b6c01edc15366cf708667a,main_overlay,legacy/mz_cmb_truncation_artifacts.zip!/mz_cmb_truncation/summary.json,extract,parse_error,"{""content_sha256"":""6325c533ce5cfe711fe837c2e6d44f28952f97970be4c622e1e5369b537c06f1"",""limitations"":[""JSONDecodeError: Expecting value: line 80 column 34 (char 2774)""]}"
4140e95e908312a341e63299d98e16a1,main_overlay,old_version/main_FINAL.pdf,extract,oversized_text,"{""mtime_ns"":1773503014000000000,""version_kind"":""local_observation""}"
1d5124e4fcdb0ce21abcb1efe0910a26,main_overlay,workdir/downloads/act_dr6_lensing/ACT_dr6_likelihood_v1.2.tgz!/v1.2/like_corrs/N1_planck_der_BB_lmin100_lmax2048.txt,extract,oversized_text,{}
59f39e6c74a76d6190c4418b12a2f1ba,main_overlay,workdir/downloads/act_dr6_lensing/ACT_dr6_likelihood_v1.2.tgz!/v1.2/like_corrs/N1_planck_der_EE_lmin100_lmax2048.txt,extract,oversized_text,{}
7eb26fd580d4617f80f2ff84b32ea099,main_overlay,workdir/downloads/act_dr6_lensing/ACT_dr6_likelihood_v1.2.tgz!/v1.2/like_corrs/N1_planck_der_KK_lmin100_lmax2048.txt,extract,oversized_text,{}
2613372412fae59e0f0e9c61d6a6ffd8,main_overlay,workdir/downloads/act_dr6_lensing/ACT_dr6_likelihood_v1.2.tgz!/v1.2/like_corrs/N1_planck_der_TE_lmin100_lmax2048.txt,extract,oversized_text,{}
fdaa0678bf67bd4095de846f77047791,main_overlay,workdir/downloads/act_dr6_lensing/ACT_dr6_likelihood_v1.2.tgz!/v1.2/like_corrs/N1_planck_der_TT_lmin100_lmax2048.txt,extract,oversized_text,{}
f0f8f97c99a366e30107cca1936be387,main_overlay,workdir/downloads/act_dr6_lensing/ACT_dr6_likelihood_v1.2.tgz!/v1.2/like_corrs/N1der_BB_lmin600_lmax3000_full.txt,extract,oversized_text,{}
d3aa24b6a50de4efd157e403ba7d7acd,main_overlay,workdir/downloads/act_dr6_lensing/ACT_dr6_likelihood_v1.2.tgz!/v1.2/like_corrs/N1der_EE_lmin600_lmax3000_full.txt,extract,oversized_text,{}
99d63430900f8e2a860edf51715ea5e5,main_overlay,workdir/downloads/act_dr6_lensing/ACT_dr6_likelihood_v1.2.tgz!/v1.2/like_corrs/N1der_KK_lmin600_lmax3000_full.txt,extract,oversized_text,{}
714083184d6481c7bc4916b9150bd523,main_overlay,workdir/downloads/act_dr6_lensing/ACT_dr6_likelihood_v1.2.tgz!/v1.2/like_corrs/N1der_TE_lmin600_lmax3000_full.txt,extract,oversized_text,{}
5916ff5f096667c29d03dfff85e1c945,main_overlay,workdir/downloads/act_dr6_lensing/ACT_dr6_likelihood_v1.2.tgz!/v1.2/like_corrs/N1der_TT_lmin600_lmax3000_full.txt,extract,oversized_text,{}
3208dbe713445d2552e317a3f4c3ec72,main_overlay,workdir/downloads/actpollite_python_dr4.01.tar.gz!/actpollite_python_dr4.01/notebooks/Basic Example.ipynb,extract,parse_error,"{""content_sha256"":""a1f2230c19e1a37a0dfe7d2e343b41ed1849400637d1c4698776b67ac5f6e400"",""limitations"":[""SyntaxError: invalid syntax (<unknown>, line 1)""]}"
d84eed21528a575258d5a854fbed49c3,main_overlay,workdir/downloads/actpollite_python_dr4.01.tar.gz!/actpollite_python_dr4.01/notebooks/Example for Cobaya (devel branch).ipynb,extract,parse_error,"{""content_sha256"":""bb3996b6cc3ec994c278c06c23110ddbebddbdff006b407ddb9fe3c98ee41516"",""limitations"":[""SyntaxError: invalid syntax (<unknown>, line 1)""]}"
9268c50b6e6f9d8158bc0e8938257bce,main_overlay,workdir/downloads/actpollite_python_dr4.01.tar.gz!/actpollite_python_dr4.01/notebooks/Example for Cobaya (stable).ipynb,extract,parse_error,"{""content_sha256"":""04cd315f23bdcd437c33eb01402f941ab257e9def610dc7c1584d36205809086"",""limitations"":[""SyntaxError: invalid syntax (<unknown>, line 1)""]}"
13ba4f72c08158167325831ccee9df09,main_overlay,workdir/downloads/pyactlike_master.zip!/pyactlike-master/notebooks/Basic Example.ipynb,extract,parse_error,"{""content_sha256"":""1aad36dd3bbe72328b7e4741c7a977c72515aff2ef44329a427c55482dc2d933"",""limitations"":[""SyntaxError: invalid syntax (<unknown>, line 1)""]}"
357877a7c39bc14dfcd3ac3bee7e26e6,main_overlay,workdir/downloads/pyactlike_master.zip!/pyactlike-master/notebooks/Example for Cobaya (devel branch).ipynb,extract,parse_error,"{""content_sha256"":""bb3996b6cc3ec994c278c06c23110ddbebddbdff006b407ddb9fe3c98ee41516"",""limitations"":[""SyntaxError: invalid syntax (<unknown>, line 1)""]}"
d3a93aaf6460ce7bd554337cf610bd59,main_overlay,workdir/downloads/pyactlike_master.zip!/pyactlike-master/notebooks/Example for Cobaya (stable).ipynb,extract,parse_error,"{""content_sha256"":""04cd315f23bdcd437c33eb01402f941ab257e9def610dc7c1584d36205809086"",""limitations"":[""SyntaxError: invalid syntax (<unknown>, line 1)""]}"
5a27443dd0d40ce9ee9702804c3d42b4,main_overlay,workdir/downloads/pyactlike_master.zip!/pyactlike-master/notebooks/plot_spectra.ipynb,extract,parse_error,"{""content_sha256"":""6013702e06bbbe802a67b16c6fc8db254e8eab3ef1b30d34b9c00e24f2ab9f2e"",""limitations"":[""SyntaxError: invalid syntax (<unknown>, line 1)""]}"
5fecac03ca7d15c87f5cfc31834699f5,main_overlay,workdir/downloads/spt3g_y1_dist_main.zip!/spt3g_y1_dist-main/cobaya_files/SPT3G_Y1/TTTEEE.yaml,extract,parse_error,"{""content_sha256"":""26cceaf88efce6442d2e79bac1af85a6795ba1fc6b29ea349f2a8f6695edf6d2"",""limitations"":[""ConstructorError: could not determine a constructor for the tag '!defaults'\n  in \""<unicode string>\"", line 8, column 9:\n    params: !defaults [params_TTTEEE]\n            ^""]}"
b6b5c26e9d1dcf5341fdac9404172975,main_overlay,workdir/e2e_downloads/pla/logs/aria2_k1_ffp10_smica_j1_20260715_021038.log,extract,oversized_text,"{""mtime_ns"":1784063906394000869,""version_kind"":""local_observation""}"
8681f3b394237451bd8b5af2a3502162,main_overlay,workdir/e2e_downloads/pla/logs/aria2_k1_ffp10_smica_j4_20260708_114330.log,extract,oversized_text,"{""mtime_ns"":1783862807679670018,""version_kind"":""local_observation""}"
e7cb7d504e4f57bdcd2407245db31eef,main_overlay,workdir/e2e_downloads/pla/logs/aria2_k1_ffp10_smica_pending.log,extract,oversized_text,"{""mtime_ns"":1784088034541634540,""version_kind"":""local_observation""}"
b54d2079ab3d3b7ed6bba179dc872a0e,main_overlay,workdir/e2e_downloads/pla/logs/aria2_redownload.log,extract,oversized_text,"{""mtime_ns"":1784042013607934573,""version_kind"":""local_observation""}"
d0f876aaac722ea52b2cddacf3a43d7f,main_overlay,workdir/e2e_runs/R4A1E_LOCAL_EXISTING_R2_20260905T085024Z/R4A1E_LOCAL_EXISTING_R2_20260905T085024Z.zip!/result/dependency-cache-files.json,extract,oversized_text,{}
df7f7642b7a83bbddb727146ca76be62,main_overlay,workdir/e2e_runs/R4A1E_LOCAL_EXISTING_R2_20260905T085024Z/result/dependency-cache-files.json,extract,oversized_text,"{""mtime_ns"":1788598540979214099,""version_kind"":""local_observation""}"
0f80cdcfa7370c0e5655c1043266c2e9,main_overlay,workdir/e2e_runtime/micromamba/pkgs/cache/88ec62ec.json,extract,oversized_text,"{""mtime_ns"":1787986523361090202,""version_kind"":""local_observation""}"
933b5fd6b70060e0ffb2aa7e611aae5f,main_overlay,workdir/external_fusion_round3_20260722_envs/firecrown/lib/python3.1/idlelib/idle_test/example_stub.pyi,extract,parse_error,"{""content_sha256"":""e89a8196b490fe728f31af590b3bbca69bddc7aec8cbf09d2a5ae0953240ac56"",""limitations"":[""SyntaxError: unterminated string literal (detected at line 1) (<unknown>, line 1)"",""Python AST failed; lexical declarations retained""],""mtime_ns"":1787353200627323600,""version_kind"":""local_observation""}"
48070a7e4833cecca20bcd1987c2cf71,main_overlay,workdir/external_fusion_round3_20260722_envs/firecrown/lib/python3.1/lib2to3/tests/data/bom.py,extract,parse_error,"{""content_sha256"":""16c62c93da9ed9338601adb171f1aac3d28c1c9cae35ee1b6de7948de837e436"",""limitations"":[""SyntaxError: Missing parentheses in call to 'print'. Did you mean print(...)? (<unknown>, line 2)"",""Python AST failed; lexical declarations retained""],""mtime_ns"":1787353200777922000,""version_kind"":""local_observation""}"
a00c1f3afe3e4aef370ef073d7d5e215,main_overlay,workdir/external_fusion_round3_20260722_envs/firecrown/lib/python3.1/lib2to3/tests/data/crlf.py,extract,parse_error,"{""content_sha256"":""d910ad886333abf3664a4fb4290d3b81307a16c6d9ca14356b3644a9aae6e714"",""limitations"":[""SyntaxError: Missing parentheses in call to 'print'. Did you mean print(...)? (<unknown>, line 1)"",""Python AST failed; lexical declarations retained""],""mtime_ns"":1787353200780483000,""version_kind"":""local_observation""}"
dbc9dffa9ad91c162a648a7970de12ad,main_overlay,workdir/external_fusion_round3_20260722_envs/firecrown/lib/python3.1/lib2to3/tests/data/different_encoding.py,extract,parse_error,"{""content_sha256"":""e5d82fa54d5060994445e1d3825f49999aa98a093803393d88a5e8030c62337f"",""limitations"":[""SyntaxError: Missing parentheses in call to 'print'. Did you mean print(...)? (<unknown>, line 3)"",""Python AST failed; lexical declarations retained""],""mtime_ns"":1787353200782352200,""version_kind"":""local_observation""}"
d5497dad894db4f0f2cbe5cd878001e5,main_overlay,workdir/external_fusion_round3_20260722_envs/firecrown/lib/python3.1/lib2to3/tests/data/false_encoding.py,extract,parse_error,"{""content_sha256"":""f3c15c2784af8783069df41ca628371df3dbe59758942461bfa4bc5902d9d9b3"",""limitations"":[""SyntaxError: Missing parentheses in call to 'print'. Did you mean print(...)? (<unknown>, line 2)"",""Python AST failed; lexical declarations retained""],""mtime_ns"":1787353200784276700,""version_kind"":""local_observation""}"
a710b0e3f07a5178ae2ddc68255fb023,main_overlay,workdir/external_fusion_round3_20260722_envs/firecrown/lib/python3.1/lib2to3/tests/data/py2_test_grammar.py,extract,parse_error,"{""content_sha256"":""253e51525c7e1ef847ab32b2556bc4213371e636fb498e0040980036bdd3f8ed"",""limitations"":[""SyntaxError: leading zeros in decimal integer literals are not permitted; use an 0o prefix for octal integers (<unknown>, line 31)"",""Python AST failed; lexical declarations retained""],""mtime_ns"":1787353200788064200,""version_kind"":""local_observation""}"
30f3d24ca52d47b8fbc22644616bbbb5,main_overlay,workdir/external_tools/logs/concept-1.0.1-attempt1/stdout.log,extract,oversized_text,"{""mtime_ns"":1788005464028701295,""version_kind"":""local_observation""}"
dcecf2250005ca2180a54703f803bb37,main_overlay,workdir/external_tools/logs/sbibm-core-smoke-pre-repair/stdout.json,extract,parse_error,"{""content_sha256"":""e3b0c44298fc1c149afbf4c8996fb92427ae41e4649b934ca495991b7852b855"",""limitations"":[""JSONDecodeError: Expecting value: line 1 column 1 (char 0)""],""mtime_ns"":1788001338464922992,""version_kind"":""local_observation""}"
52eb4ddefb2658a976794da61191a010,main_overlay,workdir/raw/act_dr6_lensing/ACT_dr6_likelihood_v1.2/v1.2/like_corrs/N1_planck_der_BB_lmin100_lmax2048.txt,extract,oversized_text,"{""mtime_ns"":1703278140000000000,""version_kind"":""local_observation""}"
c8140e63d8d4c1b8bfa1b200db508f5c,main_overlay,workdir/raw/act_dr6_lensing/ACT_dr6_likelihood_v1.2/v1.2/like_corrs/N1_planck_der_EE_lmin100_lmax2048.txt,extract,oversized_text,"{""mtime_ns"":1703278139000000000,""version_kind"":""local_observation""}"
7fd6e5f05f33ee2bf2da82c2529a7d89,main_overlay,workdir/raw/act_dr6_lensing/ACT_dr6_likelihood_v1.2/v1.2/like_corrs/N1_planck_der_KK_lmin100_lmax2048.txt,extract,oversized_text,"{""mtime_ns"":1703278138000000000,""version_kind"":""local_observation""}"
ecb46afad1cdbbaa477d15fb8027335f,main_overlay,workdir/raw/act_dr6_lensing/ACT_dr6_likelihood_v1.2/v1.2/like_corrs/N1_planck_der_TE_lmin100_lmax2048.txt,extract,oversized_text,"{""mtime_ns"":1703278139000000000,""version_kind"":""local_observation""}"
da90258230c3e041183c945f4470ee29,main_overlay,workdir/raw/act_dr6_lensing/ACT_dr6_likelihood_v1.2/v1.2/like_corrs/N1_planck_der_TT_lmin100_lmax2048.txt,extract,oversized_text,"{""mtime_ns"":1703278140000000000,""version_kind"":""local_observation""}"
453ce861760f4e08dddd363157a96776,main_overlay,workdir/raw/act_dr6_lensing/ACT_dr6_likelihood_v1.2/v1.2/like_corrs/N1der_BB_lmin600_lmax3000_full.txt,extract,oversized_text,"{""mtime_ns"":1703278137000000000,""version_kind"":""local_observation""}"
25f3737ae4b712102ef0a68a869ba198,main_overlay,workdir/raw/act_dr6_lensing/ACT_dr6_likelihood_v1.2/v1.2/like_corrs/N1der_EE_lmin600_lmax3000_full.txt,extract,oversized_text,"{""mtime_ns"":1703278139000000000,""version_kind"":""local_observation""}"
bfb79d39b9eecc496a802bd7e6112809,main_overlay,workdir/raw/act_dr6_lensing/ACT_dr6_likelihood_v1.2/v1.2/like_corrs/N1der_KK_lmin600_lmax3000_full.txt,extract,oversized_text,"{""mtime_ns"":1703278138000000000,""version_kind"":""local_observation""}"
7a5de9e20e1025f49ccd8c9dc3243f8d,main_overlay,workdir/raw/act_dr6_lensing/ACT_dr6_likelihood_v1.2/v1.2/like_corrs/N1der_TE_lmin600_lmax3000_full.txt,extract,oversized_text,"{""mtime_ns"":1703278138000000000,""version_kind"":""local_observation""}"
c426937c4f646a3e402e9774c6df7c00,main_overlay,workdir/raw/act_dr6_lensing/ACT_dr6_likelihood_v1.2/v1.2/like_corrs/N1der_TT_lmin600_lmax3000_full.txt,extract,oversized_text,"{""mtime_ns"":1703278138000000000,""version_kind"":""local_observation""}"
efcf47f2a4c0fad9299a8204e09d6b51,main_overlay,workdir/raw/class_dr1/class_dr1_40GHz_combined_noise_sim.tar.gz!/./class_dr1_40GHz_combined_noise_sim.tar.gz,archive,archive_error,EOFError('Compressed file ended before the end-of-stream marker was reached')
5b44ba4efe5d91929f1a0699f22be132,main_overlay,workdir/raw/cosmos_web_dr1/detection_images.tar.gz,extract,oversized_archive,"{""mtime_ns"":1787885522181572266,""version_kind"":""local_observation""}"
a86bdd9963ba5d31fdf5876e1794140a,main_overlay,workdir/raw/desi_dr1_mocks/.aria2/aria2.log,extract,oversized_text,"{""mtime_ns"":1786451851159036939,""version_kind"":""local_observation""}"
0cdb0f0231b61f3784374e1f20a1b952,main_overlay,workdir/raw/hsc_kids/kids_dr5_candidate/KiDS_Legacy_cosmic_shear_data_release.tar.gz!/KiDS_Legacy_cosmic_shear_data_release/chains_and_config_files/bandpowers/output_nautilus_bandpowers_Fiducial.txt,extract,oversized_text,{}
f53033aa30501ce47cb364b3800fa921,main_overlay,workdir/raw/hsc_kids/kids_dr5_candidate/KiDS_Legacy_cosmic_shear_data_release.tar.gz!/KiDS_Legacy_cosmic_shear_data_release/chains_and_config_files/cosebis/output_nautilus_cosebis_Fiducial.txt,extract,oversized_text,{}
26fb7d29ae690291c6ff6a5b6f63792b,main_overlay,workdir/raw/hsc_kids/kids_dr5_candidate/KiDS_Legacy_cosmic_shear_data_release.tar.gz!/KiDS_Legacy_cosmic_shear_data_release/chains_and_config_files/cosebis_plus_external/output_nautilus_cosebis_plus_external.txt,extract,oversized_text,{}
a04ea5a43390167dd50f06cd04263617,main_overlay,workdir/raw/hsc_kids/kids_dr5_candidate/KiDS_Legacy_cosmic_shear_data_release.tar.gz!/KiDS_Legacy_cosmic_shear_data_release/chains_and_config_files/xipm/output_nautilus_xipm_Fiducial.txt,extract,oversized_text,{}
92839f6c92b50074933e6f435efd1470,main_overlay,workdir/raw/wmap_7yr_e2e_sim/wmap_sim_iqusmap_r9_singleyear_v4.tar.gz,extract,oversized_archive,"{""mtime_ns"":1787820884557236992,""version_kind"":""local_observation""}"
81e88e96cf34a2ff224b6e955b75bf89,main_overlay,workdir/raw/wmap_7yr_e2e_sim/wmap_sim_model_sky_maps_r10_v4.tar.gz,extract,oversized_archive,"{""mtime_ns"":1787829248702063281,""version_kind"":""local_observation""}"
08cdef646aa1f9d17e932a08bf9fff2a,main_overlay,workdir/rrss_observational_inputs/KiDS1000_cosmic_shear_data_release.tgz!/KiDS1000_cosmis_shear_data_release/Plotting/._chain_functions.py,extract,parse_error,"{""content_sha256"":""ba371114e67a0a8064f1a3a20551a4b6abf4d6d29d143f271aea2321a27dea1b"",""limitations"":[""latin1_fallback"",""SyntaxError: source code string cannot contain null bytes"",""Python AST failed; lexical declarations retained""]}"
33aaf8a7467dd19dbe2a63f6bf650874,main_overlay,workdir/rrss_observational_inputs/KiDS1000_cosmic_shear_data_release.tgz!/KiDS1000_cosmis_shear_data_release/Plotting/._plot_chains.py,extract,parse_error,"{""content_sha256"":""813e597abed707191757566a40c4ac662ff8d9150b92617749af6478c788c83d"",""limitations"":[""latin1_fallback"",""SyntaxError: source code string cannot contain null bytes"",""Python AST failed; lexical declarations retained""]}"
48705abb7bd6f32bc0c1608bff734fa4,main_overlay,workdir/rrss_observational_inputs/KiDS1000_cosmic_shear_data_release.tgz!/KiDS1000_cosmis_shear_data_release/chains_and_config_files/main_chains_iterative_covariance/bp/chain/output_multinest_C.txt,extract,oversized_text,{}
9e8ea499b6438248623438d34e6000ed,main_overlay,workdir/rrss_observational_inputs/KiDS1000_cosmic_shear_data_release.tgz!/KiDS1000_cosmis_shear_data_release/chains_and_config_files/main_chains_iterative_covariance/cosebis/chain/output_multinest_C.txt,extract,oversized_text,{}
e45f0fc5314890ae08ec6bd26febf2fb,main_overlay,workdir/rrss_observational_inputs/KiDS1000_cosmic_shear_data_release.tgz!/KiDS1000_cosmis_shear_data_release/chains_and_config_files/main_chains_iterative_covariance/xipm/chain/output_multinest_C.txt,extract,oversized_text,{}
45517469abe8425786e01204a8d208f3,main_overlay,workdir/rrss_observational_inputs/KiDS_Legacy_cosmic_shear_data_release.tar.gz!/KiDS_Legacy_cosmic_shear_data_release/chains_and_config_files/bandpowers/output_nautilus_bandpowers_Fiducial.txt,extract,oversized_text,{}
2200fc65e6d2757e46a0c3f480115160,main_overlay,workdir/rrss_observational_inputs/KiDS_Legacy_cosmic_shear_data_release.tar.gz!/KiDS_Legacy_cosmic_shear_data_release/chains_and_config_files/cosebis/output_nautilus_cosebis_Fiducial.txt,extract,oversized_text,{}
368da08f8b86f8eb1cbdcdfbce8cc18c,main_overlay,workdir/rrss_observational_inputs/KiDS_Legacy_cosmic_shear_data_release.tar.gz!/KiDS_Legacy_cosmic_shear_data_release/chains_and_config_files/cosebis_plus_external/output_nautilus_cosebis_plus_external.txt,extract,oversized_text,{}
1c824bca641c77af131ce13a5b825acb,main_overlay,workdir/rrss_observational_inputs/KiDS_Legacy_cosmic_shear_data_release.tar.gz!/KiDS_Legacy_cosmic_shear_data_release/chains_and_config_files/xipm/output_nautilus_xipm_Fiducial.txt,extract,oversized_text,{}
3ddebfb2ee666adde554f77589e1357a,worktree_1800beb5c619,/tmp/htt-pr408-survivor-closeout-repair-20260825,filesystem,missing_source,Root unavailable
7fc5fb13dac9fa8a85a07ce2393fa00d,worktree_2ea4366743fc,/tmp/htt-pr312-cf4-superseding-repair-20260823,filesystem,missing_source,Root unavailable
fbb3e0174ea90395714407d584dcef14,worktree_4069f86d2d69,/tmp/htt-pr310-hsc-kids-closure-20260824,filesystem,missing_source,Root unavailable
c69d032d3ec8363163025ecab2b927fc,worktree_51981e1c214d,/tmp/htt-pr308-act-closure-20260823,filesystem,missing_source,Root unavailable
c4fea3a23ce17cdf26f4160ad650cf6b,worktree_5b924dcd38af,/tmp/htt-pr320-hsc-kids-cross-covariance-20260825,filesystem,missing_source,Root unavailable
faa6bc63268b6dae37d7045fe67ee20f,worktree_6288e4908eae,/tmp/htt-pr311-desi-successor-closure-20260824,filesystem,missing_source,Root unavailable
da58af0d7d0a9d347182d45347621a9b,worktree_7cace60301ec,/tmp/htt-pr317-desi-existing-data-analysis-20260825,filesystem,missing_source,Root unavailable
fa706dae8bad383ea90894883c86893d,worktree_8bb663063a75,/tmp/htt-pr307-cf4-closure-20260823,filesystem,missing_source,Root unavailable
b80ae176ec6508245b3eb72ea2694fb8,worktree_94361ec1f523,/tmp/htt-pr305-trusted-launcher-transaction-preprovisioning-20260822,filesystem,missing_source,Root unavailable
a60e78d1a502718d40b0d866879a90ba,worktree_9a3e92b3401a,/tmp/htt-pr309-jwst-sn-closure-20260823,filesystem,missing_source,Root unavailable
84ead745ebaeb590b1883e511ac22a9f,worktree_abf39ba2e124,/tmp/htt-observational-acquisition-20260825,filesystem,missing_source,Root unavailable
9381c9425aa2fa8559ad14020e0d6719,worktree_b09cbeb361e4,/tmp/htt-pr314-planck-pr3-analysis-20260824,filesystem,missing_source,Root unavailable
7854eb897542a2aaa890c9f1c637a018,worktree_b4a67836a5d0,/tmp/htt-pr304-admission-bound-human-authorization-20260822,filesystem,missing_source,Root unavailable
4a4cb2435a3af448dde2710dcc37a44d,worktree_bb48ffef366b,/tmp/htt-pr319-jwst-2mrs-neural-field-20260825,filesystem,missing_source,Root unavailable
722afd64e2af331e35e3278589a22c0b,worktree_c17d04a561af,/tmp/htt-pr321-hsc-sacc-fast-analysis-20260825,filesystem,missing_source,Root unavailable
16cbae048b8d39c0bd7b3ec6d7d0aa41,worktree_c70e037c141e,/tmp/htt-pr310-lane-registry-compat-20260824,filesystem,missing_source,Root unavailable
c00c31918f5da09f2db36eedbe436486,worktree_cfbc6afb1907,/tmp/htt-pr318-desi-input-preparation-20260825,filesystem,missing_source,Root unavailable
81151b493438d0d9f9a3c6d47ea3c6ac,worktree_e31f69724c49,/tmp/htt-pr406-theory-hardening-20260825,filesystem,missing_source,Root unavailable
1d69ea5c5cb1d224060b62e88b988fae,worktree_e36a15fe0b82,/tmp/htt-pr313-cf4-status-provenance-closeout-20260823,filesystem,missing_source,Root unavailable
32338056b149686fe6afd0ff769fc8ae,worktree_ed162a01fe76,/tmp/htt-pr306-planck-operator-closure-20260822,filesystem,missing_source,Root unavailable
