path,ref,sha,sha256,bytes,local_path,selection_role,acquisition,execution
docs/research/mes_r1_r5_integration_20260927/CLAIM_GATES_AND_NEXT_STEPS_KO.md,cc162c804eecb3c588efc6edadbe057a8a67301f,29dec3fd0a18c5f217b1c0751c24b67549d334c7,8bdbd87cbc80f62e066452ea4e6cb465ba0b90177b7bbb00ce60395a7059652a,4696,/workspace/scratch/83eeacddad29/recovery/remote_sources/docs/research/mes_r1_r5_integration_20260927/CLAIM_GATES_AND_NEXT_STEPS_KO.md,current_theory_integration,FULL_TEXT_GIT_BLOB_VERIFIED,NOT_EXECUTED
docs/research/mes_r1_r5_integration_20260927/CLAIM_LEDGER.json,cc162c804eecb3c588efc6edadbe057a8a67301f,9a616245120cc9205a44da8113f28fe14f5413ef,ef57f83e9e31a6fd7aad1d16398dbfaffc59836b8bd7b4b2ee327745462754f6,87501,/workspace/scratch/83eeacddad29/recovery/remote_sources/docs/research/mes_r1_r5_integration_20260927/CLAIM_LEDGER.json,current_theory_integration,FULL_TEXT_GIT_BLOB_VERIFIED,NOT_EXECUTED
docs/research/mes_r1_r5_integration_20260927/CONVENTION_AND_SYMBOL_MAP_KO.md,cc162c804eecb3c588efc6edadbe057a8a67301f,8256ef59d76d6fcc2e69b2f23f5bf660b1715c1e,06b946840420ffe9537f5499b9bbd166d6d29edac7e46f3303b5f8eb648120e6,5839,/workspace/scratch/83eeacddad29/recovery/remote_sources/docs/research/mes_r1_r5_integration_20260927/CONVENTION_AND_SYMBOL_MAP_KO.md,current_theory_integration,FULL_TEXT_GIT_BLOB_VERIFIED,NOT_EXECUTED
docs/research/mes_r1_r5_integration_20260927/IMPORT_RECEIPT.json,cc162c804eecb3c588efc6edadbe057a8a67301f,edb00850af692a8132db96cf4a96df082de6a4a3,f7f2b0cb2536d2121e989af4fed101aff6ce4e2d02b74013d9b245f8b5a197be,28960,/workspace/scratch/83eeacddad29/recovery/remote_sources/docs/research/mes_r1_r5_integration_20260927/IMPORT_RECEIPT.json,current_theory_integration,FULL_TEXT_GIT_BLOB_VERIFIED,NOT_EXECUTED
docs/research/mes_r1_r5_integration_20260927/R1_R5_SYNTHESIS_KO.md,cc162c804eecb3c588efc6edadbe057a8a67301f,f36bd23b666421f0443cc06186a81f282cb40f6e,f741059a7af682e0d64e5c73c9e1f5f9950d7a0783826339de52412df1af5e66,11957,/workspace/scratch/83eeacddad29/recovery/remote_sources/docs/research/mes_r1_r5_integration_20260927/R1_R5_SYNTHESIS_KO.md,current_theory_integration,FULL_TEXT_GIT_BLOB_VERIFIED,NOT_EXECUTED
docs/research/mes_r1_r5_integration_20260927/RETURN_HANDOFF_KO.md,cc162c804eecb3c588efc6edadbe057a8a67301f,dd9c5f14ce496a1bd8ded9d959fb5641265a472c,94c1438ae36da0ebd25bc1f282befd79c29133fa0328bed65200a6da7b5fa1b8,5631,/workspace/scratch/83eeacddad29/recovery/remote_sources/docs/research/mes_r1_r5_integration_20260927/RETURN_HANDOFF_KO.md,current_theory_integration,FULL_TEXT_GIT_BLOB_VERIFIED,NOT_EXECUTED
docs/research/mes_r1_r5_integration_20260927/SUPERSESSION_AND_CONFLICT_LOG_KO.md,cc162c804eecb3c588efc6edadbe057a8a67301f,d236aaca81764c36e876ebafaba6172753843917,7926bea7f35ccb00e7118acca29abc5efecfb34fccc80e3eaccd24da674ae9e6,5913,/workspace/scratch/83eeacddad29/recovery/remote_sources/docs/research/mes_r1_r5_integration_20260927/SUPERSESSION_AND_CONFLICT_LOG_KO.md,current_theory_integration,FULL_TEXT_GIT_BLOB_VERIFIED,NOT_EXECUTED
docs/research/mes_r1_r5_integration_20260927/THEORY_CODE_MAPPING_KO.md,cc162c804eecb3c588efc6edadbe057a8a67301f,0042cd1474d662f096e95605591d31fe0a032009,9be7c86aa8ccb78ad276970acd4d03cec7a6f2e00271c696ea73a25c1da34e64,10088,/workspace/scratch/83eeacddad29/recovery/remote_sources/docs/research/mes_r1_r5_integration_20260927/THEORY_CODE_MAPPING_KO.md,current_theory_integration,FULL_TEXT_GIT_BLOB_VERIFIED,NOT_EXECUTED
docs/research_program/mes_r7/README.md,cc162c804eecb3c588efc6edadbe057a8a67301f,b983af6f91dc6016345e85cc0fbda326eded1926,1cf716bc862d35ef701f57c829496ecdc05b731c8419479c0f84cf5763518ea7,9672,/workspace/scratch/83eeacddad29/recovery/remote_sources/docs/research_program/mes_r7/README.md,current_theory_state,FULL_TEXT_GIT_BLOB_VERIFIED,NOT_EXECUTED
docs/research_program/tensor_joint_r9/RESEARCH_STATE.json,cc162c804eecb3c588efc6edadbe057a8a67301f,21456445a81362aa0d88a81e529e3e39c459d326,61cb4a3cf99fb35121ad5a576a9c628ba511e30d8812bad75710a3843b5cd562,21427,/workspace/scratch/83eeacddad29/recovery/remote_sources/docs/research_program/tensor_joint_r9/RESEARCH_STATE.json,current_theory_state,FULL_TEXT_GIT_BLOB_VERIFIED,NOT_EXECUTED
incoming/mes_r1_r5_20260927_412bca18a18cded4/MES_R1_R5_HANDOFF_20260927/materials/R1/MES_FRESH_OPTICAL_TENSOR_R1/DERIVATIONS.md,cc162c804eecb3c588efc6edadbe057a8a67301f,75e77d2ea3652657b6858469d2f1c18160402c05,fba29df33bd3900f62f38a4179f5413b4222c09439ad1c25b1ea998bd8d8d331,15970,/workspace/scratch/83eeacddad29/recovery/remote_sources/incoming/mes_r1_r5_20260927_412bca18a18cded4/MES_R1_R5_HANDOFF_20260927/materials/R1/MES_FRESH_OPTICAL_TENSOR_R1/DERIVATIONS.md,controlling_derivation_or_decision,FULL_TEXT_GIT_BLOB_VERIFIED,NOT_EXECUTED
incoming/mes_r1_r5_20260927_412bca18a18cded4/MES_R1_R5_HANDOFF_20260927/materials/R1/MES_FRESH_OPTICAL_TENSOR_R1/MES_FRESH_RESEARCH_R1_KO.md,cc162c804eecb3c588efc6edadbe057a8a67301f,8f9ba49266c4ad2349541d0e28245aaa51c01caa,9d0c6b4893e5e9e2022c03ef85241d7209b54d676449df814e32c795cea52a0a,23391,/workspace/scratch/83eeacddad29/recovery/remote_sources/incoming/mes_r1_r5_20260927_412bca18a18cded4/MES_R1_R5_HANDOFF_20260927/materials/R1/MES_FRESH_OPTICAL_TENSOR_R1/MES_FRESH_RESEARCH_R1_KO.md,controlling_derivation_or_decision,FULL_TEXT_GIT_BLOB_VERIFIED,NOT_EXECUTED
incoming/mes_r1_r5_20260927_412bca18a18cded4/MES_R1_R5_HANDOFF_20260927/materials/R1/MES_FRESH_OPTICAL_TENSOR_R1/TENSOR_RESIDUAL_THEOREM.md,cc162c804eecb3c588efc6edadbe057a8a67301f,8f8db28f46ce3608eb1e0be83d6b7d9bb276132c,70d2d54f061da0607c6a2bce713f166552a81ba3d425b1e56526e4fdb7c11ff4,5493,/workspace/scratch/83eeacddad29/recovery/remote_sources/incoming/mes_r1_r5_20260927_412bca18a18cded4/MES_R1_R5_HANDOFF_20260927/materials/R1/MES_FRESH_OPTICAL_TENSOR_R1/TENSOR_RESIDUAL_THEOREM.md,controlling_derivation_or_decision,FULL_TEXT_GIT_BLOB_VERIFIED,NOT_EXECUTED
incoming/mes_r1_r5_20260927_412bca18a18cded4/MES_R1_R5_HANDOFF_20260927/materials/R2/MES_GENERALIZED_TENSOR_R2/MES_GENERALIZED_TENSOR_R2_KO.md,cc162c804eecb3c588efc6edadbe057a8a67301f,926abf67457d3eb5c7d64c9045ccb7b1f3649997,1838f89f5782f0b32199851624d02a661bb8245dca06836144e69c9b541aa435,29396,/workspace/scratch/83eeacddad29/recovery/remote_sources/incoming/mes_r1_r5_20260927_412bca18a18cded4/MES_R1_R5_HANDOFF_20260927/materials/R2/MES_GENERALIZED_TENSOR_R2/MES_GENERALIZED_TENSOR_R2_KO.md,controlling_derivation_or_decision,FULL_TEXT_GIT_BLOB_VERIFIED,NOT_EXECUTED
incoming/mes_r1_r5_20260927_412bca18a18cded4/MES_R1_R5_HANDOFF_20260927/materials/R4/R4/closure_derivation.md,cc162c804eecb3c588efc6edadbe057a8a67301f,dd0b6d461e737ce1581eb9c9befa9debdae975af,3812787cb1f749e3ba85159995be990858c71be72351154ca4f9866db07e86de,21993,/workspace/scratch/83eeacddad29/recovery/remote_sources/incoming/mes_r1_r5_20260927_412bca18a18cded4/MES_R1_R5_HANDOFF_20260927/materials/R4/R4/closure_derivation.md,controlling_derivation_or_decision,FULL_TEXT_GIT_BLOB_VERIFIED,NOT_EXECUTED
incoming/mes_r1_r5_20260927_412bca18a18cded4/MES_R1_R5_HANDOFF_20260927/materials/R5/R5/INDEPENDENT_REVIEW.md,cc162c804eecb3c588efc6edadbe057a8a67301f,638d9a0a1f7d0dc60c4b3733fa86ec372fd19d32,5f186da8b9a66ccf7400e52a29b70bf6c29fc37a9946b874bde12fa1419ba092,11053,/workspace/scratch/83eeacddad29/recovery/remote_sources/incoming/mes_r1_r5_20260927_412bca18a18cded4/MES_R1_R5_HANDOFF_20260927/materials/R5/R5/INDEPENDENT_REVIEW.md,controlling_derivation_or_decision,FULL_TEXT_GIT_BLOB_VERIFIED,NOT_EXECUTED
incoming/mes_r1_r5_20260927_412bca18a18cded4/MES_R1_R5_HANDOFF_20260927/materials/R5/R5/KINEMATIC_OPERATOR_DERIVATION.md,cc162c804eecb3c588efc6edadbe057a8a67301f,bb8a780c8bdc8e8d69d842ca7af67889f7edd4b1,be873a5a6f310154d431a7f502af1d24548664cd4afc2419c3389627a46d9360,12909,/workspace/scratch/83eeacddad29/recovery/remote_sources/incoming/mes_r1_r5_20260927_412bca18a18cded4/MES_R1_R5_HANDOFF_20260927/materials/R5/R5/KINEMATIC_OPERATOR_DERIVATION.md,controlling_derivation_or_decision,FULL_TEXT_GIT_BLOB_VERIFIED,NOT_EXECUTED
incoming/mes_r1_r5_20260927_412bca18a18cded4/MES_R1_R5_HANDOFF_20260927/materials/R5/R5/MES_R5_REPORT_KO.md,cc162c804eecb3c588efc6edadbe057a8a67301f,52032caf652eb66d45963c655b06227eee2b47b1,fb6e527cf2067e296c2f1bfa212cc0041f874ee256b6408937a2af7352807410,22377,/workspace/scratch/83eeacddad29/recovery/remote_sources/incoming/mes_r1_r5_20260927_412bca18a18cded4/MES_R1_R5_HANDOFF_20260927/materials/R5/R5/MES_R5_REPORT_KO.md,controlling_derivation_or_decision,FULL_TEXT_GIT_BLOB_VERIFIED,NOT_EXECUTED
incoming/mes_r1_r5_20260927_412bca18a18cded4/MES_R1_R5_HANDOFF_20260927/materials/R5/R5/NEXT_PROMPT_KO.md,cc162c804eecb3c588efc6edadbe057a8a67301f,ccb69d39ba846b2fbf5601a59c152cbcea5c6af9,238fb32ea2320b8456eee526e8fbdcfbe25253f4be4a013b84f57a25696f9e3d,3665,/workspace/scratch/83eeacddad29/recovery/remote_sources/incoming/mes_r1_r5_20260927_412bca18a18cded4/MES_R1_R5_HANDOFF_20260927/materials/R5/R5/NEXT_PROMPT_KO.md,controlling_derivation_or_decision,FULL_TEXT_GIT_BLOB_VERIFIED,NOT_EXECUTED
docs/research_program/optical_mapping_r10_20260919/continuation_execution/return/MAIN_REVIEW_AND_NEXT_PROMPT.md,52ab95f2ef5509a653df0a91761687898126c2ea,0f6b50886b3a1f0107cc1c349364d1c19ccc6fff,906e95999b40558ceb635a595253bd1013b9fcc5e547c124d3f4b31ed46632a1,15122,/workspace/scratch/83eeacddad29/recovery/remote_sources_r10_review/docs/research_program/optical_mapping_r10_20260919/continuation_execution/return/MAIN_REVIEW_AND_NEXT_PROMPT.md,historical_R10_scope_and_sign,FULL_TEXT_GIT_BLOB_VERIFIED,NOT_EXECUTED
docs/research_program/optical_mapping_r10_20260919/continuation_execution/return/RETURN_TO_MAIN.md,52ab95f2ef5509a653df0a91761687898126c2ea,55ea2e1052f04a6cce7215da0361178052a49bec,140c96124d2f1b116aaa563452fa800f9111cfb0f58970637858d8bdf37787db,9471,/workspace/scratch/83eeacddad29/recovery/remote_sources_r10_review/docs/research_program/optical_mapping_r10_20260919/continuation_execution/return/RETURN_TO_MAIN.md,historical_R10_scope_and_sign,FULL_TEXT_GIT_BLOB_VERIFIED,NOT_EXECUTED
docs/research_program/optical_mapping_r10_20260919/local_execution/t9_results.json,52ab95f2ef5509a653df0a91761687898126c2ea,e789ed2532c84063a6db562b9e04197f1f2fd02e,c014996c1de8ac4f14dbd5e0efca54e365dc1e347f31807105a2094795264614,13232,/workspace/scratch/83eeacddad29/recovery/remote_sources_r10_review/docs/research_program/optical_mapping_r10_20260919/local_execution/t9_results.json,historical_R10_scope_and_sign,FULL_TEXT_GIT_BLOB_VERIFIED,NOT_EXECUTED
docs/research_program/optical_mapping_r10_20260919/continuation_execution/return/RETURN_TO_MAIN_REVIEW_FOLLOWUP.md,0ce1d755cf9fa08e13a3d8cdc18a17e2d806f2ed,3880bfed60464f8e952a31d5c3bcb58d270b2c8d,c7f7d7e522ca9a0e7cf0cac8c22e40adde12259328706383361a39067843c83c,10350,/workspace/scratch/83eeacddad29/recovery/remote_sources_r10_local/docs/research_program/optical_mapping_r10_20260919/continuation_execution/return/RETURN_TO_MAIN_REVIEW_FOLLOWUP.md,historical_R10_scope_and_sign,FULL_TEXT_GIT_BLOB_VERIFIED,NOT_EXECUTED
docs/research_program/optical_mapping_r10_20260919/continuation_execution/main_review_followup/validation.json,0ce1d755cf9fa08e13a3d8cdc18a17e2d806f2ed,5723dbe0867693f5eb321ceb6b334f15f6c75a7b,df4cbc44bf64c6474e1abd6929f6daa6b43f308017595945836be664fb3044e6,8306,/workspace/scratch/83eeacddad29/recovery/remote_sources_r10_local/docs/research_program/optical_mapping_r10_20260919/continuation_execution/main_review_followup/validation.json,historical_R10_scope_and_sign,FULL_TEXT_GIT_BLOB_VERIFIED,NOT_EXECUTED
docs/research_program/optical_mapping_r10_20260919/continuation_execution/adapters/README.md,0ce1d755cf9fa08e13a3d8cdc18a17e2d806f2ed,ec9278bd6db62e541d52bc1aeb1244d1d08691eb,496d8e9fd12b0d1d2ee6e71c2049a99b52d1cb8e1bbdaa728d2ddaac2bb943f1,7179,/workspace/scratch/83eeacddad29/recovery/remote_sources_r10_local/docs/research_program/optical_mapping_r10_20260919/continuation_execution/adapters/README.md,historical_R10_scope_and_sign,FULL_TEXT_GIT_BLOB_VERIFIED,NOT_EXECUTED
htt/src/common/mes_theorem_authority.py,cc162c804eecb3c588efc6edadbe057a8a67301f,96f0f8aa8e81343855da1a7da749edef9a406a91,d149d8599eba65dd1af536d30f289466b642e990bd8cee6cc8639566ab787af8,30803,/workspace/scratch/83eeacddad29/recovery/remote_sources/htt/src/common/mes_theorem_authority.py,current_source_or_theory_adapter,FULL_TEXT_GIT_BLOB_VERIFIED,NOT_EXECUTED
htt/tsc/admissibility/three_bound_hierarchy.py,cc162c804eecb3c588efc6edadbe057a8a67301f,80588ccfc17d08a6f1f73ee2bce3c2b85c3511ce,cc3ba841a4b61ac10a1d7a82e56b96391afcd81d8bd169bd8ca33940c7cf671e,15538,/workspace/scratch/83eeacddad29/recovery/remote_sources/htt/tsc/admissibility/three_bound_hierarchy.py,current_source_or_theory_adapter,FULL_TEXT_GIT_BLOB_VERIFIED,NOT_EXECUTED
htt/bass/observational/planck_mes_bounds.py,cc162c804eecb3c588efc6edadbe057a8a67301f,f45d9e18459e425c114e2fa9e665e988b70b779c,e06c1f8659452724054a43a073a969f1c6b17095fb9c0aefb2e6cf5f6491a7e3,11655,/workspace/scratch/83eeacddad29/recovery/remote_sources/htt/bass/observational/planck_mes_bounds.py,current_source_or_theory_adapter,FULL_TEXT_GIT_BLOB_VERIFIED,NOT_EXECUTED
htt/htt/htt/infer/nuisance_rank.py,cc162c804eecb3c588efc6edadbe057a8a67301f,eb93eb42ff4d7d431e8e0ffab1e47c5eb22df368,6a3760505257ff3b1d5513865a3363a0ffbba039b11e1ccf99f565208f7feeb9,5670,/workspace/scratch/83eeacddad29/recovery/remote_sources/htt/htt/htt/infer/nuisance_rank.py,current_source_or_theory_adapter,FULL_TEXT_GIT_BLOB_VERIFIED,NOT_EXECUTED
htt/htt/htt/infer/r9_confidence_image.py,cc162c804eecb3c588efc6edadbe057a8a67301f,dc280de55e604e2084a9fa77d9ac1d1d8ac16561,1060c29b4551e15cd763beddb4e4ffd567972aea41f058974136167b13d16eff,5460,/workspace/scratch/83eeacddad29/recovery/remote_sources/htt/htt/htt/infer/r9_confidence_image.py,current_source_or_theory_adapter,FULL_TEXT_GIT_BLOB_VERIFIED,NOT_EXECUTED
docs/research_program/tensor_joint_r7/THEORY.md,cc162c804eecb3c588efc6edadbe057a8a67301f,166e38093a4eed7a4bd4f59848c8eecbc96b6e3c,e03a61a08d8e24ec5acd86cbaa3b7cec274bea5c9c4c664f7a20cb8066829dff,22921,/workspace/scratch/83eeacddad29/recovery/remote_sources/docs/research_program/tensor_joint_r7/THEORY.md,current_theory_state,FULL_TEXT_GIT_BLOB_VERIFIED,NOT_EXECUTED
docs/research_program/tensor_joint_r9/THEORY.md,cc162c804eecb3c588efc6edadbe057a8a67301f,53f39fa80ec6fb65cb0be6bfa1fc4b3fe35c71e6,0bddd642e52cf77bdfc0b42f1700938dc7a2816b8248fe2498ab7ba2178c20f6,9095,/workspace/scratch/83eeacddad29/recovery/remote_sources/docs/research_program/tensor_joint_r9/THEORY.md,current_theory_state,FULL_TEXT_GIT_BLOB_VERIFIED,NOT_EXECUTED
htt/htt/htt/infer/r7_depth_response.py,cc162c804eecb3c588efc6edadbe057a8a67301f,2db8e1bc69f4edb84ecd3a6e8a306b22c2950de1,5ee677a554593b98d4146cfd3e84613559571bda62b75cc054c1f95ec4a9dcbc,2559,/workspace/scratch/83eeacddad29/recovery/remote_sources/htt/htt/htt/infer/r7_depth_response.py,current_source_or_theory_adapter,FULL_TEXT_GIT_BLOB_VERIFIED,NOT_EXECUTED
htt/src/common/conditional_source_image.py,cc162c804eecb3c588efc6edadbe057a8a67301f,79f3d5d8e656541742be7ac027299ed246652944,80de588cd687238a4bcf7eb7aaceec276671e160f992e2340a0fdf127b3b6e72,13613,/workspace/scratch/83eeacddad29/recovery/remote_sources/htt/src/common/conditional_source_image.py,current_source_or_theory_adapter,FULL_TEXT_GIT_BLOB_VERIFIED,NOT_EXECUTED
