path,bytes,compressed_bytes,role,read_level,present,payload
history/BASS/htt_paper_a_geometrical_optics_mapping_loop_20260916(1).zip,11282,11282,HISTORICAL_RESEARCH_OR_ARCHIVE,ARCHIVE_MEMBER_INVENTORY_WITH_SELECTED_SOURCE_READS,True,True
history/htt_paper_a_reloptics_source_seal_loop_20260916.zip,20647,20647,HISTORICAL_RESEARCH_OR_ARCHIVE,ARCHIVE_MEMBER_INVENTORY_WITH_SELECTED_SOURCE_READS,True,True
history/htt_paper_a_v2_convergence_loop_20260916.zip,15884,15884,HISTORICAL_RESEARCH_OR_ARCHIVE,ARCHIVE_MEMBER_INVENTORY_WITH_SELECTED_SOURCE_READS,True,True
history/htt_cmb_kinematics_redshift_loop_20260916.zip,14626,14626,HISTORICAL_RESEARCH_OR_ARCHIVE,ARCHIVE_MEMBER_INVENTORY_WITH_SELECTED_SOURCE_READS,True,True
history/htt_paper_a_theorem_loop_20260916.zip,13761,13761,HISTORICAL_RESEARCH_OR_ARCHIVE,ARCHIVE_MEMBER_INVENTORY_WITH_SELECTED_SOURCE_READS,True,True
history/HTT_R9_Theory_Integrated_Research_Plan_v1_Evidence.zip,250878,250878,HISTORICAL_RESEARCH_OR_ARCHIVE,ARCHIVE_MEMBER_INVENTORY_WITH_SELECTED_SOURCE_READS,True,True
history/HTT_R9_Theory_Integrated_Research_Plan_v1_KO.md,38455,16473,HISTORICAL_RESEARCH_OR_ARCHIVE,FULL_TEXT_PRIMARY_PASS,True,True
history/HTT_RESEARCH_INPUT_FOUNDATION_57ecfe21_KO.md,14363,6878,HISTORICAL_RESEARCH_OR_ARCHIVE,FULL_TEXT_PRIMARY_PASS,True,True
history/HTT_RESEARCH_INPUT_FOUNDATION_57ecfe21.zip,1333287,1333287,HISTORICAL_RESEARCH_OR_ARCHIVE,ARCHIVE_MEMBER_INVENTORY_WITH_SELECTED_SOURCE_READS,True,True
history/HTT_FINAL_SOURCE_SELECTION_57ecfe21.zip,963887,963887,HISTORICAL_RESEARCH_OR_ARCHIVE,ARCHIVE_MEMBER_INVENTORY_WITH_SELECTED_SOURCE_READS,True,True
history/HTT_FINAL_SOURCE_SELECTION_57ecfe21.csv,60957,24472,HISTORICAL_RESEARCH_OR_ARCHIVE,PATH_SIZE_ROLE_INVENTORY_ONLY,True,True
history/HTT_SOURCE_ACQUISITION_57ecfe21_STATUS.csv,552288,162179,HISTORICAL_RESEARCH_OR_ARCHIVE,PATH_SIZE_ROLE_INVENTORY_ONLY,True,True
history/HTT_SOURCE_ACQUISITION_57ecfe21_KO.md,6151,3095,HISTORICAL_RESEARCH_OR_ARCHIVE,PATH_SIZE_ROLE_INVENTORY_ONLY,True,True
history/HTT_SOURCE_ACQUISITION_57ecfe21_MISSING.csv,10021,2724,HISTORICAL_RESEARCH_OR_ARCHIVE,PATH_SIZE_ROLE_INVENTORY_ONLY,True,True
history/HTT_SOURCE_ACQUISITION_57ecfe21_EVIDENCE.zip,804867,804867,HISTORICAL_RESEARCH_OR_ARCHIVE,ARCHIVE_MEMBER_INVENTORY_WITH_SELECTED_SOURCE_READS,True,True
history/HTT_CATALOG_SCAN_57ecfe21_KO.md,6392,3276,HISTORICAL_RESEARCH_OR_ARCHIVE,FULL_TEXT_PRIMARY_PASS,True,True
history/BASS/HTT_INITIAL_IDEAS_RIGORIZATION_KO_20260908.md,45774,19140,HISTORICAL_RESEARCH_OR_ARCHIVE,PARTIAL_OR_STRUCTURAL,True,True
history/BASS/bass_htt_mio_github_ready_current.zip,3363856,3363856,HISTORICAL_RESEARCH_OR_ARCHIVE,ARCHIVE_MEMBER_INVENTORY_WITH_SELECTED_SOURCE_READS,True,True
history/HTT_LITERATURE_REVIEW_KO_20260908.html,253617,56467,HISTORICAL_RESEARCH_OR_ARCHIVE,PATH_SIZE_ROLE_INVENTORY_ONLY,True,True
history/HTT_LITERATURE_DATABASE_20260908.zip,284366,284366,HISTORICAL_RESEARCH_OR_ARCHIVE,ARCHIVE_MEMBER_INVENTORY_WITH_SELECTED_SOURCE_READS,True,True
history/BASS/HTT_R7_REMOTE_INTERIM_REVIEW_43343340_KO.md,24720,10122,HISTORICAL_RESEARCH_OR_ARCHIVE,FULL_TEXT_PRIMARY_PASS,True,True
history/BASS/HTT_LATEST_FIRST_COMPREHENSIVE_AUDIT_R6_KO_20260908.pdf,205225,205225,HISTORICAL_RESEARCH_OR_ARCHIVE,PATH_SIZE_ROLE_INVENTORY_ONLY,True,True
history/HTT_MES_AND_OBSERVED_LINEAGE_AUDIT_R5_20260908.zip,10604679,10604679,HISTORICAL_RESEARCH_OR_ARCHIVE,ARCHIVE_MEMBER_INVENTORY_WITH_SELECTED_SOURCE_READS,True,True
history/HTT_MES_AND_OBSERVED_LINEAGE_AUDIT_R5_KO_20260908.pdf,190240,190240,HISTORICAL_RESEARCH_OR_ARCHIVE,PATH_SIZE_ROLE_INVENTORY_ONLY,True,True
history/HTT_HISTORY_AND_SUCCESSOR_AUDIT_R4_20260908.zip,9330017,9330017,HISTORICAL_RESEARCH_OR_ARCHIVE,ARCHIVE_MEMBER_INVENTORY_WITH_SELECTED_SOURCE_READS,True,True
history/HTT_HISTORY_AND_SUCCESSOR_AUDIT_R4_KO_20260908.pdf,187648,187648,HISTORICAL_RESEARCH_OR_ARCHIVE,PATH_SIZE_ROLE_INVENTORY_ONLY,True,True
history/HTT_INDEPENDENT_AUDIT_CONTINUATION_20260908.pdf,185782,185782,HISTORICAL_RESEARCH_OR_ARCHIVE,PATH_SIZE_ROLE_INVENTORY_ONLY,True,True
history/HTT_INDEPENDENT_AUDIT_EVIDENCE_20260907.zip,44515842,44515842,HISTORICAL_RESEARCH_OR_ARCHIVE,ARCHIVE_MEMBER_INVENTORY_WITH_SELECTED_SOURCE_READS,True,True
history/HTT_INDEPENDENT_REPOSITORY_AUDIT_KO_20260907.pdf,251274,251274,HISTORICAL_RESEARCH_OR_ARCHIVE,PATH_SIZE_ROLE_INVENTORY_ONLY,True,True
history/HTT_INDEPENDENT_REPOSITORY_AUDIT_KO_20260907.md,67820,26761,HISTORICAL_RESEARCH_OR_ARCHIVE,PATH_SIZE_ROLE_INVENTORY_ONLY,True,True
history/HTT_ADVERSARIAL_REVIEW_BUNDLE_20260907.zip,351386,351386,HISTORICAL_RESEARCH_OR_ARCHIVE,ARCHIVE_MEMBER_INVENTORY_WITH_SELECTED_SOURCE_READS,True,True
history/HTT_REQUIRED_REVISIONS_KO_20260907.md,12083,6224,HISTORICAL_RESEARCH_OR_ARCHIVE,PATH_SIZE_ROLE_INVENTORY_ONLY,True,True
history/HTT_ADVERSARIAL_REVIEW_KO_20260907.md,21210,9896,HISTORICAL_RESEARCH_OR_ARCHIVE,PATH_SIZE_ROLE_INVENTORY_ONLY,True,True
history/HTT_NATIVE_THEORY_R3_20260907.zip,352919,352919,HISTORICAL_RESEARCH_OR_ARCHIVE,ARCHIVE_MEMBER_INVENTORY_WITH_SELECTED_SOURCE_READS,True,True
history/HTT_NATIVE_THEORY_R3_KO_20260907.md,33206,14145,HISTORICAL_RESEARCH_OR_ARCHIVE,FULL_TEXT_PRIMARY_PASS,True,True
history/HTT_PHYSICAL_RESPONSE_R2_20260907.zip,296625,296625,HISTORICAL_RESEARCH_OR_ARCHIVE,ARCHIVE_MEMBER_INVENTORY_WITH_SELECTED_SOURCE_READS,True,True
history/HTT_PHYSICAL_RESPONSE_THEORY_R2_KO_20260907.md,21313,9795,HISTORICAL_RESEARCH_OR_ARCHIVE,FULL_TEXT_PRIMARY_PASS,True,True
history/HTT_THEORY_ONLY_CONTINUATION_20260907.zip,265215,265215,HISTORICAL_RESEARCH_OR_ARCHIVE,ARCHIVE_MEMBER_INVENTORY_WITH_SELECTED_SOURCE_READS,True,True
history/HTT_THEORY_RESPONSE_KO_20260907.md,109589,43383,HISTORICAL_RESEARCH_OR_ARCHIVE,PARTIAL_OR_STRUCTURAL,True,True
history/HTT_M1_CMB_CONTINUATION_20260907.zip,1243530,1243530,HISTORICAL_RESEARCH_OR_ARCHIVE,ARCHIVE_MEMBER_INVENTORY_WITH_SELECTED_SOURCE_READS,True,True
history/HTT_M1_CMB_CONTINUATION_KO_20260907.md,27238,12651,HISTORICAL_RESEARCH_OR_ARCHIVE,PARTIAL_OR_STRUCTURAL,True,True
history/HANDOFF_HTT_BASS_20260907_CHECKSUMS.sha256,443,270,HISTORICAL_RESEARCH_OR_ARCHIVE,PATH_SIZE_ROLE_INVENTORY_ONLY,True,True
history/HANDOFF_HTT_BASS_20260907_adjacent_inputs.zip,2813528,2813528,HISTORICAL_RESEARCH_OR_ARCHIVE,ARCHIVE_MEMBER_INVENTORY_WITH_SELECTED_SOURCE_READS,True,True
history/HANDOFF_HTT_BASS_20260907_core.zip,919678,919678,HISTORICAL_RESEARCH_OR_ARCHIVE,ARCHIVE_MEMBER_INVENTORY_WITH_SELECTED_SOURCE_READS,True,True
history/HANDOFF_HTT_BASS_20260907_DELIVERY_RECEIPT.json,857,473,HISTORICAL_RESEARCH_OR_ARCHIVE,PATH_SIZE_ROLE_INVENTORY_ONLY,True,True
history/HTT_PR451_LOCAL_CODEX_INTAKE_20260906.zip,67402,67402,HISTORICAL_RESEARCH_OR_ARCHIVE,ARCHIVE_MEMBER_INVENTORY_WITH_SELECTED_SOURCE_READS,True,True
history/HTT_T2_REPAIR_REVIEW_AND_PUBLICATION_PACKAGE_20260906.zip,4591326,4591326,HISTORICAL_RESEARCH_OR_ARCHIVE,ARCHIVE_MEMBER_INVENTORY_WITH_SELECTED_SOURCE_READS,True,True
history/BASS/HTT_T2_TOKEN_ASSERTION_REPAIR_V1_20260905T233158Z.zip,2078911,2078911,HISTORICAL_RESEARCH_OR_ARCHIVE,ARCHIVE_MEMBER_INVENTORY_WITH_SELECTED_SOURCE_READS,True,True
history/HTT_T2_REPAIR_LOCAL_CODEX_HANDOFF_20260905.zip,2048223,2048223,HISTORICAL_RESEARCH_OR_ARCHIVE,ARCHIVE_MEMBER_INVENTORY_WITH_SELECTED_SOURCE_READS,True,True
history/BASS/HTT_AUTHORITY_REPLAY_REVIEW_PACKAGE_20260905.zip,1944806,1944806,HISTORICAL_RESEARCH_OR_ARCHIVE,ARCHIVE_MEMBER_INVENTORY_WITH_SELECTED_SOURCE_READS,True,True
history/BASS/HTT_T9_AUTHORITY_REPLAY_HANDOFF_20260905.zip,15396,15396,HISTORICAL_RESEARCH_OR_ARCHIVE,ARCHIVE_MEMBER_INVENTORY_WITH_SELECTED_SOURCE_READS,True,True
history/BASS/HTT_R4A1ER_PARENT_INTAKE_20260905.zip,21895,21895,HISTORICAL_RESEARCH_OR_ARCHIVE,ARCHIVE_MEMBER_INVENTORY_WITH_SELECTED_SOURCE_READS,True,True
history/HTT_REPORT_A_REFERENCES_V2.bib,8494,2821,HISTORICAL_RESEARCH_OR_ARCHIVE,PATH_SIZE_ROLE_INVENTORY_ONLY,True,True
history/HTT_REPORT_A_K2FER1_REPAIR_AND_REPLAY_PACKAGE_20260905.zip,876626,876626,HISTORICAL_RESEARCH_OR_ARCHIVE,ARCHIVE_MEMBER_INVENTORY_WITH_SELECTED_SOURCE_READS,True,True
history/BASS/HTT_REPORT_A_K2FE_FAILURE_PACKAGE_20260905.zip,311458,311458,HISTORICAL_RESEARCH_OR_ARCHIVE,ARCHIVE_MEMBER_INVENTORY_WITH_SELECTED_SOURCE_READS,True,True
history/HTT_REPORT_A_K2FE_FAILURE_PACKAGE_20260905.zip.sha256,113,106,HISTORICAL_RESEARCH_OR_ARCHIVE,PATH_SIZE_ROLE_INVENTORY_ONLY,True,True
history/BASS/HTT_REPORT_A_K4_REVIEW.pdf,228827,228827,HISTORICAL_RESEARCH_OR_ARCHIVE,PATH_SIZE_ROLE_INVENTORY_ONLY,True,True
history/BASS/HTT_REPORT_A_K5_REVIEW_PACKAGE_20260905.zip,9223100,9223100,HISTORICAL_RESEARCH_OR_ARCHIVE,ARCHIVE_MEMBER_INVENTORY_WITH_SELECTED_SOURCE_READS,True,True
history/HTT_REPORT_A_K4_REVIEW.tex,77050,26684,HISTORICAL_RESEARCH_OR_ARCHIVE,PATH_SIZE_ROLE_INVENTORY_ONLY,True,True
history/BASS/HTT_REPORT_A_R4A0_CANONICAL_FRAME_REPAIR_20260904.zip,10271,10271,HISTORICAL_RESEARCH_OR_ARCHIVE,ARCHIVE_MEMBER_INVENTORY_WITH_SELECTED_SOURCE_READS,True,True
history/BASS/HTT_REPORT_A_THEORY_METHODS_DRAFT_R3_CANDIDATE_20260903.md,35725,14099,HISTORICAL_RESEARCH_OR_ARCHIVE,PATH_SIZE_ROLE_INVENTORY_ONLY,True,True
history/BASS/HTT_REPORT_A_R3_BLIND_REVIEW_20260903.zip,35683,35683,HISTORICAL_RESEARCH_OR_ARCHIVE,ARCHIVE_MEMBER_INVENTORY_WITH_SELECTED_SOURCE_READS,True,True
history/BASS/HTT_REPORT_A_R2_INDEPENDENT_AUDIT_20260903.zip,29098,29098,HISTORICAL_RESEARCH_OR_ARCHIVE,ARCHIVE_MEMBER_INVENTORY_WITH_SELECTED_SOURCE_READS,True,True
history/BASS/htt_base_A2_A5_LINEAGE_SAFE_SHA256SUMS.txt,432,288,HISTORICAL_RESEARCH_OR_ARCHIVE,PATH_SIZE_ROLE_INVENTORY_ONLY,True,True
history/BASS/htt_base_A2_A5_LINEAGE_SAFE_FINAL_VERIFICATION.json,2040,1021,HISTORICAL_RESEARCH_OR_ARCHIVE,PATH_SIZE_ROLE_INVENTORY_ONLY,True,True
history/BASS/htt_base_PR449_A5_preflight_overlay.patch,12982,4801,HISTORICAL_RESEARCH_OR_ARCHIVE,PATH_SIZE_ROLE_INVENTORY_ONLY,True,True
history/BASS/htt_base_A2_implementation.patch,60999,15166,HISTORICAL_RESEARCH_OR_ARCHIVE,PATH_SIZE_ROLE_INVENTORY_ONLY,True,True
history/BASS/htt_base_A2_A5_LINEAGE_SAFE_20260903.zip,50389,50389,HISTORICAL_RESEARCH_OR_ARCHIVE,ARCHIVE_MEMBER_INVENTORY_WITH_SELECTED_SOURCE_READS,True,True
history/HTT_PR328_LOCAL_CODEX_HANDOFF_20260831.tar.gz.sha256,112,105,HISTORICAL_RESEARCH_OR_ARCHIVE,PATH_SIZE_ROLE_INVENTORY_ONLY,True,True
history/HTT_PR328_LOCAL_CODEX_HANDOFF_20260831.tar.gz,711457,711457,HISTORICAL_RESEARCH_OR_ARCHIVE,ARCHIVE_MEMBER_INVENTORY_WITH_SELECTED_SOURCE_READS,True,True
history/BASS/htt_base_WU009_theory_dossier_manifest_20260831.sha256,478,310,HISTORICAL_RESEARCH_OR_ARCHIVE,PATH_SIZE_ROLE_INVENTORY_ONLY,True,True
history/BASS/htt_base_PaperA_equation_replacement_DO_NOT_APPLY_BEFORE_GATE_E_20260831.tex,1687,900,HISTORICAL_RESEARCH_OR_ARCHIVE,PATH_SIZE_ROLE_INVENTORY_ONLY,True,True
history/BASS/htt_base_WU009_wolfram_receipts_20260831.wl,2215,1090,HISTORICAL_RESEARCH_OR_ARCHIVE,PATH_SIZE_ROLE_INVENTORY_ONLY,True,True
history/BASS/htt_base_WU009_theory_blocker_ledger_20260831.json,25110,6875,HISTORICAL_RESEARCH_OR_ARCHIVE,PATH_SIZE_ROLE_INVENTORY_ONLY,True,True
history/BASS/htt_base_WU009_theory_dossier_20260831.md,41747,17851,HISTORICAL_RESEARCH_OR_ARCHIVE,PATH_SIZE_ROLE_INVENTORY_ONLY,True,True
history/BASS/HTT_MES_THREAD_ARCHIVE_20260830_DELIVERY_RECEIPT.json,1946,890,HISTORICAL_RESEARCH_OR_ARCHIVE,PATH_SIZE_ROLE_INVENTORY_ONLY,True,True
history/BASS/HTT_MES_THREAD_ARCHIVE_20260830.zip.sha256,102,97,HISTORICAL_RESEARCH_OR_ARCHIVE,PATH_SIZE_ROLE_INVENTORY_ONLY,True,True
history/BASS/HTT_DATA_COMPLETE_WU005_WU006_TRANSITION_20260829.zip.sha256,120,111,HISTORICAL_RESEARCH_OR_ARCHIVE,PATH_SIZE_ROLE_INVENTORY_ONLY,True,True
history/BASS/HTT_DATA_COMPLETE_WU005_WU006_TRANSITION_20260829.zip,8378,8378,HISTORICAL_RESEARCH_OR_ARCHIVE,ARCHIVE_MEMBER_INVENTORY_WITH_SELECTED_SOURCE_READS,True,True
mes/MES_FRESH_OPTICAL_TENSOR_R1_20260920.zip,106066,106066,R1_R2_PACKAGE_OR_REPORT_DUPLICATE,PATH_SIZE_ROLE_INVENTORY_ONLY,True,True
mes/MES_FRESH_R1_RECOVERY_INVENTORY_20260920.json,14157,3619,R1_R2_PACKAGE_OR_REPORT_DUPLICATE,PATH_SIZE_ROLE_INVENTORY_ONLY,True,True
mes/MES_FRESH_RESEARCH_R1_KO.md,23391,10300,R1_R2_PACKAGE_OR_REPORT_DUPLICATE,PATH_SIZE_ROLE_INVENTORY_ONLY,True,True
mes/MES_GENERALIZED_TENSOR_R2_20260920.zip,250033,250033,R1_R2_PACKAGE_OR_REPORT_DUPLICATE,PATH_SIZE_ROLE_INVENTORY_ONLY,True,True
mes/MES_GENERALIZED_TENSOR_R2_DELIVERY_CHECK.json,439,294,R1_R2_PACKAGE_OR_REPORT_DUPLICATE,PATH_SIZE_ROLE_INVENTORY_ONLY,True,True
mes/MES_GENERALIZED_TENSOR_R2_KO.md,29396,12632,R1_R2_PACKAGE_OR_REPORT_DUPLICATE,PATH_SIZE_ROLE_INVENTORY_ONLY,True,True
github_r10_52ab95f2/RECOVERY_PROVENANCE.json,21331,6481,R10_PINNED_RESEARCH_EXECUTION_REVIEW_SUBSET,PROGRAMMATIC_HEADINGS_STATE_GATE_SCAN_ONLY,True,True
github_r10_52ab95f2/docs/research_program/optical_mapping_r10_20260919/LOCAL_CODEX_HANDOFF.md,10423,5549,R10_PINNED_RESEARCH_EXECUTION_REVIEW_SUBSET,PROGRAMMATIC_HEADINGS_STATE_GATE_SCAN_ONLY,True,True
github_r10_52ab95f2/docs/research_program/optical_mapping_r10_20260919/MANIFEST.sha256,1966,1169,R10_PINNED_RESEARCH_EXECUTION_REVIEW_SUBSET,PATH_SIZE_ROLE_INVENTORY_ONLY,True,True
github_r10_52ab95f2/docs/research_program/optical_mapping_r10_20260919/PLAN_KO.md,14628,7297,R10_PINNED_RESEARCH_EXECUTION_REVIEW_SUBSET,PROGRAMMATIC_HEADINGS_STATE_GATE_SCAN_ONLY,True,True
github_r10_52ab95f2/docs/research_program/optical_mapping_r10_20260919/PLAN_REVIEW.md,5417,2618,R10_PINNED_RESEARCH_EXECUTION_REVIEW_SUBSET,PROGRAMMATIC_HEADINGS_STATE_GATE_SCAN_ONLY,True,True
github_r10_52ab95f2/docs/research_program/optical_mapping_r10_20260919/PLAN_VALIDATION.json,4023,1384,R10_PINNED_RESEARCH_EXECUTION_REVIEW_SUBSET,PROGRAMMATIC_HEADINGS_STATE_GATE_SCAN_ONLY,True,True
github_r10_52ab95f2/docs/research_program/optical_mapping_r10_20260919/README.md,3884,2094,R10_PINNED_RESEARCH_EXECUTION_REVIEW_SUBSET,PROGRAMMATIC_HEADINGS_STATE_GATE_SCAN_ONLY,True,True
github_r10_52ab95f2/docs/research_program/optical_mapping_r10_20260919/SCIENTIFIC_CONTRACT.md,14858,6907,R10_PINNED_RESEARCH_EXECUTION_REVIEW_SUBSET,PROGRAMMATIC_HEADINGS_STATE_GATE_SCAN_ONLY,True,True
github_r10_52ab95f2/docs/research_program/optical_mapping_r10_20260919/SOURCE_PROVENANCE.json,8196,2709,R10_PINNED_RESEARCH_EXECUTION_REVIEW_SUBSET,PROGRAMMATIC_HEADINGS_STATE_GATE_SCAN_ONLY,True,True
github_r10_52ab95f2/docs/research_program/optical_mapping_r10_20260919/campaign_dag.json,32314,7171,R10_PINNED_RESEARCH_EXECUTION_REVIEW_SUBSET,PROGRAMMATIC_HEADINGS_STATE_GATE_SCAN_ONLY,True,True
github_r10_52ab95f2/docs/research_program/optical_mapping_r10_20260919/continuation_execution/adapters/CAS_CONTRACT_FULL_PACKED_DRAFT.json,10498,3911,R10_PINNED_RESEARCH_EXECUTION_REVIEW_SUBSET,PROGRAMMATIC_HEADINGS_STATE_GATE_SCAN_ONLY,True,True
github_r10_52ab95f2/docs/research_program/optical_mapping_r10_20260919/continuation_execution/adapters/CAS_CONTRACT_MIXED_DRAFT.json,10607,3983,R10_PINNED_RESEARCH_EXECUTION_REVIEW_SUBSET,PROGRAMMATIC_HEADINGS_STATE_GATE_SCAN_ONLY,True,True
github_r10_52ab95f2/docs/research_program/optical_mapping_r10_20260919/continuation_execution/adapters/README.md,5222,2959,R10_PINNED_RESEARCH_EXECUTION_REVIEW_SUBSET,PROGRAMMATIC_HEADINGS_STATE_GATE_SCAN_ONLY,True,True
github_r10_52ab95f2/docs/research_program/optical_mapping_r10_20260919/continuation_execution/adapters/mixed_probe.log,72,66,R10_PINNED_RESEARCH_EXECUTION_REVIEW_SUBSET,PATH_SIZE_ROLE_INVENTORY_ONLY,True,True
github_r10_52ab95f2/docs/research_program/optical_mapping_r10_20260919/continuation_execution/adapters/mixed_result.json,1754,814,R10_PINNED_RESEARCH_EXECUTION_REVIEW_SUBSET,PROGRAMMATIC_HEADINGS_STATE_GATE_SCAN_ONLY,True,True
github_r10_52ab95f2/docs/research_program/optical_mapping_r10_20260919/continuation_execution/adapters/probe_mixed.py,2599,1387,R10_PINNED_RESEARCH_EXECUTION_REVIEW_SUBSET,PATH_SIZE_ROLE_INVENTORY_ONLY,True,True
github_r10_52ab95f2/docs/research_program/optical_mapping_r10_20260919/continuation_execution/commands.json,2251,681,R10_PINNED_RESEARCH_EXECUTION_REVIEW_SUBSET,PROGRAMMATIC_HEADINGS_STATE_GATE_SCAN_ONLY,True,True
github_r10_52ab95f2/docs/research_program/optical_mapping_r10_20260919/continuation_execution/host_review.json,917,539,R10_PINNED_RESEARCH_EXECUTION_REVIEW_SUBSET,PROGRAMMATIC_HEADINGS_STATE_GATE_SCAN_ONLY,True,True
github_r10_52ab95f2/docs/research_program/optical_mapping_r10_20260919/continuation_execution/r9/README.md,2803,1832,R10_PINNED_RESEARCH_EXECUTION_REVIEW_SUBSET,PROGRAMMATIC_HEADINGS_STATE_GATE_SCAN_ONLY,True,True
github_r10_52ab95f2/docs/research_program/optical_mapping_r10_20260919/continuation_execution/r9/response_null.py,4079,2093,R10_PINNED_RESEARCH_EXECUTION_REVIEW_SUBSET,PATH_SIZE_ROLE_INVENTORY_ONLY,True,True
github_r10_52ab95f2/docs/research_program/optical_mapping_r10_20260919/continuation_execution/r9/result.json,7423,2772,R10_PINNED_RESEARCH_EXECUTION_REVIEW_SUBSET,PROGRAMMATIC_HEADINGS_STATE_GATE_SCAN_ONLY,True,True
github_r10_52ab95f2/docs/research_program/optical_mapping_r10_20260919/continuation_execution/r9/run.log,160,139,R10_PINNED_RESEARCH_EXECUTION_REVIEW_SUBSET,PATH_SIZE_ROLE_INVENTORY_ONLY,True,True
github_r10_52ab95f2/docs/research_program/optical_mapping_r10_20260919/continuation_execution/resume_inspection.json,2980,983,R10_PINNED_RESEARCH_EXECUTION_REVIEW_SUBSET,PROGRAMMATIC_HEADINGS_STATE_GATE_SCAN_ONLY,True,True
github_r10_52ab95f2/docs/research_program/optical_mapping_r10_20260919/continuation_execution/return/CONTINUATION_PROMPT.md,5364,3141,R10_PINNED_RESEARCH_EXECUTION_REVIEW_SUBSET,PROGRAMMATIC_HEADINGS_STATE_GATE_SCAN_ONLY,True,True
github_r10_52ab95f2/docs/research_program/optical_mapping_r10_20260919/continuation_execution/return/MAIN_REVIEW_AND_NEXT_PROMPT.md,15122,7290,R10_PINNED_RESEARCH_EXECUTION_REVIEW_SUBSET,FULL_PROSE_READ,True,True
github_r10_52ab95f2/docs/research_program/optical_mapping_r10_20260919/continuation_execution/return/RETURN_TO_MAIN.md,9471,5196,R10_PINNED_RESEARCH_EXECUTION_REVIEW_SUBSET,PROGRAMMATIC_HEADINGS_STATE_GATE_SCAN_ONLY,True,True
github_r10_52ab95f2/docs/research_program/optical_mapping_r10_20260919/continuation_execution/runtime.json,350,244,R10_PINNED_RESEARCH_EXECUTION_REVIEW_SUBSET,PROGRAMMATIC_HEADINGS_STATE_GATE_SCAN_ONLY,True,True
github_r10_52ab95f2/docs/research_program/optical_mapping_r10_20260919/continuation_execution/shear_ray/README.md,3846,2275,R10_PINNED_RESEARCH_EXECUTION_REVIEW_SUBSET,PROGRAMMATIC_HEADINGS_STATE_GATE_SCAN_ONLY,True,True
github_r10_52ab95f2/docs/research_program/optical_mapping_r10_20260919/continuation_execution/shear_ray/attempt01/config.json,595,308,R10_PINNED_RESEARCH_EXECUTION_REVIEW_SUBSET,PROGRAMMATIC_HEADINGS_STATE_GATE_SCAN_ONLY,True,True
github_r10_52ab95f2/docs/research_program/optical_mapping_r10_20260919/continuation_execution/shear_ray/attempt01/resolution_diagnostic.json,164,119,R10_PINNED_RESEARCH_EXECUTION_REVIEW_SUBSET,PROGRAMMATIC_HEADINGS_STATE_GATE_SCAN_ONLY,True,True
github_r10_52ab95f2/docs/research_program/optical_mapping_r10_20260919/continuation_execution/shear_ray/attempt01/source.py,7434,3223,R10_PINNED_RESEARCH_EXECUTION_REVIEW_SUBSET,PATH_SIZE_ROLE_INVENTORY_ONLY,True,True
github_r10_52ab95f2/docs/research_program/optical_mapping_r10_20260919/continuation_execution/shear_ray/attempt01.log,853,369,R10_PINNED_RESEARCH_EXECUTION_REVIEW_SUBSET,PATH_SIZE_ROLE_INVENTORY_ONLY,True,True
github_r10_52ab95f2/docs/research_program/optical_mapping_r10_20260919/continuation_execution/shear_ray/attempt02/config.json,595,308,R10_PINNED_RESEARCH_EXECUTION_REVIEW_SUBSET,PROGRAMMATIC_HEADINGS_STATE_GATE_SCAN_ONLY,True,True
github_r10_52ab95f2/docs/research_program/optical_mapping_r10_20260919/continuation_execution/shear_ray/attempt02/convergence.png,124713,124713,R10_PINNED_RESEARCH_EXECUTION_REVIEW_SUBSET,PATH_SIZE_ROLE_INVENTORY_ONLY,True,True
github_r10_52ab95f2/docs/research_program/optical_mapping_r10_20260919/continuation_execution/shear_ray/attempt02/result.json,59591,9634,R10_PINNED_RESEARCH_EXECUTION_REVIEW_SUBSET,PROGRAMMATIC_HEADINGS_STATE_GATE_SCAN_ONLY,True,True
github_r10_52ab95f2/docs/research_program/optical_mapping_r10_20260919/continuation_execution/shear_ray/attempt02.log,111,109,R10_PINNED_RESEARCH_EXECUTION_REVIEW_SUBSET,PATH_SIZE_ROLE_INVENTORY_ONLY,True,True
github_r10_52ab95f2/docs/research_program/optical_mapping_r10_20260919/continuation_execution/shear_ray/projection_tests.log,328,134,R10_PINNED_RESEARCH_EXECUTION_REVIEW_SUBSET,PATH_SIZE_ROLE_INVENTORY_ONLY,True,True
github_r10_52ab95f2/docs/research_program/optical_mapping_r10_20260919/continuation_execution/shear_ray/run.py,7689,3317,R10_PINNED_RESEARCH_EXECUTION_REVIEW_SUBSET,PATH_SIZE_ROLE_INVENTORY_ONLY,True,True
github_r10_52ab95f2/docs/research_program/optical_mapping_r10_20260919/continuation_execution/shear_ray/summary.json,272,176,R10_PINNED_RESEARCH_EXECUTION_REVIEW_SUBSET,PROGRAMMATIC_HEADINGS_STATE_GATE_SCAN_ONLY,True,True
github_r10_52ab95f2/docs/research_program/optical_mapping_r10_20260919/continuation_execution/shear_ray/test_projection.py,1286,659,R10_PINNED_RESEARCH_EXECUTION_REVIEW_SUBSET,PATH_SIZE_ROLE_INVENTORY_ONLY,True,True
github_r10_52ab95f2/docs/research_program/optical_mapping_r10_20260919/local_execution/CONVENTIONS.md,6552,3472,R10_PINNED_RESEARCH_EXECUTION_REVIEW_SUBSET,PROGRAMMATIC_HEADINGS_STATE_GATE_SCAN_ONLY,True,True
github_r10_52ab95f2/docs/research_program/optical_mapping_r10_20260919/local_execution/MAIN_CONTINUATION_PROMPT.md,3570,1970,R10_PINNED_RESEARCH_EXECUTION_REVIEW_SUBSET,PROGRAMMATIC_HEADINGS_STATE_GATE_SCAN_ONLY,True,True
github_r10_52ab95f2/docs/research_program/optical_mapping_r10_20260919/local_execution/RETURN_TO_MAIN.md,7863,3988,R10_PINNED_RESEARCH_EXECUTION_REVIEW_SUBSET,PROGRAMMATIC_HEADINGS_STATE_GATE_SCAN_ONLY,True,True
github_r10_52ab95f2/docs/research_program/optical_mapping_r10_20260919/local_execution/figure_manifest.json,510,352,R10_PINNED_RESEARCH_EXECUTION_REVIEW_SUBSET,PROGRAMMATIC_HEADINGS_STATE_GATE_SCAN_ONLY,True,True
github_r10_52ab95f2/docs/research_program/optical_mapping_r10_20260919/local_execution/optical_attempt01.log,138,131,R10_PINNED_RESEARCH_EXECUTION_REVIEW_SUBSET,PATH_SIZE_ROLE_INVENTORY_ONLY,True,True
github_r10_52ab95f2/docs/research_program/optical_mapping_r10_20260919/local_execution/optical_attempt02.log,138,131,R10_PINNED_RESEARCH_EXECUTION_REVIEW_SUBSET,PATH_SIZE_ROLE_INVENTORY_ONLY,True,True
github_r10_52ab95f2/docs/research_program/optical_mapping_r10_20260919/local_execution/optical_fixture.py,12954,5371,R10_PINNED_RESEARCH_EXECUTION_REVIEW_SUBSET,PATH_SIZE_ROLE_INVENTORY_ONLY,True,True
github_r10_52ab95f2/docs/research_program/optical_mapping_r10_20260919/local_execution/optical_residuals.png,120031,120031,R10_PINNED_RESEARCH_EXECUTION_REVIEW_SUBSET,PATH_SIZE_ROLE_INVENTORY_ONLY,True,True
github_r10_52ab95f2/docs/research_program/optical_mapping_r10_20260919/local_execution/optical_results.json,20613,3398,R10_PINNED_RESEARCH_EXECUTION_REVIEW_SUBSET,PROGRAMMATIC_HEADINGS_STATE_GATE_SCAN_ONLY,True,True
github_r10_52ab95f2/docs/research_program/optical_mapping_r10_20260919/local_execution/plan_manifest.log,726,325,R10_PINNED_RESEARCH_EXECUTION_REVIEW_SUBSET,PATH_SIZE_ROLE_INVENTORY_ONLY,True,True
github_r10_52ab95f2/docs/research_program/optical_mapping_r10_20260919/local_execution/pytest.log,98,33,R10_PINNED_RESEARCH_EXECUTION_REVIEW_SUBSET,PATH_SIZE_ROLE_INVENTORY_ONLY,True,True
github_r10_52ab95f2/docs/research_program/optical_mapping_r10_20260919/local_execution/r9_execution.log,168,153,R10_PINNED_RESEARCH_EXECUTION_REVIEW_SUBSET,PATH_SIZE_ROLE_INVENTORY_ONLY,True,True
github_r10_52ab95f2/docs/research_program/optical_mapping_r10_20260919/local_execution/r9_reuse.json,3565,1360,R10_PINNED_RESEARCH_EXECUTION_REVIEW_SUBSET,PROGRAMMATIC_HEADINGS_STATE_GATE_SCAN_ONLY,True,True
github_r10_52ab95f2/docs/research_program/optical_mapping_r10_20260919/local_execution/r9_reuse.py,3560,1929,R10_PINNED_RESEARCH_EXECUTION_REVIEW_SUBSET,PATH_SIZE_ROLE_INVENTORY_ONLY,True,True
github_r10_52ab95f2/docs/research_program/optical_mapping_r10_20260919/local_execution/review_blocker.json,683,446,R10_PINNED_RESEARCH_EXECUTION_REVIEW_SUBSET,PROGRAMMATIC_HEADINGS_STATE_GATE_SCAN_ONLY,True,True
github_r10_52ab95f2/docs/research_program/optical_mapping_r10_20260919/local_execution/runtime.json,398,279,R10_PINNED_RESEARCH_EXECUTION_REVIEW_SUBSET,PROGRAMMATIC_HEADINGS_STATE_GATE_SCAN_ONLY,True,True
github_r10_52ab95f2/docs/research_program/optical_mapping_r10_20260919/local_execution/t9_attempt01.log,1590,433,R10_PINNED_RESEARCH_EXECUTION_REVIEW_SUBSET,PATH_SIZE_ROLE_INVENTORY_ONLY,True,True
github_r10_52ab95f2/docs/research_program/optical_mapping_r10_20260919/local_execution/t9_attempt02.log,735,347,R10_PINNED_RESEARCH_EXECUTION_REVIEW_SUBSET,PATH_SIZE_ROLE_INVENTORY_ONLY,True,True
github_r10_52ab95f2/docs/research_program/optical_mapping_r10_20260919/local_execution/t9_attempt03.log,174,146,R10_PINNED_RESEARCH_EXECUTION_REVIEW_SUBSET,PATH_SIZE_ROLE_INVENTORY_ONLY,True,True
github_r10_52ab95f2/docs/research_program/optical_mapping_r10_20260919/local_execution/t9_diagnosis.py,5162,2331,R10_PINNED_RESEARCH_EXECUTION_REVIEW_SUBSET,PATH_SIZE_ROLE_INVENTORY_ONLY,True,True
github_r10_52ab95f2/docs/research_program/optical_mapping_r10_20260919/local_execution/t9_results.json,13232,2178,R10_PINNED_RESEARCH_EXECUTION_REVIEW_SUBSET,PROGRAMMATIC_HEADINGS_STATE_GATE_SCAN_ONLY,True,True
github_r10_52ab95f2/docs/research_program/optical_mapping_r10_20260919/local_execution/test_optical_fixture.py,1270,569,R10_PINNED_RESEARCH_EXECUTION_REVIEW_SUBSET,PATH_SIZE_ROLE_INVENTORY_ONLY,True,True
github_r10_52ab95f2/docs/research_program/optical_mapping_r10_20260919/local_execution/validation.json,1695,686,R10_PINNED_RESEARCH_EXECUTION_REVIEW_SUBSET,PROGRAMMATIC_HEADINGS_STATE_GATE_SCAN_ONLY,True,True
github_r10_52ab95f2/docs/research_program/optical_mapping_r10_20260919/source_addition/00_EXECUTIVE_RESULT.md,3106,1668,R10_PINNED_RESEARCH_EXECUTION_REVIEW_SUBSET,PROGRAMMATIC_HEADINGS_STATE_GATE_SCAN_ONLY,True,True
github_r10_52ab95f2/docs/research_program/optical_mapping_r10_20260919/source_addition/01_OPTICAL_VARIABLE_REDEFINITION.md,1628,911,R10_PINNED_RESEARCH_EXECUTION_REVIEW_SUBSET,PROGRAMMATIC_HEADINGS_STATE_GATE_SCAN_ONLY,True,True
github_r10_52ab95f2/docs/research_program/optical_mapping_r10_20260919/source_addition/02_FIRST_JET_TO_RAY_GENERATOR.md,1051,569,R10_PINNED_RESEARCH_EXECUTION_REVIEW_SUBSET,PROGRAMMATIC_HEADINGS_STATE_GATE_SCAN_ONLY,True,True
github_r10_52ab95f2/docs/research_program/optical_mapping_r10_20260919/source_addition/03_SACHS_JACOBI_OBSERVABLE_MAP.md,1019,586,R10_PINNED_RESEARCH_EXECUTION_REVIEW_SUBSET,PROGRAMMATIC_HEADINGS_STATE_GATE_SCAN_ONLY,True,True
github_r10_52ab95f2/docs/research_program/optical_mapping_r10_20260919/source_addition/04_CMB_MAPPING_CONSTRUCTION.md,1742,955,R10_PINNED_RESEARCH_EXECUTION_REVIEW_SUBSET,PROGRAMMATIC_HEADINGS_STATE_GATE_SCAN_ONLY,True,True
github_r10_52ab95f2/docs/research_program/optical_mapping_r10_20260919/source_addition/05_T9_SIGN_SEAL.md,1521,864,R10_PINNED_RESEARCH_EXECUTION_REVIEW_SUBSET,PROGRAMMATIC_HEADINGS_STATE_GATE_SCAN_ONLY,True,True
github_r10_52ab95f2/docs/research_program/optical_mapping_r10_20260919/source_addition/06_LITERATURE_HOSTILE_AUDIT.md,1396,778,R10_PINNED_RESEARCH_EXECUTION_REVIEW_SUBSET,PROGRAMMATIC_HEADINGS_STATE_GATE_SCAN_ONLY,True,True
github_r10_52ab95f2/docs/research_program/optical_mapping_r10_20260919/source_addition/07_PAPER_A_REVISED_SPINE.md,1139,689,R10_PINNED_RESEARCH_EXECUTION_REVIEW_SUBSET,PROGRAMMATIC_HEADINGS_STATE_GATE_SCAN_ONLY,True,True
github_r10_52ab95f2/docs/research_program/optical_mapping_r10_20260919/source_addition/08_REPO_IMPACT_NO_MUTATION.md,772,472,R10_PINNED_RESEARCH_EXECUTION_REVIEW_SUBSET,PROGRAMMATIC_HEADINGS_STATE_GATE_SCAN_ONLY,True,True
github_r10_52ab95f2/docs/research_program/optical_mapping_r10_20260919/source_addition/MANIFEST.json,1415,723,R10_PINNED_RESEARCH_EXECUTION_REVIEW_SUBSET,PROGRAMMATIC_HEADINGS_STATE_GATE_SCAN_ONLY,True,True
github_r10_52ab95f2/docs/research_program/optical_mapping_r10_20260919/source_addition/OPTICAL_MAPPING_REGISTRY.json,867,447,R10_PINNED_RESEARCH_EXECUTION_REVIEW_SUBSET,PROGRAMMATIC_HEADINGS_STATE_GATE_SCAN_ONLY,True,True
github_r10_52ab95f2/docs/research_program/optical_mapping_r10_20260919/validate_plan.py,7604,2785,R10_PINNED_RESEARCH_EXECUTION_REVIEW_SUBSET,PATH_SIZE_ROLE_INVENTORY_ONLY,True,True
github_historical_snapshots/48e77f8d05a01b9df78d37475e9fae48f65bad6d/docs/research_program/optical_mapping_r10_20260919/LOCAL_CODEX_HANDOFF.md,10423,5549,PINNED_HISTORICAL_GITHUB_SOURCE_SUBSET,PROGRAMMATIC_HEADINGS_STATE_GATE_SCAN_ONLY,True,True
github_historical_snapshots/48e77f8d05a01b9df78d37475e9fae48f65bad6d/docs/research_program/optical_mapping_r10_20260919/MANIFEST.sha256,1966,1169,PINNED_HISTORICAL_GITHUB_SOURCE_SUBSET,PATH_SIZE_ROLE_INVENTORY_ONLY,True,True
github_historical_snapshots/48e77f8d05a01b9df78d37475e9fae48f65bad6d/docs/research_program/optical_mapping_r10_20260919/PLAN_KO.md,14628,7297,PINNED_HISTORICAL_GITHUB_SOURCE_SUBSET,PROGRAMMATIC_HEADINGS_STATE_GATE_SCAN_ONLY,True,True
github_historical_snapshots/48e77f8d05a01b9df78d37475e9fae48f65bad6d/docs/research_program/optical_mapping_r10_20260919/PLAN_REVIEW.md,5417,2618,PINNED_HISTORICAL_GITHUB_SOURCE_SUBSET,PROGRAMMATIC_HEADINGS_STATE_GATE_SCAN_ONLY,True,True
github_historical_snapshots/48e77f8d05a01b9df78d37475e9fae48f65bad6d/docs/research_program/optical_mapping_r10_20260919/PLAN_VALIDATION.json,4023,1384,PINNED_HISTORICAL_GITHUB_SOURCE_SUBSET,PROGRAMMATIC_HEADINGS_STATE_GATE_SCAN_ONLY,True,True
github_historical_snapshots/48e77f8d05a01b9df78d37475e9fae48f65bad6d/docs/research_program/optical_mapping_r10_20260919/README.md,3884,2094,PINNED_HISTORICAL_GITHUB_SOURCE_SUBSET,PROGRAMMATIC_HEADINGS_STATE_GATE_SCAN_ONLY,True,True
github_historical_snapshots/48e77f8d05a01b9df78d37475e9fae48f65bad6d/docs/research_program/optical_mapping_r10_20260919/SCIENTIFIC_CONTRACT.md,14858,6907,PINNED_HISTORICAL_GITHUB_SOURCE_SUBSET,PROGRAMMATIC_HEADINGS_STATE_GATE_SCAN_ONLY,True,True
github_historical_snapshots/48e77f8d05a01b9df78d37475e9fae48f65bad6d/docs/research_program/optical_mapping_r10_20260919/SOURCE_PROVENANCE.json,8196,2709,PINNED_HISTORICAL_GITHUB_SOURCE_SUBSET,PROGRAMMATIC_HEADINGS_STATE_GATE_SCAN_ONLY,True,True
github_historical_snapshots/48e77f8d05a01b9df78d37475e9fae48f65bad6d/docs/research_program/optical_mapping_r10_20260919/campaign_dag.json,32314,7171,PINNED_HISTORICAL_GITHUB_SOURCE_SUBSET,PROGRAMMATIC_HEADINGS_STATE_GATE_SCAN_ONLY,True,True
github_historical_snapshots/48e77f8d05a01b9df78d37475e9fae48f65bad6d/docs/research_program/optical_mapping_r10_20260919/continuation_execution/adapters/CAS_CONTRACT_FULL_PACKED_DRAFT.json,10498,3911,PINNED_HISTORICAL_GITHUB_SOURCE_SUBSET,PROGRAMMATIC_HEADINGS_STATE_GATE_SCAN_ONLY,True,True
github_historical_snapshots/48e77f8d05a01b9df78d37475e9fae48f65bad6d/docs/research_program/optical_mapping_r10_20260919/continuation_execution/adapters/CAS_CONTRACT_MIXED_DRAFT.json,10607,3983,PINNED_HISTORICAL_GITHUB_SOURCE_SUBSET,PROGRAMMATIC_HEADINGS_STATE_GATE_SCAN_ONLY,True,True
github_historical_snapshots/48e77f8d05a01b9df78d37475e9fae48f65bad6d/docs/research_program/optical_mapping_r10_20260919/continuation_execution/adapters/README.md,5222,2959,PINNED_HISTORICAL_GITHUB_SOURCE_SUBSET,PROGRAMMATIC_HEADINGS_STATE_GATE_SCAN_ONLY,True,True
github_historical_snapshots/48e77f8d05a01b9df78d37475e9fae48f65bad6d/docs/research_program/optical_mapping_r10_20260919/continuation_execution/adapters/mixed_probe.log,72,66,PINNED_HISTORICAL_GITHUB_SOURCE_SUBSET,PATH_SIZE_ROLE_INVENTORY_ONLY,True,True
github_historical_snapshots/48e77f8d05a01b9df78d37475e9fae48f65bad6d/docs/research_program/optical_mapping_r10_20260919/continuation_execution/adapters/mixed_result.json,1754,814,PINNED_HISTORICAL_GITHUB_SOURCE_SUBSET,PROGRAMMATIC_HEADINGS_STATE_GATE_SCAN_ONLY,True,True
github_historical_snapshots/48e77f8d05a01b9df78d37475e9fae48f65bad6d/docs/research_program/optical_mapping_r10_20260919/continuation_execution/adapters/probe_mixed.py,2599,1387,PINNED_HISTORICAL_GITHUB_SOURCE_SUBSET,PATH_SIZE_ROLE_INVENTORY_ONLY,True,True
github_historical_snapshots/48e77f8d05a01b9df78d37475e9fae48f65bad6d/docs/research_program/optical_mapping_r10_20260919/continuation_execution/commands.json,2251,681,PINNED_HISTORICAL_GITHUB_SOURCE_SUBSET,PROGRAMMATIC_HEADINGS_STATE_GATE_SCAN_ONLY,True,True
github_historical_snapshots/48e77f8d05a01b9df78d37475e9fae48f65bad6d/docs/research_program/optical_mapping_r10_20260919/continuation_execution/host_review.json,917,539,PINNED_HISTORICAL_GITHUB_SOURCE_SUBSET,PROGRAMMATIC_HEADINGS_STATE_GATE_SCAN_ONLY,True,True
github_historical_snapshots/48e77f8d05a01b9df78d37475e9fae48f65bad6d/docs/research_program/optical_mapping_r10_20260919/continuation_execution/r9/README.md,2803,1832,PINNED_HISTORICAL_GITHUB_SOURCE_SUBSET,PROGRAMMATIC_HEADINGS_STATE_GATE_SCAN_ONLY,True,True
github_historical_snapshots/48e77f8d05a01b9df78d37475e9fae48f65bad6d/docs/research_program/optical_mapping_r10_20260919/continuation_execution/r9/response_null.py,4079,2093,PINNED_HISTORICAL_GITHUB_SOURCE_SUBSET,PATH_SIZE_ROLE_INVENTORY_ONLY,True,True
github_historical_snapshots/48e77f8d05a01b9df78d37475e9fae48f65bad6d/docs/research_program/optical_mapping_r10_20260919/continuation_execution/r9/result.json,7423,2772,PINNED_HISTORICAL_GITHUB_SOURCE_SUBSET,PROGRAMMATIC_HEADINGS_STATE_GATE_SCAN_ONLY,True,True
github_historical_snapshots/48e77f8d05a01b9df78d37475e9fae48f65bad6d/docs/research_program/optical_mapping_r10_20260919/continuation_execution/r9/run.log,160,139,PINNED_HISTORICAL_GITHUB_SOURCE_SUBSET,PATH_SIZE_ROLE_INVENTORY_ONLY,True,True
github_historical_snapshots/48e77f8d05a01b9df78d37475e9fae48f65bad6d/docs/research_program/optical_mapping_r10_20260919/continuation_execution/resume_inspection.json,2980,983,PINNED_HISTORICAL_GITHUB_SOURCE_SUBSET,PROGRAMMATIC_HEADINGS_STATE_GATE_SCAN_ONLY,True,True
github_historical_snapshots/48e77f8d05a01b9df78d37475e9fae48f65bad6d/docs/research_program/optical_mapping_r10_20260919/continuation_execution/return/CONTINUATION_PROMPT.md,5364,3141,PINNED_HISTORICAL_GITHUB_SOURCE_SUBSET,PROGRAMMATIC_HEADINGS_STATE_GATE_SCAN_ONLY,True,True
github_historical_snapshots/48e77f8d05a01b9df78d37475e9fae48f65bad6d/docs/research_program/optical_mapping_r10_20260919/continuation_execution/return/RETURN_TO_MAIN.md,9471,5196,PINNED_HISTORICAL_GITHUB_SOURCE_SUBSET,PROGRAMMATIC_HEADINGS_STATE_GATE_SCAN_ONLY,True,True
github_historical_snapshots/48e77f8d05a01b9df78d37475e9fae48f65bad6d/docs/research_program/optical_mapping_r10_20260919/continuation_execution/runtime.json,350,244,PINNED_HISTORICAL_GITHUB_SOURCE_SUBSET,PROGRAMMATIC_HEADINGS_STATE_GATE_SCAN_ONLY,True,True
github_historical_snapshots/48e77f8d05a01b9df78d37475e9fae48f65bad6d/docs/research_program/optical_mapping_r10_20260919/continuation_execution/shear_ray/README.md,3846,2275,PINNED_HISTORICAL_GITHUB_SOURCE_SUBSET,PROGRAMMATIC_HEADINGS_STATE_GATE_SCAN_ONLY,True,True
github_historical_snapshots/48e77f8d05a01b9df78d37475e9fae48f65bad6d/docs/research_program/optical_mapping_r10_20260919/continuation_execution/shear_ray/attempt01/config.json,595,308,PINNED_HISTORICAL_GITHUB_SOURCE_SUBSET,PROGRAMMATIC_HEADINGS_STATE_GATE_SCAN_ONLY,True,True
github_historical_snapshots/48e77f8d05a01b9df78d37475e9fae48f65bad6d/docs/research_program/optical_mapping_r10_20260919/continuation_execution/shear_ray/attempt01/resolution_diagnostic.json,164,119,PINNED_HISTORICAL_GITHUB_SOURCE_SUBSET,PROGRAMMATIC_HEADINGS_STATE_GATE_SCAN_ONLY,True,True
github_historical_snapshots/48e77f8d05a01b9df78d37475e9fae48f65bad6d/docs/research_program/optical_mapping_r10_20260919/continuation_execution/shear_ray/attempt01/source.py,7434,3223,PINNED_HISTORICAL_GITHUB_SOURCE_SUBSET,PATH_SIZE_ROLE_INVENTORY_ONLY,True,True
github_historical_snapshots/48e77f8d05a01b9df78d37475e9fae48f65bad6d/docs/research_program/optical_mapping_r10_20260919/continuation_execution/shear_ray/attempt01.log,853,369,PINNED_HISTORICAL_GITHUB_SOURCE_SUBSET,PATH_SIZE_ROLE_INVENTORY_ONLY,True,True
github_historical_snapshots/48e77f8d05a01b9df78d37475e9fae48f65bad6d/docs/research_program/optical_mapping_r10_20260919/continuation_execution/shear_ray/attempt02/config.json,595,308,PINNED_HISTORICAL_GITHUB_SOURCE_SUBSET,PROGRAMMATIC_HEADINGS_STATE_GATE_SCAN_ONLY,True,True
github_historical_snapshots/48e77f8d05a01b9df78d37475e9fae48f65bad6d/docs/research_program/optical_mapping_r10_20260919/continuation_execution/shear_ray/attempt02/convergence.png,124713,124713,PINNED_HISTORICAL_GITHUB_SOURCE_SUBSET,PATH_SIZE_ROLE_INVENTORY_ONLY,True,True
github_historical_snapshots/48e77f8d05a01b9df78d37475e9fae48f65bad6d/docs/research_program/optical_mapping_r10_20260919/continuation_execution/shear_ray/attempt02/result.json,59591,9634,PINNED_HISTORICAL_GITHUB_SOURCE_SUBSET,PROGRAMMATIC_HEADINGS_STATE_GATE_SCAN_ONLY,True,True
github_historical_snapshots/48e77f8d05a01b9df78d37475e9fae48f65bad6d/docs/research_program/optical_mapping_r10_20260919/continuation_execution/shear_ray/attempt02.log,111,109,PINNED_HISTORICAL_GITHUB_SOURCE_SUBSET,PATH_SIZE_ROLE_INVENTORY_ONLY,True,True
github_historical_snapshots/48e77f8d05a01b9df78d37475e9fae48f65bad6d/docs/research_program/optical_mapping_r10_20260919/continuation_execution/shear_ray/projection_tests.log,328,134,PINNED_HISTORICAL_GITHUB_SOURCE_SUBSET,PATH_SIZE_ROLE_INVENTORY_ONLY,True,True
github_historical_snapshots/48e77f8d05a01b9df78d37475e9fae48f65bad6d/docs/research_program/optical_mapping_r10_20260919/continuation_execution/shear_ray/run.py,7689,3317,PINNED_HISTORICAL_GITHUB_SOURCE_SUBSET,PATH_SIZE_ROLE_INVENTORY_ONLY,True,True
github_historical_snapshots/48e77f8d05a01b9df78d37475e9fae48f65bad6d/docs/research_program/optical_mapping_r10_20260919/continuation_execution/shear_ray/summary.json,272,176,PINNED_HISTORICAL_GITHUB_SOURCE_SUBSET,PROGRAMMATIC_HEADINGS_STATE_GATE_SCAN_ONLY,True,True
github_historical_snapshots/48e77f8d05a01b9df78d37475e9fae48f65bad6d/docs/research_program/optical_mapping_r10_20260919/continuation_execution/shear_ray/test_projection.py,1286,659,PINNED_HISTORICAL_GITHUB_SOURCE_SUBSET,PATH_SIZE_ROLE_INVENTORY_ONLY,True,True
github_historical_snapshots/48e77f8d05a01b9df78d37475e9fae48f65bad6d/docs/research_program/optical_mapping_r10_20260919/local_execution/CONVENTIONS.md,6552,3472,PINNED_HISTORICAL_GITHUB_SOURCE_SUBSET,PROGRAMMATIC_HEADINGS_STATE_GATE_SCAN_ONLY,True,True
github_historical_snapshots/48e77f8d05a01b9df78d37475e9fae48f65bad6d/docs/research_program/optical_mapping_r10_20260919/local_execution/MAIN_CONTINUATION_PROMPT.md,3570,1970,PINNED_HISTORICAL_GITHUB_SOURCE_SUBSET,PROGRAMMATIC_HEADINGS_STATE_GATE_SCAN_ONLY,True,True
github_historical_snapshots/48e77f8d05a01b9df78d37475e9fae48f65bad6d/docs/research_program/optical_mapping_r10_20260919/local_execution/RETURN_TO_MAIN.md,7863,3988,PINNED_HISTORICAL_GITHUB_SOURCE_SUBSET,PROGRAMMATIC_HEADINGS_STATE_GATE_SCAN_ONLY,True,True
github_historical_snapshots/48e77f8d05a01b9df78d37475e9fae48f65bad6d/docs/research_program/optical_mapping_r10_20260919/local_execution/figure_manifest.json,510,352,PINNED_HISTORICAL_GITHUB_SOURCE_SUBSET,PROGRAMMATIC_HEADINGS_STATE_GATE_SCAN_ONLY,True,True
github_historical_snapshots/48e77f8d05a01b9df78d37475e9fae48f65bad6d/docs/research_program/optical_mapping_r10_20260919/local_execution/optical_attempt01.log,138,131,PINNED_HISTORICAL_GITHUB_SOURCE_SUBSET,PATH_SIZE_ROLE_INVENTORY_ONLY,True,True
github_historical_snapshots/48e77f8d05a01b9df78d37475e9fae48f65bad6d/docs/research_program/optical_mapping_r10_20260919/local_execution/optical_attempt02.log,138,131,PINNED_HISTORICAL_GITHUB_SOURCE_SUBSET,PATH_SIZE_ROLE_INVENTORY_ONLY,True,True
github_historical_snapshots/48e77f8d05a01b9df78d37475e9fae48f65bad6d/docs/research_program/optical_mapping_r10_20260919/local_execution/optical_fixture.py,12954,5371,PINNED_HISTORICAL_GITHUB_SOURCE_SUBSET,PATH_SIZE_ROLE_INVENTORY_ONLY,True,True
github_historical_snapshots/48e77f8d05a01b9df78d37475e9fae48f65bad6d/docs/research_program/optical_mapping_r10_20260919/local_execution/optical_residuals.png,120031,120031,PINNED_HISTORICAL_GITHUB_SOURCE_SUBSET,PATH_SIZE_ROLE_INVENTORY_ONLY,True,True
github_historical_snapshots/48e77f8d05a01b9df78d37475e9fae48f65bad6d/docs/research_program/optical_mapping_r10_20260919/local_execution/optical_results.json,20613,3398,PINNED_HISTORICAL_GITHUB_SOURCE_SUBSET,PROGRAMMATIC_HEADINGS_STATE_GATE_SCAN_ONLY,True,True
github_historical_snapshots/48e77f8d05a01b9df78d37475e9fae48f65bad6d/docs/research_program/optical_mapping_r10_20260919/local_execution/plan_manifest.log,726,325,PINNED_HISTORICAL_GITHUB_SOURCE_SUBSET,PATH_SIZE_ROLE_INVENTORY_ONLY,True,True
github_historical_snapshots/48e77f8d05a01b9df78d37475e9fae48f65bad6d/docs/research_program/optical_mapping_r10_20260919/local_execution/pytest.log,98,33,PINNED_HISTORICAL_GITHUB_SOURCE_SUBSET,PATH_SIZE_ROLE_INVENTORY_ONLY,True,True
github_historical_snapshots/48e77f8d05a01b9df78d37475e9fae48f65bad6d/docs/research_program/optical_mapping_r10_20260919/local_execution/r9_execution.log,168,153,PINNED_HISTORICAL_GITHUB_SOURCE_SUBSET,PATH_SIZE_ROLE_INVENTORY_ONLY,True,True
github_historical_snapshots/48e77f8d05a01b9df78d37475e9fae48f65bad6d/docs/research_program/optical_mapping_r10_20260919/local_execution/r9_reuse.json,3565,1360,PINNED_HISTORICAL_GITHUB_SOURCE_SUBSET,PROGRAMMATIC_HEADINGS_STATE_GATE_SCAN_ONLY,True,True
github_historical_snapshots/48e77f8d05a01b9df78d37475e9fae48f65bad6d/docs/research_program/optical_mapping_r10_20260919/local_execution/r9_reuse.py,3560,1929,PINNED_HISTORICAL_GITHUB_SOURCE_SUBSET,PATH_SIZE_ROLE_INVENTORY_ONLY,True,True
github_historical_snapshots/48e77f8d05a01b9df78d37475e9fae48f65bad6d/docs/research_program/optical_mapping_r10_20260919/local_execution/review_blocker.json,683,446,PINNED_HISTORICAL_GITHUB_SOURCE_SUBSET,PROGRAMMATIC_HEADINGS_STATE_GATE_SCAN_ONLY,True,True
github_historical_snapshots/48e77f8d05a01b9df78d37475e9fae48f65bad6d/docs/research_program/optical_mapping_r10_20260919/local_execution/runtime.json,398,279,PINNED_HISTORICAL_GITHUB_SOURCE_SUBSET,PROGRAMMATIC_HEADINGS_STATE_GATE_SCAN_ONLY,True,True
github_historical_snapshots/48e77f8d05a01b9df78d37475e9fae48f65bad6d/docs/research_program/optical_mapping_r10_20260919/local_execution/t9_attempt01.log,1590,433,PINNED_HISTORICAL_GITHUB_SOURCE_SUBSET,PATH_SIZE_ROLE_INVENTORY_ONLY,True,True
github_historical_snapshots/48e77f8d05a01b9df78d37475e9fae48f65bad6d/docs/research_program/optical_mapping_r10_20260919/local_execution/t9_attempt02.log,735,347,PINNED_HISTORICAL_GITHUB_SOURCE_SUBSET,PATH_SIZE_ROLE_INVENTORY_ONLY,True,True
github_historical_snapshots/48e77f8d05a01b9df78d37475e9fae48f65bad6d/docs/research_program/optical_mapping_r10_20260919/local_execution/t9_attempt03.log,174,146,PINNED_HISTORICAL_GITHUB_SOURCE_SUBSET,PATH_SIZE_ROLE_INVENTORY_ONLY,True,True
github_historical_snapshots/48e77f8d05a01b9df78d37475e9fae48f65bad6d/docs/research_program/optical_mapping_r10_20260919/local_execution/t9_diagnosis.py,5162,2331,PINNED_HISTORICAL_GITHUB_SOURCE_SUBSET,PATH_SIZE_ROLE_INVENTORY_ONLY,True,True
github_historical_snapshots/48e77f8d05a01b9df78d37475e9fae48f65bad6d/docs/research_program/optical_mapping_r10_20260919/local_execution/t9_results.json,13232,2178,PINNED_HISTORICAL_GITHUB_SOURCE_SUBSET,PROGRAMMATIC_HEADINGS_STATE_GATE_SCAN_ONLY,True,True
github_historical_snapshots/48e77f8d05a01b9df78d37475e9fae48f65bad6d/docs/research_program/optical_mapping_r10_20260919/local_execution/test_optical_fixture.py,1270,569,PINNED_HISTORICAL_GITHUB_SOURCE_SUBSET,PATH_SIZE_ROLE_INVENTORY_ONLY,True,True
github_historical_snapshots/48e77f8d05a01b9df78d37475e9fae48f65bad6d/docs/research_program/optical_mapping_r10_20260919/local_execution/validation.json,1695,686,PINNED_HISTORICAL_GITHUB_SOURCE_SUBSET,PROGRAMMATIC_HEADINGS_STATE_GATE_SCAN_ONLY,True,True
github_historical_snapshots/48e77f8d05a01b9df78d37475e9fae48f65bad6d/docs/research_program/optical_mapping_r10_20260919/source_addition/00_EXECUTIVE_RESULT.md,3106,1668,PINNED_HISTORICAL_GITHUB_SOURCE_SUBSET,PROGRAMMATIC_HEADINGS_STATE_GATE_SCAN_ONLY,True,True
github_historical_snapshots/48e77f8d05a01b9df78d37475e9fae48f65bad6d/docs/research_program/optical_mapping_r10_20260919/source_addition/01_OPTICAL_VARIABLE_REDEFINITION.md,1628,911,PINNED_HISTORICAL_GITHUB_SOURCE_SUBSET,PROGRAMMATIC_HEADINGS_STATE_GATE_SCAN_ONLY,True,True
github_historical_snapshots/48e77f8d05a01b9df78d37475e9fae48f65bad6d/docs/research_program/optical_mapping_r10_20260919/source_addition/02_FIRST_JET_TO_RAY_GENERATOR.md,1051,569,PINNED_HISTORICAL_GITHUB_SOURCE_SUBSET,PROGRAMMATIC_HEADINGS_STATE_GATE_SCAN_ONLY,True,True
github_historical_snapshots/48e77f8d05a01b9df78d37475e9fae48f65bad6d/docs/research_program/optical_mapping_r10_20260919/source_addition/03_SACHS_JACOBI_OBSERVABLE_MAP.md,1019,586,PINNED_HISTORICAL_GITHUB_SOURCE_SUBSET,PROGRAMMATIC_HEADINGS_STATE_GATE_SCAN_ONLY,True,True
github_historical_snapshots/48e77f8d05a01b9df78d37475e9fae48f65bad6d/docs/research_program/optical_mapping_r10_20260919/source_addition/04_CMB_MAPPING_CONSTRUCTION.md,1742,955,PINNED_HISTORICAL_GITHUB_SOURCE_SUBSET,PROGRAMMATIC_HEADINGS_STATE_GATE_SCAN_ONLY,True,True
github_historical_snapshots/48e77f8d05a01b9df78d37475e9fae48f65bad6d/docs/research_program/optical_mapping_r10_20260919/source_addition/05_T9_SIGN_SEAL.md,1521,864,PINNED_HISTORICAL_GITHUB_SOURCE_SUBSET,PROGRAMMATIC_HEADINGS_STATE_GATE_SCAN_ONLY,True,True
github_historical_snapshots/48e77f8d05a01b9df78d37475e9fae48f65bad6d/docs/research_program/optical_mapping_r10_20260919/source_addition/06_LITERATURE_HOSTILE_AUDIT.md,1396,778,PINNED_HISTORICAL_GITHUB_SOURCE_SUBSET,PROGRAMMATIC_HEADINGS_STATE_GATE_SCAN_ONLY,True,True
github_historical_snapshots/48e77f8d05a01b9df78d37475e9fae48f65bad6d/docs/research_program/optical_mapping_r10_20260919/source_addition/07_PAPER_A_REVISED_SPINE.md,1139,689,PINNED_HISTORICAL_GITHUB_SOURCE_SUBSET,PROGRAMMATIC_HEADINGS_STATE_GATE_SCAN_ONLY,True,True
github_historical_snapshots/48e77f8d05a01b9df78d37475e9fae48f65bad6d/docs/research_program/optical_mapping_r10_20260919/source_addition/08_REPO_IMPACT_NO_MUTATION.md,772,472,PINNED_HISTORICAL_GITHUB_SOURCE_SUBSET,PROGRAMMATIC_HEADINGS_STATE_GATE_SCAN_ONLY,True,True
github_historical_snapshots/48e77f8d05a01b9df78d37475e9fae48f65bad6d/docs/research_program/optical_mapping_r10_20260919/source_addition/MANIFEST.json,1415,723,PINNED_HISTORICAL_GITHUB_SOURCE_SUBSET,PROGRAMMATIC_HEADINGS_STATE_GATE_SCAN_ONLY,True,True
github_historical_snapshots/48e77f8d05a01b9df78d37475e9fae48f65bad6d/docs/research_program/optical_mapping_r10_20260919/source_addition/OPTICAL_MAPPING_REGISTRY.json,867,447,PINNED_HISTORICAL_GITHUB_SOURCE_SUBSET,PROGRAMMATIC_HEADINGS_STATE_GATE_SCAN_ONLY,True,True
github_historical_snapshots/48e77f8d05a01b9df78d37475e9fae48f65bad6d/docs/research_program/optical_mapping_r10_20260919/validate_plan.py,7604,2785,PINNED_HISTORICAL_GITHUB_SOURCE_SUBSET,PATH_SIZE_ROLE_INVENTORY_ONLY,True,True
github_historical_snapshots/SNAPSHOT_IDENTITIES.json,44471,4617,PINNED_HISTORICAL_GITHUB_SOURCE_SUBSET,PROGRAMMATIC_HEADINGS_STATE_GATE_SCAN_ONLY,True,True
github_historical_snapshots/c8bd214a61088b684cad1d08873f05227cf5bfb0/docs/PR_DELTAS/pr-248.md,3734,1883,PINNED_HISTORICAL_GITHUB_SOURCE_SUBSET,PROGRAMMATIC_HEADINGS_STATE_GATE_SCAN_ONLY,True,True
github_historical_snapshots/c8bd214a61088b684cad1d08873f05227cf5bfb0/docs/codex_handoff/HTT_R10_OPTICAL_MAPPING_20260919.md,970,572,PINNED_HISTORICAL_GITHUB_SOURCE_SUBSET,PROGRAMMATIC_HEADINGS_STATE_GATE_SCAN_ONLY,True,True
github_historical_snapshots/c8bd214a61088b684cad1d08873f05227cf5bfb0/docs/codex_handoff/pr_backlog.yaml,389401,68329,PINNED_HISTORICAL_GITHUB_SOURCE_SUBSET,PATH_SIZE_ROLE_INVENTORY_ONLY,True,True
github_historical_snapshots/c8bd214a61088b684cad1d08873f05227cf5bfb0/docs/research_program/optical_mapping_r10_20260919/LOCAL_CODEX_HANDOFF.md,10423,5549,PINNED_HISTORICAL_GITHUB_SOURCE_SUBSET,PROGRAMMATIC_HEADINGS_STATE_GATE_SCAN_ONLY,True,True
github_historical_snapshots/c8bd214a61088b684cad1d08873f05227cf5bfb0/docs/research_program/optical_mapping_r10_20260919/MANIFEST.sha256,1966,1169,PINNED_HISTORICAL_GITHUB_SOURCE_SUBSET,PATH_SIZE_ROLE_INVENTORY_ONLY,True,True
github_historical_snapshots/c8bd214a61088b684cad1d08873f05227cf5bfb0/docs/research_program/optical_mapping_r10_20260919/PLAN_KO.md,14628,7297,PINNED_HISTORICAL_GITHUB_SOURCE_SUBSET,PROGRAMMATIC_HEADINGS_STATE_GATE_SCAN_ONLY,True,True
github_historical_snapshots/c8bd214a61088b684cad1d08873f05227cf5bfb0/docs/research_program/optical_mapping_r10_20260919/PLAN_REVIEW.md,5417,2618,PINNED_HISTORICAL_GITHUB_SOURCE_SUBSET,PROGRAMMATIC_HEADINGS_STATE_GATE_SCAN_ONLY,True,True
github_historical_snapshots/c8bd214a61088b684cad1d08873f05227cf5bfb0/docs/research_program/optical_mapping_r10_20260919/PLAN_VALIDATION.json,4023,1384,PINNED_HISTORICAL_GITHUB_SOURCE_SUBSET,PROGRAMMATIC_HEADINGS_STATE_GATE_SCAN_ONLY,True,True
github_historical_snapshots/c8bd214a61088b684cad1d08873f05227cf5bfb0/docs/research_program/optical_mapping_r10_20260919/README.md,3884,2094,PINNED_HISTORICAL_GITHUB_SOURCE_SUBSET,PROGRAMMATIC_HEADINGS_STATE_GATE_SCAN_ONLY,True,True
github_historical_snapshots/c8bd214a61088b684cad1d08873f05227cf5bfb0/docs/research_program/optical_mapping_r10_20260919/SCIENTIFIC_CONTRACT.md,14858,6907,PINNED_HISTORICAL_GITHUB_SOURCE_SUBSET,PROGRAMMATIC_HEADINGS_STATE_GATE_SCAN_ONLY,True,True
github_historical_snapshots/c8bd214a61088b684cad1d08873f05227cf5bfb0/docs/research_program/optical_mapping_r10_20260919/SOURCE_PROVENANCE.json,8196,2709,PINNED_HISTORICAL_GITHUB_SOURCE_SUBSET,PROGRAMMATIC_HEADINGS_STATE_GATE_SCAN_ONLY,True,True
github_historical_snapshots/c8bd214a61088b684cad1d08873f05227cf5bfb0/docs/research_program/optical_mapping_r10_20260919/campaign_dag.json,32314,7171,PINNED_HISTORICAL_GITHUB_SOURCE_SUBSET,PROGRAMMATIC_HEADINGS_STATE_GATE_SCAN_ONLY,True,True
github_historical_snapshots/c8bd214a61088b684cad1d08873f05227cf5bfb0/docs/research_program/optical_mapping_r10_20260919/source_addition/00_EXECUTIVE_RESULT.md,3106,1668,PINNED_HISTORICAL_GITHUB_SOURCE_SUBSET,PROGRAMMATIC_HEADINGS_STATE_GATE_SCAN_ONLY,True,True
github_historical_snapshots/c8bd214a61088b684cad1d08873f05227cf5bfb0/docs/research_program/optical_mapping_r10_20260919/source_addition/01_OPTICAL_VARIABLE_REDEFINITION.md,1628,911,PINNED_HISTORICAL_GITHUB_SOURCE_SUBSET,PROGRAMMATIC_HEADINGS_STATE_GATE_SCAN_ONLY,True,True
github_historical_snapshots/c8bd214a61088b684cad1d08873f05227cf5bfb0/docs/research_program/optical_mapping_r10_20260919/source_addition/02_FIRST_JET_TO_RAY_GENERATOR.md,1051,569,PINNED_HISTORICAL_GITHUB_SOURCE_SUBSET,PROGRAMMATIC_HEADINGS_STATE_GATE_SCAN_ONLY,True,True
github_historical_snapshots/c8bd214a61088b684cad1d08873f05227cf5bfb0/docs/research_program/optical_mapping_r10_20260919/source_addition/03_SACHS_JACOBI_OBSERVABLE_MAP.md,1019,586,PINNED_HISTORICAL_GITHUB_SOURCE_SUBSET,PROGRAMMATIC_HEADINGS_STATE_GATE_SCAN_ONLY,True,True
github_historical_snapshots/c8bd214a61088b684cad1d08873f05227cf5bfb0/docs/research_program/optical_mapping_r10_20260919/source_addition/04_CMB_MAPPING_CONSTRUCTION.md,1742,955,PINNED_HISTORICAL_GITHUB_SOURCE_SUBSET,PROGRAMMATIC_HEADINGS_STATE_GATE_SCAN_ONLY,True,True
github_historical_snapshots/c8bd214a61088b684cad1d08873f05227cf5bfb0/docs/research_program/optical_mapping_r10_20260919/source_addition/05_T9_SIGN_SEAL.md,1521,864,PINNED_HISTORICAL_GITHUB_SOURCE_SUBSET,PROGRAMMATIC_HEADINGS_STATE_GATE_SCAN_ONLY,True,True
github_historical_snapshots/c8bd214a61088b684cad1d08873f05227cf5bfb0/docs/research_program/optical_mapping_r10_20260919/source_addition/06_LITERATURE_HOSTILE_AUDIT.md,1396,778,PINNED_HISTORICAL_GITHUB_SOURCE_SUBSET,PROGRAMMATIC_HEADINGS_STATE_GATE_SCAN_ONLY,True,True
github_historical_snapshots/c8bd214a61088b684cad1d08873f05227cf5bfb0/docs/research_program/optical_mapping_r10_20260919/source_addition/07_PAPER_A_REVISED_SPINE.md,1139,689,PINNED_HISTORICAL_GITHUB_SOURCE_SUBSET,PROGRAMMATIC_HEADINGS_STATE_GATE_SCAN_ONLY,True,True
github_historical_snapshots/c8bd214a61088b684cad1d08873f05227cf5bfb0/docs/research_program/optical_mapping_r10_20260919/source_addition/08_REPO_IMPACT_NO_MUTATION.md,772,472,PINNED_HISTORICAL_GITHUB_SOURCE_SUBSET,PROGRAMMATIC_HEADINGS_STATE_GATE_SCAN_ONLY,True,True
github_historical_snapshots/c8bd214a61088b684cad1d08873f05227cf5bfb0/docs/research_program/optical_mapping_r10_20260919/source_addition/MANIFEST.json,1415,723,PINNED_HISTORICAL_GITHUB_SOURCE_SUBSET,PROGRAMMATIC_HEADINGS_STATE_GATE_SCAN_ONLY,True,True
github_historical_snapshots/c8bd214a61088b684cad1d08873f05227cf5bfb0/docs/research_program/optical_mapping_r10_20260919/source_addition/OPTICAL_MAPPING_REGISTRY.json,867,447,PINNED_HISTORICAL_GITHUB_SOURCE_SUBSET,PROGRAMMATIC_HEADINGS_STATE_GATE_SCAN_ONLY,True,True
github_historical_snapshots/c8bd214a61088b684cad1d08873f05227cf5bfb0/docs/research_program/optical_mapping_r10_20260919/validate_plan.py,7604,2785,PINNED_HISTORICAL_GITHUB_SOURCE_SUBSET,PATH_SIZE_ROLE_INVENTORY_ONLY,True,True
github_historical_snapshots/c8bd214a61088b684cad1d08873f05227cf5bfb0/machine_readable/pr_backlog.yaml,389401,68329,PINNED_HISTORICAL_GITHUB_SOURCE_SUBSET,PATH_SIZE_ROLE_INVENTORY_ONLY,True,True
readable_research/MES_FRESH_OPTICAL_TENSOR_R1/DERIVATIONS.md,15970,7296,MES_R1_RESEARCH,PROGRAMMATIC_HEADINGS_STATE_GATE_SCAN_ONLY,True,True
readable_research/MES_FRESH_OPTICAL_TENSOR_R1/MANIFEST_SHA256.json,3579,1905,MES_R1_RESEARCH,PROGRAMMATIC_HEADINGS_STATE_GATE_SCAN_ONLY,True,True
readable_research/MES_FRESH_OPTICAL_TENSOR_R1/MES_FRESH_RESEARCH_R1_KO.md,23391,10300,MES_R1_RESEARCH,PROGRAMMATIC_HEADINGS_STATE_GATE_SCAN_ONLY,True,True
readable_research/MES_FRESH_OPTICAL_TENSOR_R1/NEXT_THEORY_PROMPT.md,2800,1636,MES_R1_RESEARCH,FULL_PROSE_READ,True,True
readable_research/MES_FRESH_OPTICAL_TENSOR_R1/README.md,2653,1397,MES_R1_RESEARCH,PROGRAMMATIC_HEADINGS_STATE_GATE_SCAN_ONLY,True,True
readable_research/MES_FRESH_OPTICAL_TENSOR_R1/RESEARCH_DAG.json,2688,1086,MES_R1_RESEARCH,PROGRAMMATIC_HEADINGS_STATE_GATE_SCAN_ONLY,True,True
readable_research/MES_FRESH_OPTICAL_TENSOR_R1/SOURCE_IDENTITY.json,3386,1605,MES_R1_RESEARCH,PROGRAMMATIC_HEADINGS_STATE_GATE_SCAN_ONLY,True,True
readable_research/MES_FRESH_OPTICAL_TENSOR_R1/TENSOR_RESIDUAL_THEOREM.md,5493,2666,MES_R1_RESEARCH,PROGRAMMATIC_HEADINGS_STATE_GATE_SCAN_ONLY,True,True
readable_research/MES_FRESH_OPTICAL_TENSOR_R1/agent_mes_sources.md,11396,5531,MES_R1_RESEARCH,PROGRAMMATIC_HEADINGS_STATE_GATE_SCAN_ONLY,True,True
readable_research/MES_FRESH_OPTICAL_TENSOR_R1/agent_optics.md,21442,8857,MES_R1_RESEARCH,PROGRAMMATIC_HEADINGS_STATE_GATE_SCAN_ONLY,True,True
readable_research/MES_FRESH_OPTICAL_TENSOR_R1/agent_optics_operator_addendum.md,10287,4554,MES_R1_RESEARCH,PROGRAMMATIC_HEADINGS_STATE_GATE_SCAN_ONLY,True,True
readable_research/MES_FRESH_OPTICAL_TENSOR_R1/checks.py,3634,1635,MES_R1_RESEARCH,PATH_SIZE_ROLE_INVENTORY_ONLY,True,True
readable_research/MES_FRESH_OPTICAL_TENSOR_R1/decision.json,14020,5245,MES_R1_RESEARCH,SUBSTANTIVE_STRUCTURED_READ,True,True
readable_research/MES_FRESH_OPTICAL_TENSOR_R1/decision_review.md,14578,6835,MES_R1_RESEARCH,PROGRAMMATIC_HEADINGS_STATE_GATE_SCAN_ONLY,True,True
readable_research/MES_FRESH_OPTICAL_TENSOR_R1/evidence/MES_order_clarification.patch,2055,1065,MES_R1_RESEARCH,PATH_SIZE_ROLE_INVENTORY_ONLY,True,True
readable_research/MES_FRESH_OPTICAL_TENSOR_R1/evidence/candidate_v1.md,14458,6661,MES_R1_RESEARCH,PROGRAMMATIC_HEADINGS_STATE_GATE_SCAN_ONLY,True,True
readable_research/MES_FRESH_OPTICAL_TENSOR_R1/evidence/candidate_v1_identity.json,188,155,MES_R1_RESEARCH,PROGRAMMATIC_HEADINGS_STATE_GATE_SCAN_ONLY,True,True
readable_research/MES_FRESH_OPTICAL_TENSOR_R1/evidence/candidate_v2_identity.json,207,166,MES_R1_RESEARCH,PROGRAMMATIC_HEADINGS_STATE_GATE_SCAN_ONLY,True,True
readable_research/MES_FRESH_OPTICAL_TENSOR_R1/evidence/decision_gate_initial.json,7543,3277,MES_R1_RESEARCH,PROGRAMMATIC_HEADINGS_STATE_GATE_SCAN_ONLY,True,True
readable_research/MES_FRESH_OPTICAL_TENSOR_R1/evidence/decision_review_initial.md,9606,4751,MES_R1_RESEARCH,PROGRAMMATIC_HEADINGS_STATE_GATE_SCAN_ONLY,True,True
readable_research/MES_FRESH_OPTICAL_TENSOR_R1/evidence/finite_checks.json,1684,669,MES_R1_RESEARCH,PROGRAMMATIC_HEADINGS_STATE_GATE_SCAN_ONLY,True,True
readable_research/MES_FRESH_OPTICAL_TENSOR_R1/evidence/formalism_excerpt.json,16450,6497,MES_R1_RESEARCH,PROGRAMMATIC_HEADINGS_STATE_GATE_SCAN_ONLY,True,True
readable_research/MES_FRESH_OPTICAL_TENSOR_R1/evidence/harness.json,360,218,MES_R1_RESEARCH,PROGRAMMATIC_HEADINGS_STATE_GATE_SCAN_ONLY,True,True
readable_research/MES_FRESH_OPTICAL_TENSOR_R1/evidence/reviewer_checks.json,503,320,MES_R1_RESEARCH,PROGRAMMATIC_HEADINGS_STATE_GATE_SCAN_ONLY,True,True
readable_research/MES_FRESH_OPTICAL_TENSOR_R1/evidence/reviewer_tensor_checks.json,2011,438,MES_R1_RESEARCH,PROGRAMMATIC_HEADINGS_STATE_GATE_SCAN_ONLY,True,True
readable_research/MES_FRESH_OPTICAL_TENSOR_R1/evidence/reviewer_tensor_checks.py,3418,1438,MES_R1_RESEARCH,PATH_SIZE_ROLE_INVENTORY_ONLY,True,True
readable_research/MES_FRESH_OPTICAL_TENSOR_R1/evidence/scispace.json,43007,5572,MES_R1_RESEARCH,PROGRAMMATIC_HEADINGS_STATE_GATE_SCAN_ONLY,True,True
readable_research/MES_FRESH_OPTICAL_TENSOR_R1/evidence/tensor_residual_candidate_v1.md,5085,2495,MES_R1_RESEARCH,PROGRAMMATIC_HEADINGS_STATE_GATE_SCAN_ONLY,True,True
readable_research/MES_FRESH_OPTICAL_TENSOR_R1/evidence/wl_checks_1.json,1375,723,MES_R1_RESEARCH,PROGRAMMATIC_HEADINGS_STATE_GATE_SCAN_ONLY,True,True
readable_research/MES_FRESH_OPTICAL_TENSOR_R1/evidence/wl_checks_2.json,891,481,MES_R1_RESEARCH,PROGRAMMATIC_HEADINGS_STATE_GATE_SCAN_ONLY,True,True
readable_research/MES_FRESH_OPTICAL_TENSOR_R1/evidence/wl_checks_3.json,1504,689,MES_R1_RESEARCH,PROGRAMMATIC_HEADINGS_STATE_GATE_SCAN_ONLY,True,True
readable_research/MES_FRESH_OPTICAL_TENSOR_R1/state/CLOSEOUT.md,1308,751,MES_R1_RESEARCH,PROGRAMMATIC_HEADINGS_STATE_GATE_SCAN_ONLY,True,True
readable_research/MES_FRESH_OPTICAL_TENSOR_R1/state/EVIDENCE_LEDGER.md,1541,837,MES_R1_RESEARCH,PROGRAMMATIC_HEADINGS_STATE_GATE_SCAN_ONLY,True,True
readable_research/MES_FRESH_OPTICAL_TENSOR_R1/state/NEGATIVE_RESULTS.md,1444,840,MES_R1_RESEARCH,PROGRAMMATIC_HEADINGS_STATE_GATE_SCAN_ONLY,True,True
readable_research/MES_FRESH_OPTICAL_TENSOR_R1/state/RESEARCH_STATE.json,2087,1093,MES_R1_RESEARCH,PROGRAMMATIC_HEADINGS_STATE_GATE_SCAN_ONLY,True,True
readable_research/MES_GENERALIZED_TENSOR_R2/INDEPENDENT_DECISION.json,7821,3540,MES_R2_RESEARCH,PROGRAMMATIC_HEADINGS_STATE_GATE_SCAN_ONLY,True,True
readable_research/MES_GENERALIZED_TENSOR_R2/INDEPENDENT_DECISION.md,5309,2570,MES_R2_RESEARCH,PROGRAMMATIC_HEADINGS_STATE_GATE_SCAN_ONLY,True,True
readable_research/MES_GENERALIZED_TENSOR_R2/INDEPENDENT_DECISION_V1_HOLD.json,2864,1405,MES_R2_RESEARCH,PROGRAMMATIC_HEADINGS_STATE_GATE_SCAN_ONLY,True,True
readable_research/MES_GENERALIZED_TENSOR_R2/INDEPENDENT_DECISION_V1_HOLD.md,1727,955,MES_R2_RESEARCH,PROGRAMMATIC_HEADINGS_STATE_GATE_SCAN_ONLY,True,True
readable_research/MES_GENERALIZED_TENSOR_R2/MANIFEST_SHA256.json,7335,2891,MES_R2_RESEARCH,PROGRAMMATIC_HEADINGS_STATE_GATE_SCAN_ONLY,True,True
readable_research/MES_GENERALIZED_TENSOR_R2/MES_GENERALIZED_TENSOR_R2_KO.md,29396,12632,MES_R2_RESEARCH,SUBSTANTIVE_PROSE_READ,True,True
readable_research/MES_GENERALIZED_TENSOR_R2/NEXT_RESEARCH_PROMPT_KO.md,3754,2163,MES_R2_RESEARCH,FULL_PROSE_READ,True,True
readable_research/MES_GENERALIZED_TENSOR_R2/README.md,2832,1528,MES_R2_RESEARCH,PROGRAMMATIC_HEADINGS_STATE_GATE_SCAN_ONLY,True,True
readable_research/MES_GENERALIZED_TENSOR_R2/RESEARCH_DAG.json,3161,943,MES_R2_RESEARCH,PROGRAMMATIC_HEADINGS_STATE_GATE_SCAN_ONLY,True,True
readable_research/MES_GENERALIZED_TENSOR_R2/SOURCE_PROVENANCE.json,1182,644,MES_R2_RESEARCH,PROGRAMMATIC_HEADINGS_STATE_GATE_SCAN_ONLY,True,True
readable_research/MES_GENERALIZED_TENSOR_R2/agent_kinematics.md,20079,8433,MES_R2_RESEARCH,PROGRAMMATIC_HEADINGS_STATE_GATE_SCAN_ONLY,True,True
readable_research/MES_GENERALIZED_TENSOR_R2/agent_kinematics_checks.json,894,483,MES_R2_RESEARCH,PROGRAMMATIC_HEADINGS_STATE_GATE_SCAN_ONLY,True,True
readable_research/MES_GENERALIZED_TENSOR_R2/agent_kinematics_checks.py,3509,1706,MES_R2_RESEARCH,PATH_SIZE_ROLE_INVENTORY_ONLY,True,True
readable_research/MES_GENERALIZED_TENSOR_R2/agent_statistics.md,20171,8632,MES_R2_RESEARCH,PROGRAMMATIC_HEADINGS_STATE_GATE_SCAN_ONLY,True,True
readable_research/MES_GENERALIZED_TENSOR_R2/check_joint_operator.py,5509,2581,MES_R2_RESEARCH,PATH_SIZE_ROLE_INVENTORY_ONLY,True,True
readable_research/MES_GENERALIZED_TENSOR_R2/check_joint_operator_fraction.py,10755,4092,MES_R2_RESEARCH,PATH_SIZE_ROLE_INVENTORY_ONLY,True,True
readable_research/MES_GENERALIZED_TENSOR_R2/evidence/CANDIDATE_V1_IDENTITY.json,1232,592,MES_R2_RESEARCH,PROGRAMMATIC_HEADINGS_STATE_GATE_SCAN_ONLY,True,True
readable_research/MES_GENERALIZED_TENSOR_R2/evidence/CANDIDATE_V1_REPORT.md,29148,12537,MES_R2_RESEARCH,PROGRAMMATIC_HEADINGS_STATE_GATE_SCAN_ONLY,True,True
readable_research/MES_GENERALIZED_TENSOR_R2/evidence/CANDIDATE_V1_STATISTICS.md,20097,8611,MES_R2_RESEARCH,PROGRAMMATIC_HEADINGS_STATE_GATE_SCAN_ONLY,True,True
readable_research/MES_GENERALIZED_TENSOR_R2/evidence/CANDIDATE_V2_IDENTITY.json,1232,592,MES_R2_RESEARCH,PROGRAMMATIC_HEADINGS_STATE_GATE_SCAN_ONLY,True,True
readable_research/MES_GENERALIZED_TENSOR_R2/evidence/CANDIDATE_V3_IDENTITY.json,1232,595,MES_R2_RESEARCH,PROGRAMMATIC_HEADINGS_STATE_GATE_SCAN_ONLY,True,True
readable_research/MES_GENERALIZED_TENSOR_R2/evidence/FRACTION_EXECUTION_RECEIPT.json,919,557,MES_R2_RESEARCH,PROGRAMMATIC_HEADINGS_STATE_GATE_SCAN_ONLY,True,True
readable_research/MES_GENERALIZED_TENSOR_R2/evidence/INDEPENDENT_TARGETED_CHECKS.json,2441,885,MES_R2_RESEARCH,PROGRAMMATIC_HEADINGS_STATE_GATE_SCAN_ONLY,True,True
readable_research/MES_GENERALIZED_TENSOR_R2/evidence/JOINT_OPERATOR_CHECKS.json,1773,807,MES_R2_RESEARCH,PROGRAMMATIC_HEADINGS_STATE_GATE_SCAN_ONLY,True,True
readable_research/MES_GENERALIZED_TENSOR_R2/evidence/JOINT_RESPONSE_MATRICES.json,11564,992,MES_R2_RESEARCH,PROGRAMMATIC_HEADINGS_STATE_GATE_SCAN_ONLY,True,True
readable_research/MES_GENERALIZED_TENSOR_R2/evidence/OWNER_TOOL_EVIDENCE.json,89182,26839,MES_R2_RESEARCH,PROGRAMMATIC_HEADINGS_STATE_GATE_SCAN_ONLY,True,True
readable_research/MES_GENERALIZED_TENSOR_R2/evidence/PYTHON_PACKAGE_FAILURES.json,484,228,MES_R2_RESEARCH,PROGRAMMATIC_HEADINGS_STATE_GATE_SCAN_ONLY,True,True
readable_research/MES_GENERALIZED_TENSOR_R2/inputs/physmath-research-harness-gpt6-astra-v4.0.0-20260908.zip,70628,70628,MES_R2_RESEARCH,PATH_SIZE_ROLE_INVENTORY_ONLY,True,True
readable_research/MES_GENERALIZED_TENSOR_R2/sources_agent/EXACT_REDUCTION_CHECK.json,303,190,MES_R2_RESEARCH,PROGRAMMATIC_HEADINGS_STATE_GATE_SCAN_ONLY,True,True
readable_research/MES_GENERALIZED_TENSOR_R2/sources_agent/MES_BOUND_SOURCE_REVIEW.md,7585,3738,MES_R2_RESEARCH,PROGRAMMATIC_HEADINGS_STATE_GATE_SCAN_ONLY,True,True
readable_research/MES_GENERALIZED_TENSOR_R2/sources_agent/REPOSITORY_SOURCE_INDEX.json,5753,1266,MES_R2_RESEARCH,PROGRAMMATIC_HEADINGS_STATE_GATE_SCAN_ONLY,True,True
readable_research/MES_GENERALIZED_TENSOR_R2/sources_agent/repo/docs/audits/mes_primary_sources/PROVENANCE_M4.md,4609,2238,MES_R2_RESEARCH,PROGRAMMATIC_HEADINGS_STATE_GATE_SCAN_ONLY,True,True
readable_research/MES_GENERALIZED_TENSOR_R2/sources_agent/repo/docs/audits/mes_primary_sources/PROVENANCE_M4b.md,4818,2402,MES_R2_RESEARCH,PROGRAMMATIC_HEADINGS_STATE_GATE_SCAN_ONLY,True,True
readable_research/MES_GENERALIZED_TENSOR_R2/sources_agent/repo/docs/audits/mes_primary_sources/mesa_astro-ph_9501016_layout.txt,75691,21309,MES_R2_RESEARCH,PROGRAMMATIC_HEADINGS_STATE_GATE_SCAN_ONLY,True,True
readable_research/MES_GENERALIZED_TENSOR_R2/sources_agent/repo/docs/audits/mes_primary_sources/sag1997_astro-ph_9904346_ApJ476_435.tex,29690,10850,MES_R2_RESEARCH,PATH_SIZE_ROLE_INVENTORY_ONLY,True,True
readable_research/MES_GENERALIZED_TENSOR_R2/sources_agent/repo/htt/bass/observational/planck_mes_bounds.py,11687,3916,MES_R2_RESEARCH,PATH_SIZE_ROLE_INVENTORY_ONLY,True,True
readable_research/MES_GENERALIZED_TENSOR_R2/sources_agent/repo/htt/obsstat/egs3_mes_branch_registry.py,12457,3686,MES_R2_RESEARCH,PATH_SIZE_ROLE_INVENTORY_ONLY,True,True
readable_research/MES_GENERALIZED_TENSOR_R2/sources_agent/repo/htt/obsstat/egs3_mes_rederivation.py,17716,5975,MES_R2_RESEARCH,PATH_SIZE_ROLE_INVENTORY_ONLY,True,True
readable_research/MES_GENERALIZED_TENSOR_R2/sources_agent/repo/htt/src/common/mes_theorem_authority.py,10251,3220,MES_R2_RESEARCH,PATH_SIZE_ROLE_INVENTORY_ONLY,True,True
readable_research/MES_GENERALIZED_TENSOR_R2/sources_agent/repo/htt/tsc/admissibility/three_bound_hierarchy.py,15626,4723,MES_R2_RESEARCH,PATH_SIZE_ROLE_INVENTORY_ONLY,True,True
readable_research/MES_GENERALIZED_TENSOR_R2/state/ANOMALY_LEDGER.md,1414,804,MES_R2_RESEARCH,PROGRAMMATIC_HEADINGS_STATE_GATE_SCAN_ONLY,True,True
readable_research/MES_GENERALIZED_TENSOR_R2/state/CLOSEOUT_AND_EVIDENCE.md,1614,892,MES_R2_RESEARCH,PROGRAMMATIC_HEADINGS_STATE_GATE_SCAN_ONLY,True,True
readable_research/MES_GENERALIZED_TENSOR_R2/state/RESEARCH_CONTRACT.md,1712,996,MES_R2_RESEARCH,PROGRAMMATIC_HEADINGS_STATE_GATE_SCAN_ONLY,True,True
readable_research/MES_GENERALIZED_TENSOR_R2/state/RESEARCH_STATE.json,1830,999,MES_R2_RESEARCH,FULL_STRUCTURED_READ,True,True
readable_research/MES_GENERALIZED_TENSOR_R2/statistics_checks.json,1973,633,MES_R2_RESEARCH,PROGRAMMATIC_HEADINGS_STATE_GATE_SCAN_ONLY,True,True
readable_research/MES_GENERALIZED_TENSOR_R2/statistics_checks.py,3252,1289,MES_R2_RESEARCH,PATH_SIZE_ROLE_INVENTORY_ONLY,True,True
readable_research/initial_archive_index/HTT_MES_THREAD_ARCHIVE_20260830/00_READ_FIRST_KO.md,3803,2098,EARLY_ARCHIVE_INDEX,PROGRAMMATIC_HEADINGS_STATE_GATE_SCAN_ONLY,True,True
readable_research/initial_archive_index/HTT_MES_THREAD_ARCHIVE_20260830/00_index/CAPABILITY_DISCOVERY.json,662,358,EARLY_ARCHIVE_INDEX,PROGRAMMATIC_HEADINGS_STATE_GATE_SCAN_ONLY,True,True
readable_research/initial_archive_index/HTT_MES_THREAD_ARCHIVE_20260830/00_index/COVERAGE.json,1192,585,EARLY_ARCHIVE_INDEX,PROGRAMMATIC_HEADINGS_STATE_GATE_SCAN_ONLY,True,True
readable_research/initial_archive_index/HTT_MES_THREAD_ARCHIVE_20260830/00_index/DUPLICATE_CONTENT_GROUPS.json,1067,427,EARLY_ARCHIVE_INDEX,PROGRAMMATIC_HEADINGS_STATE_GATE_SCAN_ONLY,True,True
readable_research/initial_archive_index/HTT_MES_THREAD_ARCHIVE_20260830/00_index/EXPANDED_PACKAGE_MAP.json,285928,40069,EARLY_ARCHIVE_INDEX,PROGRAMMATIC_HEADINGS_STATE_GATE_SCAN_ONLY,True,True
readable_research/initial_archive_index/HTT_MES_THREAD_ARCHIVE_20260830/00_index/FILE_CATALOG.tsv,158375,36421,EARLY_ARCHIVE_INDEX,PATH_SIZE_ROLE_INVENTORY_ONLY,True,True
readable_research/initial_archive_index/HTT_MES_THREAD_ARCHIVE_20260830/00_index/HOST_LOCAL_PATH_REFERENCES.txt,1400,401,EARLY_ARCHIVE_INDEX,PROGRAMMATIC_HEADINGS_STATE_GATE_SCAN_ONLY,True,True
readable_research/initial_archive_index/HTT_MES_THREAD_ARCHIVE_20260830/00_index/INPUT_INVENTORY.json,52323,8055,EARLY_ARCHIVE_INDEX,PROGRAMMATIC_HEADINGS_STATE_GATE_SCAN_ONLY,True,True
readable_research/initial_archive_index/HTT_MES_THREAD_ARCHIVE_20260830/00_index/INPUT_INVENTORY.tsv,21787,6669,EARLY_ARCHIVE_INDEX,PATH_SIZE_ROLE_INVENTORY_ONLY,True,True
readable_research/initial_archive_index/HTT_MES_THREAD_ARCHIVE_20260830/00_index/MISSING_ITEMS.json,3979,1754,EARLY_ARCHIVE_INDEX,PROGRAMMATIC_HEADINGS_STATE_GATE_SCAN_ONLY,True,True
readable_research/initial_archive_index/HTT_MES_THREAD_ARCHIVE_20260830/00_index/MISSING_ITEMS.tsv,2442,1372,EARLY_ARCHIVE_INDEX,PATH_SIZE_ROLE_INVENTORY_ONLY,True,True
readable_research/initial_archive_index/HTT_MES_THREAD_ARCHIVE_20260830/00_index/NESTED_VENDOR_MEMBERS.txt.gz,106521,106521,EARLY_ARCHIVE_INDEX,PATH_SIZE_ROLE_INVENTORY_ONLY,True,True
readable_research/initial_archive_index/HTT_MES_THREAD_ARCHIVE_20260830/00_index/NESTED_VENDOR_SCAN.json,285,191,EARLY_ARCHIVE_INDEX,PROGRAMMATIC_HEADINGS_STATE_GATE_SCAN_ONLY,True,True
readable_research/initial_archive_index/HTT_MES_THREAD_ARCHIVE_20260830/00_index/NESTED_ZIP_MEMBERS.jsonl.gz,214240,214240,EARLY_ARCHIVE_INDEX,PATH_SIZE_ROLE_INVENTORY_ONLY,True,True
readable_research/initial_archive_index/HTT_MES_THREAD_ARCHIVE_20260830/00_index/ORIGINAL_ZIP_CRC_CHECKS.json,2395,517,EARLY_ARCHIVE_INDEX,PROGRAMMATIC_HEADINGS_STATE_GATE_SCAN_ONLY,True,True
readable_research/initial_archive_index/HTT_MES_THREAD_ARCHIVE_20260830/00_index/PACKAGE_INDEX_KO.md,4964,2113,EARLY_ARCHIVE_INDEX,PROGRAMMATIC_HEADINGS_STATE_GATE_SCAN_ONLY,True,True
readable_research/initial_archive_index/HTT_MES_THREAD_ARCHIVE_20260830/00_index/PREPACK_VERIFICATION.json,2942,689,EARLY_ARCHIVE_INDEX,PROGRAMMATIC_HEADINGS_STATE_GATE_SCAN_ONLY,True,True
readable_research/initial_archive_index/HTT_MES_THREAD_ARCHIVE_20260830/00_index/SANDBOX_LINK_RESOLUTION.json,7897,639,EARLY_ARCHIVE_INDEX,PROGRAMMATIC_HEADINGS_STATE_GATE_SCAN_ONLY,True,True
readable_research/initial_archive_index/HTT_MES_THREAD_ARCHIVE_20260830/01_conversation/CHRONOLOGY_AND_RESUME_KO.md,3028,1882,EARLY_ARCHIVE_INDEX,PROGRAMMATIC_HEADINGS_STATE_GATE_SCAN_ONLY,True,True
readable_research/initial_archive_index/HTT_MES_THREAD_ARCHIVE_20260830/01_conversation/FULL_EXPORT_REQUIRED_KO.md,998,642,EARLY_ARCHIVE_INDEX,PROGRAMMATIC_HEADINGS_STATE_GATE_SCAN_ONLY,True,True
readable_research/initial_archive_index/HTT_MES_THREAD_ARCHIVE_20260830/01_conversation/KNOWN_VISIBLE_MESSAGE_RECORD.jsonl,29863,10377,EARLY_ARCHIVE_INDEX,PATH_SIZE_ROLE_INVENTORY_ONLY,True,True
readable_research/initial_archive_index/HTT_MES_THREAD_ARCHIVE_20260830/01_conversation/KNOWN_VISIBLE_MESSAGE_RECORD.md,27833,10437,EARLY_ARCHIVE_INDEX,PROGRAMMATIC_HEADINGS_STATE_GATE_SCAN_ONLY,True,True
readable_research/initial_archive_index/HTT_MES_THREAD_ARCHIVE_20260830/01_conversation/TRANSCRIPT_COVERAGE.json,797,437,EARLY_ARCHIVE_INDEX,PROGRAMMATIC_HEADINGS_STATE_GATE_SCAN_ONLY,True,True
index/CONVERSATION_CONTEXT_AND_RESEARCH_SEQUENCE_KO.md,7382,3899,BACKUP_INDEX_PROVENANCE,FULL_PROSE_READ,True,True
index/COVERAGE_AND_GAPS.json,2322,1126,BACKUP_INDEX_PROVENANCE,FULL_STRUCTURED_READ,True,True
index/FILE_INVENTORY.csv,66545,18209,BACKUP_INDEX_PROVENANCE,PATH_SIZE_ROLE_INVENTORY_ONLY,True,True
index/FILE_INVENTORY.json,120240,21458,BACKUP_INDEX_PROVENANCE,PATH_SIZE_ROLE_INVENTORY_ONLY,True,True
index/INITIAL_ARCHIVE_RECOVERY.json,755,457,BACKUP_INDEX_PROVENANCE,PATH_SIZE_ROLE_INVENTORY_ONLY,True,True
index/ORIGINAL_ZIP_INTEGRITY.json,5461,1178,BACKUP_INDEX_PROVENANCE,PATH_SIZE_ROLE_INVENTORY_ONLY,True,True
index/ORIGINAL_ZIP_MEMBER_INDEX.jsonl.gz,228252,228252,BACKUP_INDEX_PROVENANCE,PATH_SIZE_ROLE_INVENTORY_ONLY,True,True
index/R1_R2_RESTORATION_CHECKS.json,335,160,BACKUP_INDEX_PROVENANCE,PATH_SIZE_ROLE_INVENTORY_ONLY,True,True
index/README_KO.md,3880,2128,BACKUP_INDEX_PROVENANCE,PATH_SIZE_ROLE_INVENTORY_ONLY,True,True
MANIFEST.sha256,61714,16066,OUTER_MANIFEST,PATH_SIZE_ROLE_INVENTORY_ONLY,True,False
